Workbook

Sheet Base
A1: Tipo de hora | B1: Cliente | C1: Campanha | D1: Funcionário | E1: Produto | F1: Jan/2019 | G1: Fev/2019 | H1: Mar/2019 | I1: Abr/2019 | J1: Mai/2019 | K1: Jun/2019 | L1: Jul/2019 | M1: Ago/2019 | N1: Set/2019 | O1: Out/2019 | P1: Nov/2019 | Q1: Dez/2019 | R1: Total 2019 | S1: Total | T1: Q1 | U1: Q2 | V1: Q3 | W1: Q4
A2: CLIENTE | B2: BOTICÁRIO | C2: Análise de Comunicação | D2: FLAVIA CASSIAS PEREIRA | E2: INSTITUCIONAL | F2: 0 | G2: 0 | H2: 0 | I2: 406.4514 | J2: 0 | K2: 0 | L2: 139.70673 | M2: 967.15613 | N2: 0 | O2: 0 | P2: 0 | Q2: 0 | R2: 0 | S2: 1513.3143 | T2: =SUM(BaseHoras[[#This Row],[Jan/2019]:[Mar/2019]]) -> 0 | U2: =SUM(BaseHoras[[#This Row],[Abr/2019]:[Jun/2019]]) -> 406.4514 | V2: =SUM(BaseHoras[[#This Row],[Jul/2019]:[Set/2019]]) -> 1106.8629 | W2: =SUM(BaseHoras[[#This Row],[Out/2019]:[Dez/2019]]) -> 0
A3: CLIENTE | B3: BOTICÁRIO | C3: Análise de Comunicação | D3: RAFAEL DE ANDRADE | E3: INSTITUCIONAL | F3: 0 | G3: 0 | H3: 0 | I3: 0 | J3: 0 | K3: 0 | L3: 36.166442 | M3: 0 | N3: 0 | O3: 0 | P3: 0 | Q3: 0 | R3: 0 | S3: 36.166442 | T3: =SUM(BaseHoras[[#This Row],[Jan/2019]:[Mar/2019]]) -> 0 | U3: =SUM(BaseHoras[[#This Row],[Abr/2019]:[Jun/2019]]) -> 0 | V3: =SUM(BaseHoras[[#This Row],[Jul/2019]:[Set/2019]]) -> 36.166442 | W3: =SUM(BaseHoras[[#This Row],[Out/2019]:[Dez/2019]]) -> 0
A4: CLIENTE | B4: BOTICÁRIO | C4: Arbo 2019 | D4: DANIELA MONTEIRO TEIXEIRA | E4: INSTITUCIONAL | F4: 0 | G4: 459.97973 | H4: 0 | I4: 0 | J4: 0 | K4: 0 | L4: 0 | M4: 0 | N4: 0 | O4: 0 | P4: 0 | Q4: 0 | R4: 0 | S4: 459.97973 | T4: =SUM(BaseHoras[[#This Row],[Jan/2019]:[Mar/2019]]) -> 459.97973 | U4: =SUM(BaseHoras[[#This Row],[Abr/2019]:[Jun/2019]]) -> 0 | V4: =SUM(BaseHoras[[#This Row],[Jul/2019]:[Set/2019]]) -> 0 | W4: =SUM(BaseHoras[[#This Row],[Out/2019]:[Dez/2019]]) -> 0
A5: CLIENTE | B5: BOTICÁRIO | C5: Arbo 2019 | D5: DANUBIA MIDORI BERTO FUJITA | E5: INSTITUCIONAL | F5: 829.62236 | G5: 0 | H5: 0 | I5: 0 | J5: 0 | K5: 0 | L5: 0 | M5: 0 | N5: 0 | O5: 0 | P5: 0 | Q5: 0 | R5: 0 | S5: 829.62236 | T5: =SUM(BaseHoras[[#This Row],[Jan/2019]:[Mar/2019]]) -> 829.62236 | U5: =SUM(BaseHoras[[#This Row],[Abr/2019]:[Jun/2019]]) -> 0 | V5: =SUM(BaseHoras[[#This Row],[Jul/2019]:[Set/2019]]) -> 0 | W5: =SUM(BaseHoras[[#This Row],[Out/2019]:[Dez/2019]]) -> 0
A6: CLIENTE | B6: BOTICÁRIO | C6: Arbo 2019 | D6: FLAVIA CASSIAS PEREIRA | E6: INSTITUCIONAL | F6: 0 | G6: 0 | H6: 0 | I6: 0 | J6: 0 | K6: 0 | L6: 0 | M6: 0 | N6: 0 | O6: 0 | P6: 224.24195 | Q6: 0 | R6: 0 | S6: 224.24195 | T6: =SUM(BaseHoras[[#This Row],[Jan/2019]:[Mar/2019]]) -> 0 | U6: =SUM(BaseHoras[[#This Row],[Abr/2019]:[Jun/2019]]) -> 0 | V6: =SUM(BaseHoras[[#This Row],[Jul/2019]:[Set/2019]]) -> 0 | W6: =SUM(BaseHoras[[#This Row],[Out/2019]:[Dez/2019]]) -> 224.24195
A7: CLIENTE | B7: BOTICÁRIO | C7: Arbo 2019 | D7: KATIA FONTANA | E7: INSTITUCIONAL | F7: 0 | G7: 0 | H7: 0 | I7: 0 | J7: 0 | K7: 0 | L7: 0 | M7: 0 | N7: 0 | O7: 89.179959 | P7: 0 | Q7: 0 | R7: 0 | S7: 89.179959 | T7: =SUM(BaseHoras[[#This Row],[Jan/2019]:[Mar/2019]]) -> 0 | U7: =SUM(BaseHoras[[#This Row],[Abr/2019]:[Jun/2019]]) -> 0 | V7: =SUM(BaseHoras[[#This Row],[Jul/2019]:[Set/2019]]) -> 0 | W7: =SUM(BaseHoras[[#This Row],[Out/2019]:[Dez/2019]]) -> 89.179959
A8: CLIENTE | B8: BOTICÁRIO | C8: Arbo 2019 | D8: LUCAS CABRINI | E8: INSTITUCIONAL | F8: 5.1362728 | G8: 0 | H8: 0 | I8: 0 | J8: 0 | K8: 0 | L8: 0 | M8: 0 | N8: 0 | O8: 0 | P8: 0 | Q8: 0 | R8: 0 | S8: 5.1362728 | T8: =SUM(BaseHoras[[#This Row],[Jan/2019]:[Mar/2019]]) -> 5.1362728 | U8: =SUM(BaseHoras[[#This Row],[Abr/2019]:[Jun/2019]]) -> 0 | V8: =SUM(BaseHoras[[#This Row],[Jul/2019]:[Set/2019]]) -> 0 | W8: =SUM(BaseHoras[[#This Row],[Out/2019]:[Dez/2019]]) -> 0
A9: CLIENTE | B9: BOTICÁRIO | C9: Arbo 2019 | D9: MARCOS PAULO SANTOS FALCAO | E9: INSTITUCIONAL | F9: 96.940704 | G9: 8.1240933 | H9: 0 | I9: 0 | J9: 0 | K9: 0 | L9: 0 | M9: 0 | N9: 0 | O9: 0 | P9: 0 | Q9: 0 | R9: 0 | S9: 105.0648 | T9: =SUM(BaseHoras[[#This Row],[Jan/2019]:[Mar/2019]]) -> 105.0648 | U9: =SUM(BaseHoras[[#This Row],[Abr/2019]:[Jun/2019]]) -> 0 | V9: =SUM(BaseHoras[[#This Row],[Jul/2019]:[Set/2019]]) -> 0 | W9: =SUM(BaseHoras[[#This Row],[Out/2019]:[Dez/2019]]) -> 0
A10: CLIENTE | B10: BOTICÁRIO | C10: Arbo 2019 | D10: RAFAEL DE ANDRADE | E10: INSTITUCIONAL | F10: 0 | G10: 0 | H10: 0 | I10: 0 | J10: 0 | K10: 0 | L10: 0 | M10: 0 | N10: 0 | O10: 1703.7299 | P10: 15.148307 | Q10: 0 | R10: 0 | S10: 1718.8782 | T10: =SUM(BaseHoras[[#This Row],[Jan/2019]:[Mar/2019]]) -> 0 | U10: =SUM(BaseHoras[[#This Row],[Abr/2019]:[Jun/2019]]) -> 0 | V10: =SUM(BaseHoras[[#This Row],[Jul/2019]:[Set/2019]]) -> 0 | W10: =SUM(BaseHoras[[#This Row],[Out/2019]:[Dez/2019]]) -> 1718.8782
A11: CLIENTE | B11: BOTICÁRIO | C11: Arbo 2019 | D11: RODRIGO DE MEDEIROS FALCAO | E11: INSTITUCIONAL | F11: 100.65043 | G11: 6.8154527 | H11: 0 | I11: 0 | J11: 0 | K11: 0 | L11: 0 | M11: 0 | N11: 0 | O11: 0 | P11: 0 | Q11: 0 | R11: 0 | S11: 107.46588 | T11: =SUM(BaseHoras[[#This Row],[Jan/2019]:[Mar/2019]]) -> 107.46588 | U11: =SUM(BaseHoras[[#This Row],[Abr/2019]:[Jun/2019]]) -> 0 | V11: =SUM(BaseHoras[[#This Row],[Jul/2019]:[Set/2019]]) -> 0 | W11: =SUM(BaseHoras[[#This Row],[Out/2019]:[Dez/2019]]) -> 0
A12: CLIENTE | B12: BOTICÁRIO | C12: Arbo 2020 | D12: CAROLINE DIAS CRAVEIRO FADEL | E12: ARBO | F12: 0 | G12: 0 | H12: 0 | I12: 0 | J12: 0 | K12: 0 | L12: 0 | M12: 0 | N12: 0 | O12: 0 | P12: 30.39964 | Q12: 0 | R12: 0 | S12: 30.39964 | T12: =SUM(BaseHoras[[#This Row],[Jan/2019]:[Mar/2019]]) -> 0 | U12: =SUM(BaseHoras[[#This Row],[Abr/2019]:[Jun/2019]]) -> 0 | V12: =SUM(BaseHoras[[#This Row],[Jul/2019]:[Set/2019]]) -> 0 | W12: =SUM(BaseHoras[[#This Row],[Out/2019]:[Dez/2019]]) -> 30.39964
A13: CLIENTE | B13: BOTICÁRIO | C13: Arbo 2020 | D13: DANIELA MONTEIRO TEIXEIRA | E13: ARBO | F13: 0 | G13: 0 | H13: 0 | I13: 0 | J13: 0 | K13: 0 | L13: 0 | M13: 0 | N13: 0 | O13: 0 | P13: 0 | Q13: 38.341262 | R13: 0 | S13: 38.341262 | T13: =SUM(BaseHoras[[#This Row],[Jan/2019]:[Mar/2019]]) -> 0 | U13: =SUM(BaseHoras[[#This Row],[Abr/2019]:[Jun/2019]]) -> 0 | V13: =SUM(BaseHoras[[#This Row],[Jul/2019]:[Set/2019]]) -> 0 | W13: =SUM(BaseHoras[[#This Row],[Out/2019]:[Dez/2019]]) -> 38.341262
... A35: CLIENTE | B35: BOTICÁRIO | C35: BOTICA 214 2019 | D35: CARLOS YANKE | E35: ANFORAS COLECIONAVEIS | F35: 51.847692 | G35: 233.59802 | H35: 0 | I35: 0 | J35: 0 | K35: 0 | L35: 0 | M35: 0 | N35: 0 | O35: 0 | P35: 0 | Q35: 0 | R35: 0 | S35: 285.44571 | T35: =SUM(BaseHoras[[#This Row],[Jan/2019]:[Mar/2019]]) -> 285.44571 | U35: =SUM(BaseHoras[[#This Row],[Abr/2019]:[Jun/2019]]) -> 0 | V35: =SUM(BaseHoras[[#This Row],[Jul/2019]:[Set/2019]]) -> 0 | W35: =SUM(BaseHoras[[#This Row],[Out/2019]:[Dez/2019]]) -> 0
A36: CLIENTE | B36: BOTICÁRIO | C36: BOTICA 214 2019 | D36: ELIANA APARECIDA PAVAN | E36: ANFORAS COLECIONAVEIS | F36: 0 | G36: 0 | H36: 0 | I36: 0 | J36: 0 | K36: 0 | L36: 0 | M36: 0 | N36: 0 | O36: 0 | P36: .5 | Q36: 0 | R36: 0 | S36: 0 | T36: =SUM(BaseHoras[[#This Row],[Jan/2019]:[Mar/2019]]) -> 0 | U36: =SUM(BaseHoras[[#This Row],[Abr/2019]:[Jun/2019]]) -> 0 | V36: =SUM(BaseHoras[[#This Row],[Jul/2019]:[Set/2019]]) -> 0 | W36: =SUM(BaseHoras[[#This Row],[Out/2019]:[Dez/2019]]) -> 0
A37: CLIENTE | B37: BOTICÁRIO | C37: BOTICA 214 2019 | D37: HUGO LUQUETTI PONTES | E37: ANFORAS COLECIONAVEIS | F37: 37.577399 | G37: 47.028295 | H37: 0 | I37: 0 | J37: 0 | K37: 0 | L37: 0 | M37: 0 | N37: 0 | O37: 0 | P37: 0 | Q37: 0 | R37: 0 | S37: 84.605694 | T37: =SUM(BaseHoras[[#This Row],[Jan/2019]:[Mar/2019]]) -> 84.605694 | U37: =SUM(BaseHoras[[#This Row],[Abr/2019]:[Jun/2019]]) -> 0 | V37: =SUM(BaseHoras[[#This Row],[Jul/2019]:[Set/2019]]) -> 0 | W37: =SUM(BaseHoras[[#This Row],[Out/2019]:[Dez/2019]]) -> 0
A38: CLIENTE | B38: BOTICÁRIO | C38: BOTICA 214 2019 | D38: LUCIO CLETO DE FREITAS | E38: ANFORAS COLECIONAVEIS | F38: 13.847966 | G38: 0 | H38: 0 | I38: 0 | J38: 0 | K38: 0 | L38: 0 | M38: 0 | N38: 0 | O38: 0 | P38: 0 | Q38: 0 | R38: 0 | S38: 13.847966 | T38: =SUM(BaseHoras[[#This Row],[Jan/2019]:[Mar/2019]]) -> 13.847966 | U38: =SUM(BaseHoras[[#This Row],[Abr/2019]:[Jun/2019]]) -> 0 | V38: =SUM(BaseHoras[[#This Row],[Jul/2019]:[Set/2019]]) -> 0 | W38: =SUM(BaseHoras[[#This Row],[Out/2019]:[Dez/2019]]) -> 0
A39: CLIENTE | B39: BOTICÁRIO | C39: BOTICA 214 2019 | D39: MARCELO LOPES NOGUEIRA | E39: ANFORAS COLECIONAVEIS | F39: 0 | G39: 36.183388 | H39: 0 | I39: 0 | J39: 0 | K39: 0 | L39: 0 | M39: 0 | N39: 0 | O39: 0 | P39: 0 | Q39: 0 | R39: 0 | S39: 36.183388 | T39: =SUM(BaseHoras[[#This Row],[Jan/2019]:[Mar/2019]]) -> 36.183388 | U39: =SUM(BaseHoras[[#This Row],[Abr/2019]:[Jun/2019]]) -> 0 | V39: =SUM(BaseHoras[[#This Row],[Jul/2019]:[Set/2019]]) -> 0 | W39: =SUM(BaseHoras[[#This Row],[Out/2019]:[Dez/2019]]) -> 0
A40: CLIENTE | B40: BOTICÁRIO | C40: BOTICA 214 2019 | D40: MARCO LUIZ BORTOLAZZO | E40: ANFORAS COLECIONAVEIS | F40: 51.169219 | G40: 0 | H40: 0 | I40: 0 | J40: 0 | K40: 0 | L40: 0 | M40: 0 | N40: 0 | O40: 0 | P40: 0 | Q40: 0 | R40: 0 | S40: 51.169219 | T40: =SUM(BaseHoras[[#This Row],[Jan/2019]:[Mar/2019]]) -> 51.169219 | U40: =SUM(BaseHoras[[#This Row],[Abr/2019]:[Jun/2019]]) -> 0 | V40: =SUM(BaseHoras[[#This Row],[Jul/2019]:[Set/2019]]) -> 0 | W40: =SUM(BaseHoras[[#This Row],[Out/2019]:[Dez/2019]]) -> 0
A41: CLIENTE | B41: BOTICÁRIO | C41: BOTICA 214 2019 | D41: MARIA FERNANDA SANTIAGO VELLUTINI | E41: ANFORAS COLECIONAVEIS | F41: 317.84829 | G41: 0 | H41: 0 | I41: 0 | J41: 0 | K41: 0 | L41: 0 | M41: 0 | N41: 0 | O41: 0 | P41: 0 | Q41: 0 | R41: 0 | S41: 317.84829 | T41: =SUM(BaseHoras[[#This Row],[Jan/2019]:[Mar/2019]]) -> 317.84829 | U41: =SUM(BaseHoras[[#This Row],[Abr/2019]:[Jun/2019]]) -> 0 | V41: =SUM(BaseHoras[[#This Row],[Jul/2019]:[Set/2019]]) -> 0 | W41: =SUM(BaseHoras[[#This Row],[Out/2019]:[Dez/2019]]) -> 0
A42: CLIENTE | B42: BOTICÁRIO | C42: BOTICA 214 2019 | D42: MARIA GABRIELA WEY SALMON | E42: ANFORAS COLECIONAVEIS | F42: 7.5007883 | G42: 0 | H42: 0 | I42: 0 | J42: 0 | K42: 0 | L42: 0 | M42: 0 | N42: 0 | O42: 0 | P42: 0 | Q42: 0 | R42: 0 | S42: 7.5007883 | T42: =SUM(BaseHoras[[#This Row],[Jan/2019]:[Mar/2019]]) -> 7.5007883 | U42: =SUM(BaseHoras[[#This Row],[Abr/2019]:[Jun/2019]]) -> 0 | V42: =SUM(BaseHoras[[#This Row],[Jul/2019]:[Set/2019]]) -> 0 | W42: =SUM(BaseHoras[[#This Row],[Out/2019]:[Dez/2019]]) -> 0
A43: CLIENTE | B43: BOTICÁRIO | C43: BOTICA 214 2019 | D43: MARIA TEREZA SETTI DE ARRUDA MORAN | E43: ANFORAS COLECIONAVEIS | F43: 0 | G43: 0 | H43: 0 | I43: 18.393016 | J43: 0 | K43: 0 | L43: 0 | M43: 0 | N43: 0 | O43: 0 | P43: 0 | Q43: 0 | R43: 0 | S43: 18.393016 | T43: =SUM(BaseHoras[[#This Row],[Jan/2019]:[Mar/2019]]) -> 0 | U43: =SUM(BaseHoras[[#This Row],[Abr/2019]:[Jun/2019]]) -> 18.393016 | V43: =SUM(BaseHoras[[#This Row],[Jul/2019]:[Set/2019]]) -> 0 | W43: =SUM(BaseHoras[[#This Row],[Out/2019]:[Dez/2019]]) -> 0
A44: CLIENTE | B44: BOTICÁRIO | C44: BOTICA 214 2019 | D44: MAURO MIYASHIRO MAEDO JUNIOR | E44: ANFORAS COLECIONAVEIS | F44: 1067.4783 | G44: 370.55561 | H44: 0 | I44: 0 | J44: 0 | K44: 0 | L44: 0 | M44: 0 | N44: 0 | O44: 0 | P44: 0 | Q44: 0 | R44: 0 | S44: 1438.0339 | T44: =SUM(BaseHoras[[#This Row],[Jan/2019]:[Mar/2019]]) -> 1438.0339 | U44: =SUM(BaseHoras[[#This Row],[Abr/2019]:[Jun/2019]]) -> 0 | V44: =SUM(BaseHoras[[#This Row],[Jul/2019]:[Set/2019]]) -> 0 | W44: =SUM(BaseHoras[[#This Row],[Out/2019]:[Dez/2019]]) -> 0
A45: CLIENTE | B45: BOTICÁRIO | C45: BOTICA 214 2019 | D45: NELSON PRADO DOS SANTOS | E45: ANFORAS COLECIONAVEIS | F45: 0 | G45: 20.743222 | H45: 0 | I45: 0 | J45: 0 | K45: 0 | L45: 0 | M45: 0 | N45: 0 | O45: 0 | P45: 0 | Q45: 0 | R45: 0 | S45: 20.743222 | T45: =SUM(BaseHoras[[#This Row],[Jan/2019]:[Mar/2019]]) -> 20.743222 | U45: =SUM(BaseHoras[[#This Row],[Abr/2019]:[Jun/2019]]) -> 0 | V45: =SUM(BaseHoras[[#This Row],[Jul/2019]:[Set/2019]]) -> 0 | W45: =SUM(BaseHoras[[#This Row],[Out/2019]:[Dez/2019]]) -> 0
A46: CLIENTE | B46: BOTICÁRIO | C46: BOTICA 214 2019 | D46: RICARDO MINERVINO FILHO | E46: ANFORAS COLECIONAVEIS | F46: 0 | G46: 74.189896 | H46: 13.975295 | I46: 0 | J46: 0 | K46: 0 | L46: 0 | M46: 0 | N46: 0 | O46: 0 | P46: 0 | Q46: 0 | R46: 0 | S46: 88.165191 | T46: =SUM(BaseHoras[[#This Row],[Jan/2019]:[Mar/2019]]) -> 88.165191 | U46: =SUM(BaseHoras[[#This Row],[Abr/2019]:[Jun/2019]]) -> 0 | V46: =SUM(BaseHoras[[#This Row],[Jul/2019]:[Set/2019]]) -> 0 | W46: =SUM(BaseHoras[[#This Row],[Out/2019]:[Dez/2019]]) -> 0
A47: CLIENTE | B47: BOTICÁRIO | C47: BOTICA 214 2019 | D47: ROSE CLEIDE SOARES RIBEIRO | E47: ANFORAS COLECIONAVEIS | F47: 0 | G47: 0 | H47: 0 | I47: 0 | J47: 0 | K47: 0 | L47: 0 | M47: 0 | N47: 0 | O47: 0 | P47: 7.2654831 | Q47: 0 | R47: 0 | S47: 7.2654831 | T47: =SUM(BaseHoras[[#This Row],[Jan/2019]:[Mar/2019]]) -> 0 | U47: =SUM(BaseHoras[[#This Row],[Abr/2019]:[Jun/2019]]) -> 0 | V47: =SUM(BaseHoras[[#This Row],[Jul/2019]:[Set/2019]]) -> 0 | W47: =SUM(BaseHoras[[#This Row],[Out/2019]:[Dez/2019]]) -> 7.2654831
A48: CLIENTE | B48: BOTICÁRIO | C48: BOTICA 214 2019 | D48: VITOR HUGO FAVERO PIZA | E48: ANFORAS COLECIONAVEIS | F48: 15.906451 | G48: 0 | H48: 0 | I48: 0 | J48: 0 | K48: 0 | L48: 0 | M48: 0 | N48: 0 | O48: 0 | P48: 0 | Q48: 0 | R48: 0 | S48: 15.906451 | T48: =SUM(BaseHoras[[#This Row],[Jan/2019]:[Mar/2019]]) -> 15.906451 | U48: =SUM(BaseHoras[[#This Row],[Abr/2019]:[Jun/2019]]) -> 0 | V48: =SUM(BaseHoras[[#This Row],[Jul/2019]:[Set/2019]]) -> 0 | W48: =SUM(BaseHoras[[#This Row],[Out/2019]:[Dez/2019]]) -> 0
A49: CLIENTE | B49: BOTICÁRIO | C49: BOTICÁRIO 2019 | D49: ANA CECILIA DA COSTA | E49: INSTITUCIONAL | F49: 0 | G49: 0 | H49: 0 | I49: .5 | J49: 0 | K49: 0 | L49: 0 | M49: 0 | N49: 0 | O49: 0 | P49: 0 | Q49: 0 | R49: 0 | S49: 0 | T49: =SUM(BaseHoras[[#This Row],[Jan/2019]:[Mar/2019]]) -> 0 | U49: =SUM(BaseHoras[[#This Row],[Abr/2019]:[Jun/2019]]) -> 0 | V49: =SUM(BaseHoras[[#This Row],[Jul/2019]:[Set/2019]]) -> 0 | W49: =SUM(BaseHoras[[#This Row],[Out/2019]:[Dez/2019]]) -> 0
A50: CLIENTE | B50: BOTICÁRIO | C50: BOTICÁRIO 2019 | D50: DANIEL JOSE CHAGAS MARTINS | E50: INSTITUCIONAL | F50: 0 | G50: 2556.7332 | H50: 0 | I50: 0 | J50: 0 | K50: 0 | L50: 0 | M50: 0 | N50: 0 | O50: 0 | P50: 0 | Q50: 0 | R50: 0 | S50: 2556.7332 | T50: =SUM(BaseHoras[[#This Row],[Jan/2019]:[Mar/2019]]) -> 2556.7332 | U50: =SUM(BaseHoras[[#This Row],[Abr/2019]:[Jun/2019]]) -> 0 | V50: =SUM(BaseHoras[[#This Row],[Jul/2019]:[Set/2019]]) -> 0 | W50: =SUM(BaseHoras[[#This Row],[Out/2019]:[Dez/2019]]) -> 0
A51: CLIENTE | B51: BOTICÁRIO | C51: BOTICÁRIO 2019 | D51: FLAVIA CASSIAS PEREIRA | E51: INSTITUCIONAL | F51: 0 | G51: 0 | H51: 0 | I51: 38.263136 | J51: 0 | K51: 0 | L51: 0 | M51: 0 | N51: 0 | O51: 0 | P51: 0 | Q51: 0 | R51: 0 | S51: 38.263136 | T51: =SUM(BaseHoras[[#This Row],[Jan/2019]:[Mar/2019]]) -> 0 | U51: =SUM(BaseHoras[[#This Row],[Abr/2019]:[Jun/2019]]) -> 38.263136 | V51: =SUM(BaseHoras[[#This Row],[Jul/2019]:[Set/2019]]) -> 0 | W51: =SUM(BaseHoras[[#This Row],[Out/2019]:[Dez/2019]]) -> 0
A52: CLIENTE | B52: BOTICÁRIO | C52: BOTICÁRIO 2019 | D52: HELIO SILVA BALBI | E52: INSTITUCIONAL | F52: 0 | G52: 0 | H52: 0 | I52: 0 | J52: 0 | K52: 0 | L52: 0 | M52: 0 | N52: 0 | O52: 0 | P52: 0 | Q52: 5.6339498 | R52: 0 | S52: 5.6339498 | T52: =SUM(BaseHoras[[#This Row],[Jan/2019]:[Mar/2019]]) -> 0 | U52: =SUM(BaseHoras[[#This Row],[Abr/2019]:[Jun/2019]]) -> 0 | V52: =SUM(BaseHoras[[#This Row],[Jul/2019]:[Set/2019]]) -> 0 | W52: =SUM(BaseHoras[[#This Row],[Out/2019]:[Dez/2019]]) -> 5.6339498
A53: CLIENTE | B53: BOTICÁRIO | C53: BOTICÁRIO 2019 | D53: LERYNDA MARCIA DA SILVA LIMA | E53: INSTITUCIONAL | F53: 0 | G53: 0 | H53: 0 | I53: 0 | J53: 0 | K53: 0 | L53: 0 | M53: 0 | N53: 0 | O53: 0 | P53: 55.578349 | Q53: 0 | R53: 0 | S53: 55.578349 | T53: =SUM(BaseHoras[[#This Row],[Jan/2019]:[Mar/2019]]) -> 0 | U53: =SUM(BaseHoras[[#This Row],[Abr/2019]:[Jun/2019]]) -> 0 | V53: =SUM(BaseHoras[[#This Row],[Jul/2019]:[Set/2019]]) -> 0 | W53: =SUM(BaseHoras[[#This Row],[Out/2019]:[Dez/2019]]) -> 55.578349
A54: CLIENTE | B54: BOTICÁRIO | C54: BOTICÁRIO 2019 | D54: REINALDO APARECIDO MACEDO | E54: INSTITUCIONAL | F54: 333.21112 | G54: 0 | H54: 0 | I54: 0 | J54: 0 | K54: 0 | L54: 0 | M54: 0 | N54: 0 | O54: 0 | P54: 0 | Q54: 0 | R54: 0 | S54: 333.21112 | T54: =SUM(BaseHoras[[#This Row],[Jan/2019]:[Mar/2019]]) -> 333.21112 | U54: =SUM(BaseHoras[[#This Row],[Abr/2019]:[Jun/2019]]) -> 0 | V54: =SUM(BaseHoras[[#This Row],[Jul/2019]:[Set/2019]]) -> 0 | W54: =SUM(BaseHoras[[#This Row],[Out/2019]:[Dez/2019]]) -> 0
A55: CLIENTE | B55: BOTICÁRIO | C55: BOTICÁRIO 2019 | D55: SANDRO JUNQUEIRA DE FREITAS | E55: INSTITUCIONAL | F55: 0 | G55: 0 | H55: 0 | I55: 1355.5032 | J55: 1807.4321 | K55: 586.44175 | L55: 0 | M55: 0 | N55: 0 | O55: 0 | P55: 0 | Q55: 0 | R55: 0 | S55: 3749.3771 | T55: =SUM(BaseHoras[[#This Row],[Jan/2019]:[Mar/2019]]) -> 0 | U55: =SUM(BaseHoras[[#This Row],[Abr/2019]:[Jun/2019]]) -> 3749.3771 | V55: =SUM(BaseHoras[[#This Row],[Jul/2019]:[Set/2019]]) -> 0 | W55: =SUM(BaseHoras[[#This Row],[Out/2019]:[Dez/2019]]) -> 0
A56: CLIENTE | B56: BOTICÁRIO | C56: BOTICÁRIO 2019 | D56: TAIS CONCEICAO DOS SANTOS | E56: INSTITUCIONAL | F56: 0 | G56: 0 | H56: 0 | I56: 0 | J56: 0 | K56: 0 | L56: 0 | M56: 0 | N56: 57.230503 | O56: 0 | P56: 0 | Q56: 0 | R56: 0 | S56: 57.230503 | T56: =SUM(BaseHoras[[#This Row],[Jan/2019]:[Mar/2019]]) -> 0 | U56: =SUM(BaseHoras[[#This Row],[Abr/2019]:[Jun/2019]]) -> 0 | V56: =SUM(BaseHoras[[#This Row],[Jul/2019]:[Set/2019]]) -> 57.230503 | W56: =SUM(BaseHoras[[#This Row],[Out/2019]:[Dez/2019]]) -> 0
A57: CLIENTE | B57: BOTICÁRIO | C57: BOTICÁRIO 2019 | D57: TATIANA ANGELIM MARTINS | E57: INSTITUCIONAL | F57: 0 | G57: 0 | H57: 39.909461 | I57: 122.92638 | J57: 0 | K57: 0 | L57: 0 | M57: 0 | N57: 0 | O57: 0 | P57: 0 | Q57: 0 | R57: 0 | S57: 162.83584 | T57: =SUM(BaseHoras[[#This Row],[Jan/2019]:[Mar/2019]]) -> 39.909461 | U57: =SUM(BaseHoras[[#This Row],[Abr/2019]:[Jun/2019]]) -> 122.92638 | V57: =SUM(BaseHoras[[#This Row],[Jul/2019]:[Set/2019]]) -> 0 | W57: =SUM(BaseHoras[[#This Row],[Out/2019]:[Dez/2019]]) -> 0
A58: CLIENTE | B58: BOTICÁRIO | C58: BOTICÁRIO 2019 | D58: VERA APARECIDA JACINTO | E58: INSTITUCIONAL | F58: 0 | G58: 0 | H58: 0 | I58: 0 | J58: 0 | K58: 106.08261 | L58: 37.823957 | M58: 0 | N58: 0 | O58: 0 | P58: 0 | Q58: 0 | R58: 0 | S58: 143.90657 | T58: =SUM(BaseHoras[[#This Row],[Jan/2019]:[Mar/2019]]) -> 0 | U58: =SUM(BaseHoras[[#This Row],[Abr/2019]:[Jun/2019]]) -> 106.08261 | V58: =SUM(BaseHoras[[#This Row],[Jul/2019]:[Set/2019]]) -> 37.823957 | W58: =SUM(BaseHoras[[#This Row],[Out/2019]:[Dez/2019]]) -> 0
A59: CLIENTE | B59: BOTICÁRIO | C59: Boti Conecta | D59: FLAVIA CASSIAS PEREIRA | E59: INSTITUCIONAL | F59: 0 | G59: 0 | H59: 0 | I59: 0 | J59: 0 | K59: 0 | L59: 0 | M59: 0 | N59: 0 | O59: 0 | P59: 0 | Q59: 29.501575 | R59: 0 | S59: 29.501575 | T59: =SUM(BaseHoras[[#This Row],[Jan/2019]:[Mar/2019]]) -> 0 | U59: =SUM(BaseHoras[[#This Row],[Abr/2019]:[Jun/2019]]) -> 0 | V59: =SUM(BaseHoras[[#This Row],[Jul/2019]:[Set/2019]]) -> 0 | W59: =SUM(BaseHoras[[#This Row],[Out/2019]:[Dez/2019]]) -> 29.501575
A60: CLIENTE | B60: BOTICÁRIO | C60: Boti Promo | D60: VINICIUS ZELLER | E60: FLORATTA | F60: 104.23359 | G60: 0 | H60: 0 | I60: 0 | J60: 0 | K60: 0 | L60: 0 | M60: 0 | N60: 0 | O60: 0 | P60: 0 | Q60: 0 | R60: 0 | S60: 104.23359 | T60: =SUM(BaseHoras[[#This Row],[Jan/2019]:[Mar/2019]]) -> 104.23359 | U60: =SUM(BaseHoras[[#This Row],[Abr/2019]:[Jun/2019]]) -> 0 | V60: =SUM(BaseHoras[[#This Row],[Jul/2019]:[Set/2019]]) -> 0 | W60: =SUM(BaseHoras[[#This Row],[Out/2019]:[Dez/2019]]) -> 0
A61: CLIENTE | B61: BOTICÁRIO | C61: BotiCollection 2019 | D61: FABIO AUGUSTO DE CAMARGO GIRARDI | E61: ANFORAS COLECIONAVEIS | F61: 0 | G61: 0 | H61: 0 | I61: 36.154873 | J61: 0 | K61: 0 | L61: 0 | M61: 0 | N61: 0 | O61: 0 | P61: 0 | Q61: 0 | R61: 0 | S61: 36.154873 | T61: =SUM(BaseHoras[[#This Row],[Jan/2019]:[Mar/2019]]) -> 0 | U61: =SUM(BaseHoras[[#This Row],[Abr/2019]:[Jun/2019]]) -> 36.154873 | V61: =SUM(BaseHoras[[#This Row],[Jul/2019]:[Set/2019]]) -> 0 | W61: =SUM(BaseHoras[[#This Row],[Out/2019]:[Dez/2019]]) -> 0
... A85: CLIENTE | B85: BOTICÁRIO | C85: C-1637-6-289 - Adiantamentos 2019 - Cuidados e Make | D85: ROGERIO PEDRECCA LOPES | E85: INSTITUCIONAL | F85: 0 | G85: 0 | H85: 0 | I85: 0 | J85: 0 | K85: 0 | L85: 0 | M85: 0 | N85: 0 | O85: 23.769602 | P85: 0 | Q85: 0 | R85: 0 | S85: 23.769602 | T85: =SUM(BaseHoras[[#This Row],[Jan/2019]:[Mar/2019]]) -> 0 | U85: =SUM(BaseHoras[[#This Row],[Abr/2019]:[Jun/2019]]) -> 0 | V85: =SUM(BaseHoras[[#This Row],[Jul/2019]:[Set/2019]]) -> 0 | W85: =SUM(BaseHoras[[#This Row],[Out/2019]:[Dez/2019]]) -> 23.769602
A86: CLIENTE | B86: BOTICÁRIO | C86: C-1637-7-027 | D86: ELIANA APARECIDA PAVAN | E86: DATAS | F86: 0 | G86: .5 | H86: 1.4696718 | I86: 0 | J86: 0 | K86: 0 | L86: 0 | M86: 0 | N86: 0 | O86: 0 | P86: 0 | Q86: 0 | R86: 0 | S86: 1.4696718 | T86: =SUM(BaseHoras[[#This Row],[Jan/2019]:[Mar/2019]]) -> 1.4696718 | U86: =SUM(BaseHoras[[#This Row],[Abr/2019]:[Jun/2019]]) -> 0 | V86: =SUM(BaseHoras[[#This Row],[Jul/2019]:[Set/2019]]) -> 0 | W86: =SUM(BaseHoras[[#This Row],[Out/2019]:[Dez/2019]]) -> 0
A87: CLIENTE | B87: BOTICÁRIO | C87: C-1637-7-027 | D87: ELIANE PEREIRA DA SILVA | E87: DATAS | F87: 0 | G87: 0 | H87: 0 | I87: 0 | J87: 0 | K87: 0 | L87: 13.352238 | M87: 0 | N87: 0 | O87: 0 | P87: 0 | Q87: 0 | R87: 0 | S87: 13.352238 | T87: =SUM(BaseHoras[[#This Row],[Jan/2019]:[Mar/2019]]) -> 0 | U87: =SUM(BaseHoras[[#This Row],[Abr/2019]:[Jun/2019]]) -> 0 | V87: =SUM(BaseHoras[[#This Row],[Jul/2019]:[Set/2019]]) -> 13.352238 | W87: =SUM(BaseHoras[[#This Row],[Out/2019]:[Dez/2019]]) -> 0
A88: CLIENTE | B88: BOTICÁRIO | C88: C-1637-7-049 | D88: BEATRIZ ROSSI | E88: INSTITUCIONAL | F88: 4.1715554 | G88: 0 | H88: 0 | I88: 0 | J88: 0 | K88: 0 | L88: 0 | M88: 0 | N88: 0 | O88: 0 | P88: 0 | Q88: 0 | R88: 0 | S88: 4.1715554 | T88: =SUM(BaseHoras[[#This Row],[Jan/2019]:[Mar/2019]]) -> 4.1715554 | U88: =SUM(BaseHoras[[#This Row],[Abr/2019]:[Jun/2019]]) -> 0 | V88: =SUM(BaseHoras[[#This Row],[Jul/2019]:[Set/2019]]) -> 0 | W88: =SUM(BaseHoras[[#This Row],[Out/2019]:[Dez/2019]]) -> 0
A89: CLIENTE | B89: BOTICÁRIO | C89: C-1637-7-152 - PRODUÇÃO DE MÍDIA IMPRESSA | D89: ANA CECILIA DA COSTA | E89: MATCH | F89: 0 | G89: 0 | H89: 48.379483 | I89: 11.227612 | J89: 583.16973 | K89: 258.35572 | L89: 0 | M89: 0 | N89: 0 | O89: 0 | P89: 0 | Q89: 0 | R89: 0 | S89: 901.13254 | T89: =SUM(BaseHoras[[#This Row],[Jan/2019]:[Mar/2019]]) -> 48.379483 | U89: =SUM(BaseHoras[[#This Row],[Abr/2019]:[Jun/2019]]) -> 852.75306 | V89: =SUM(BaseHoras[[#This Row],[Jul/2019]:[Set/2019]]) -> 0 | W89: =SUM(BaseHoras[[#This Row],[Out/2019]:[Dez/2019]]) -> 0
A90: CLIENTE | B90: BOTICÁRIO | C90: C-1637-7-152 - PRODUÇÃO DE MÍDIA IMPRESSA | D90: ELIANA APARECIDA PAVAN | E90: MATCH | F90: 0 | G90: 0 | H90: .5 | I90: 0 | J90: 0 | K90: 0 | L90: 0 | M90: 0 | N90: 0 | O90: 0 | P90: 0 | Q90: 0 | R90: 0 | S90: 0 | T90: =SUM(BaseHoras[[#This Row],[Jan/2019]:[Mar/2019]]) -> 0 | U90: =SUM(BaseHoras[[#This Row],[Abr/2019]:[Jun/2019]]) -> 0 | V90: =SUM(BaseHoras[[#This Row],[Jul/2019]:[Set/2019]]) -> 0 | W90: =SUM(BaseHoras[[#This Row],[Out/2019]:[Dez/2019]]) -> 0
A91: CLIENTE | B91: BOTICÁRIO | C91: C-1637-7-152 - PRODUÇÃO DE MÍDIA IMPRESSA | D91: SERGIO LUIS FACUNDINI | E91: MATCH | F91: 0 | G91: 0 | H91: 268.36476 | I91: 0 | J91: 0 | K91: 0 | L91: 0 | M91: 0 | N91: 0 | O91: 0 | P91: 0 | Q91: 0 | R91: 0 | S91: 268.36476 | T91: =SUM(BaseHoras[[#This Row],[Jan/2019]:[Mar/2019]]) -> 268.36476 | U91: =SUM(BaseHoras[[#This Row],[Abr/2019]:[Jun/2019]]) -> 0 | V91: =SUM(BaseHoras[[#This Row],[Jul/2019]:[Set/2019]]) -> 0 | W91: =SUM(BaseHoras[[#This Row],[Out/2019]:[Dez/2019]]) -> 0
A92: CLIENTE | B92: BOTICÁRIO | C92: C-1639-6-033 - SIGNATURE - PRODUÇÃO DE MIDIA IMPRESSA | D92: MARIA TEREZA SETTI DE ARRUDA MORAN | E92: MALBEC | F92: 0 | G92: 0 | H92: 0 | I92: 0 | J92: 0 | K92: 0 | L92: 29.680693 | M92: 68.69563 | N92: 0 | O92: 0 | P92: 0 | Q92: 0 | R92: 0 | S92: 98.376323 | T92: =SUM(BaseHoras[[#This Row],[Jan/2019]:[Mar/2019]]) -> 0 | U92: =SUM(BaseHoras[[#This Row],[Abr/2019]:[Jun/2019]]) -> 0 | V92: =SUM(BaseHoras[[#This Row],[Jul/2019]:[Set/2019]]) -> 98.376323 | W92: =SUM(BaseHoras[[#This Row],[Out/2019]:[Dez/2019]]) -> 0
A93: CLIENTE | B93: BOTICÁRIO | C93: C-1639-7-010 - PRODUÇÃO DE IMAGEM | D93: ANA CECILIA DA COSTA | E93: THE BLEND | F93: 0 | G93: 0 | H93: 0 | I93: 0 | J93: 0 | K93: 0 | L93: 0 | M93: .5 | N93: 0 | O93: 0 | P93: 0 | Q93: 0 | R93: 0 | S93: 0 | T93: =SUM(BaseHoras[[#This Row],[Jan/2019]:[Mar/2019]]) -> 0 | U93: =SUM(BaseHoras[[#This Row],[Abr/2019]:[Jun/2019]]) -> 0 | V93: =SUM(BaseHoras[[#This Row],[Jul/2019]:[Set/2019]]) -> 0 | W93: =SUM(BaseHoras[[#This Row],[Out/2019]:[Dez/2019]]) -> 0
A94: CLIENTE | B94: BOTICÁRIO | C94: C-1639-7-010 - PRODUÇÃO DE IMAGEM | D94: ELIANA APARECIDA PAVAN | E94: THE BLEND | F94: 0 | G94: 0 | H94: 0 | I94: 0 | J94: 0 | K94: 0 | L94: 2.0427127 | M94: 0 | N94: 0 | O94: 0 | P94: 0 | Q94: 0 | R94: 0 | S94: 2.0427127 | T94: =SUM(BaseHoras[[#This Row],[Jan/2019]:[Mar/2019]]) -> 0 | U94: =SUM(BaseHoras[[#This Row],[Abr/2019]:[Jun/2019]]) -> 0 | V94: =SUM(BaseHoras[[#This Row],[Jul/2019]:[Set/2019]]) -> 2.0427127 | W94: =SUM(BaseHoras[[#This Row],[Out/2019]:[Dez/2019]]) -> 0
A95: CLIENTE | B95: BOTICÁRIO | C95: C-1639-7-010 - PRODUÇÃO DE IMAGEM | D95: ROGERIO PEDRECCA LOPES | E95: THE BLEND | F95: 0 | G95: 0 | H95: 0 | I95: 0 | J95: 0 | K95: 0 | L95: 0 | M95: 87.681854 | N95: 0 | O95: 0 | P95: 0 | Q95: 0 | R95: 0 | S95: 87.681854 | T95: =SUM(BaseHoras[[#This Row],[Jan/2019]:[Mar/2019]]) -> 0 | U95: =SUM(BaseHoras[[#This Row],[Abr/2019]:[Jun/2019]]) -> 0 | V95: =SUM(BaseHoras[[#This Row],[Jul/2019]:[Set/2019]]) -> 87.681854 | W95: =SUM(BaseHoras[[#This Row],[Out/2019]:[Dez/2019]]) -> 0
A96: CLIENTE | B96: BOTICÁRIO | C96: C-1641-5-007 - PRODUÇÃO ELETRÔNICA | D96: LEONARDO CRUZ FRAGA DAMASCENO | E96: FLORATTA | F96: 0 | G96: 0 | H96: 0 | I96: 0 | J96: 0 | K96: 0 | L96: 0 | M96: 0 | N96: 0 | O96: 0 | P96: 99.161792 | Q96: 0 | R96: 0 | S96: 99.161792 | T96: =SUM(BaseHoras[[#This Row],[Jan/2019]:[Mar/2019]]) -> 0 | U96: =SUM(BaseHoras[[#This Row],[Abr/2019]:[Jun/2019]]) -> 0 | V96: =SUM(BaseHoras[[#This Row],[Jul/2019]:[Set/2019]]) -> 0 | W96: =SUM(BaseHoras[[#This Row],[Out/2019]:[Dez/2019]]) -> 99.161792
A97: CLIENTE | B97: BOTICÁRIO | C97: C-1641-6-004 - PRODUÇÃO DE MÍDIA IMPRESSA | D97: BEATRIZ ROSSI | E97: FLORATTA | F97: 1693.0284 | G97: 0 | H97: 0 | I97: 0 | J97: 0 | K97: 0 | L97: 0 | M97: 0 | N97: 0 | O97: 0 | P97: 0 | Q97: 0 | R97: 0 | S97: 1693.0284 | T97: =SUM(BaseHoras[[#This Row],[Jan/2019]:[Mar/2019]]) -> 1693.0284 | U97: =SUM(BaseHoras[[#This Row],[Abr/2019]:[Jun/2019]]) -> 0 | V97: =SUM(BaseHoras[[#This Row],[Jul/2019]:[Set/2019]]) -> 0 | W97: =SUM(BaseHoras[[#This Row],[Out/2019]:[Dez/2019]]) -> 0
A98: CLIENTE | B98: BOTICÁRIO | C98: C-1641-6-020 - IMAGENS CAMPANHA - FLORATTA LIMONCELLO | D98: ALBERTO ANTONIO MACEDO DO LAGO | E98: FLORATTA | F98: 0 | G98: 29.510456 | H98: 0 | I98: 0 | J98: 0 | K98: 0 | L98: 0 | M98: 0 | N98: 0 | O98: 0 | P98: 0 | Q98: 0 | R98: 0 | S98: 29.510456 | T98: =SUM(BaseHoras[[#This Row],[Jan/2019]:[Mar/2019]]) -> 29.510456 | U98: =SUM(BaseHoras[[#This Row],[Abr/2019]:[Jun/2019]]) -> 0 | V98: =SUM(BaseHoras[[#This Row],[Jul/2019]:[Set/2019]]) -> 0 | W98: =SUM(BaseHoras[[#This Row],[Out/2019]:[Dez/2019]]) -> 0
A99: CLIENTE | B99: BOTICÁRIO | C99: C-1641-7-001 - FLORATTA RED - PRODUÇÃO DE OOH | D99: ELIANA APARECIDA PAVAN | E99: FLORATTA | F99: .5 | G99: 0 | H99: 0 | I99: 0 | J99: 0 | K99: 0 | L99: 0 | M99: 0 | N99: 0 | O99: 0 | P99: 0 | Q99: 0 | R99: 0 | S99: 0 | T99: =SUM(BaseHoras[[#This Row],[Jan/2019]:[Mar/2019]]) -> 0 | U99: =SUM(BaseHoras[[#This Row],[Abr/2019]:[Jun/2019]]) -> 0 | V99: =SUM(BaseHoras[[#This Row],[Jul/2019]:[Set/2019]]) -> 0 | W99: =SUM(BaseHoras[[#This Row],[Out/2019]:[Dez/2019]]) -> 0
A100: CLIENTE | B100: BOTICÁRIO | C100: C-1641-7-002 - FLORATTA RED - PRODUÇÃO DE MÍDIA IMPRESSA | D100: ELIANA APARECIDA PAVAN | E100: FLORATTA | F100: 60.65036 | G100: .5 | H100: 0 | I100: 0 | J100: 0 | K100: 0 | L100: 0 | M100: 0 | N100: 0 | O100: 0 | P100: 0 | Q100: 0 | R100: 0 | S100: 60.65036 | T100: =SUM(BaseHoras[[#This Row],[Jan/2019]:[Mar/2019]]) -> 60.65036 | U100: =SUM(BaseHoras[[#This Row],[Abr/2019]:[Jun/2019]]) -> 0 | V100: =SUM(BaseHoras[[#This Row],[Jul/2019]:[Set/2019]]) -> 0 | W100: =SUM(BaseHoras[[#This Row],[Out/2019]:[Dez/2019]]) -> 0
A101: CLIENTE | B101: BOTICÁRIO | C101: C-1641-7-002 - FLORATTA RED - PRODUÇÃO DE MÍDIA IMPRESSA | D101: JOSE ROBERTO BEZERRA | E101: FLORATTA | F101: 1.5737006 | G101: 0 | H101: 0 | I101: 0 | J101: 0 | K101: 0 | L101: 0 | M101: 0 | N101: 0 | O101: 0 | P101: 0 | Q101: 0 | R101: 0 | S101: 1.5737006 | T101: =SUM(BaseHoras[[#This Row],[Jan/2019]:[Mar/2019]]) -> 1.5737006 | U101: =SUM(BaseHoras[[#This Row],[Abr/2019]:[Jun/2019]]) -> 0 | V101: =SUM(BaseHoras[[#This Row],[Jul/2019]:[Set/2019]]) -> 0 | W101: =SUM(BaseHoras[[#This Row],[Out/2019]:[Dez/2019]]) -> 0
A102: CLIENTE | B102: BOTICÁRIO | C102: C-1641-7-002 - FLORATTA RED - PRODUÇÃO DE MÍDIA IMPRESSA | D102: LUCIO CLETO DE FREITAS | E102: FLORATTA | F102: 0 | G102: 180.92045 | H102: 0 | I102: 0 | J102: 0 | K102: 0 | L102: 0 | M102: 0 | N102: 0 | O102: 0 | P102: 0 | Q102: 0 | R102: 0 | S102: 180.92045 | T102: =SUM(BaseHoras[[#This Row],[Jan/2019]:[Mar/2019]]) -> 180.92045 | U102: =SUM(BaseHoras[[#This Row],[Abr/2019]:[Jun/2019]]) -> 0 | V102: =SUM(BaseHoras[[#This Row],[Jul/2019]:[Set/2019]]) -> 0 | W102: =SUM(BaseHoras[[#This Row],[Out/2019]:[Dez/2019]]) -> 0
A103: CLIENTE | B103: BOTICÁRIO | C103: C-1641-7-002 - FLORATTA RED - PRODUÇÃO DE MÍDIA IMPRESSA | D103: MARCO LUIZ BORTOLAZZO | E103: FLORATTA | F103: 14.897794 | G103: 0 | H103: 0 | I103: 0 | J103: 0 | K103: 0 | L103: 0 | M103: 0 | N103: 0 | O103: 0 | P103: 0 | Q103: 0 | R103: 0 | S103: 14.897794 | T103: =SUM(BaseHoras[[#This Row],[Jan/2019]:[Mar/2019]]) -> 14.897794 | U103: =SUM(BaseHoras[[#This Row],[Abr/2019]:[Jun/2019]]) -> 0 | V103: =SUM(BaseHoras[[#This Row],[Jul/2019]:[Set/2019]]) -> 0 | W103: =SUM(BaseHoras[[#This Row],[Out/2019]:[Dez/2019]]) -> 0
A104: CLIENTE | B104: BOTICÁRIO | C104: C-1641-7-002 - FLORATTA RED - PRODUÇÃO DE MÍDIA IMPRESSA | D104: VANESSA SILVA VIEIRA | E104: FLORATTA | F104: 0 | G104: 141.71222 | H104: 0 | I104: 0 | J104: 0 | K104: 0 | L104: 0 | M104: 0 | N104: 0 | O104: 0 | P104: 0 | Q104: 0 | R104: 0 | S104: 141.71222 | T104: =SUM(BaseHoras[[#This Row],[Jan/2019]:[Mar/2019]]) -> 141.71222 | U104: =SUM(BaseHoras[[#This Row],[Abr/2019]:[Jun/2019]]) -> 0 | V104: =SUM(BaseHoras[[#This Row],[Jul/2019]:[Set/2019]]) -> 0 | W104: =SUM(BaseHoras[[#This Row],[Out/2019]:[Dez/2019]]) -> 0
A105: CLIENTE | B105: BOTICÁRIO | C105: C-1641-7-002 - PRODUÇÃO DE MÍDIA IMPRESSA | D105: ELIANA APARECIDA PAVAN | E105: FLORATTA | F105: .5 | G105: 2.4641075 | H105: 0 | I105: 0 | J105: 0 | K105: 0 | L105: 0 | M105: 0 | N105: 0 | O105: 0 | P105: 0 | Q105: 0 | R105: 0 | S105: 2.4641075 | T105: =SUM(BaseHoras[[#This Row],[Jan/2019]:[Mar/2019]]) -> 2.4641075 | U105: =SUM(BaseHoras[[#This Row],[Abr/2019]:[Jun/2019]]) -> 0 | V105: =SUM(BaseHoras[[#This Row],[Jul/2019]:[Set/2019]]) -> 0 | W105: =SUM(BaseHoras[[#This Row],[Out/2019]:[Dez/2019]]) -> 0
A106: CLIENTE | B106: BOTICÁRIO | C106: C-1641-7-009 | D106: CLAUDEMIR BORGES DE SOUZA | E106: INSTITUCIONAL | F106: 0 | G106: 0 | H106: 379.10087 | I106: 0 | J106: 0 | K106: 0 | L106: 0 | M106: 0 | N106: 0 | O106: 0 | P106: 0 | Q106: 0 | R106: 0 | S106: 379.10087 | T106: =SUM(BaseHoras[[#This Row],[Jan/2019]:[Mar/2019]]) -> 379.10087 | U106: =SUM(BaseHoras[[#This Row],[Abr/2019]:[Jun/2019]]) -> 0 | V106: =SUM(BaseHoras[[#This Row],[Jul/2019]:[Set/2019]]) -> 0 | W106: =SUM(BaseHoras[[#This Row],[Out/2019]:[Dez/2019]]) -> 0
A107: CLIENTE | B107: BOTICÁRIO | C107: C-1642-7-001 | D107: ELIANE PEREIRA DA SILVA | E107: INSTITUCIONAL | F107: 0 | G107: 0 | H107: 0 | I107: 0 | J107: 0 | K107: 0 | L107: 100.31104 | M107: 63.856102 | N107: 0 | O107: 0 | P107: 0 | Q107: 0 | R107: 0 | S107: 164.16715 | T107: =SUM(BaseHoras[[#This Row],[Jan/2019]:[Mar/2019]]) -> 0 | U107: =SUM(BaseHoras[[#This Row],[Abr/2019]:[Jun/2019]]) -> 0 | V107: =SUM(BaseHoras[[#This Row],[Jul/2019]:[Set/2019]]) -> 164.16715 | W107: =SUM(BaseHoras[[#This Row],[Out/2019]:[Dez/2019]]) -> 0
A108: CLIENTE | B108: BOTICÁRIO | C108: C-1653-6-006 - PRODUÇÃO DE IMAGEM | D108: LEONARDO CRUZ FRAGA DAMASCENO | E108: MAKE B | F108: 0 | G108: 0 | H108: 0 | I108: 0 | J108: 0 | K108: 0 | L108: 0 | M108: 0 | N108: 115.53443 | O108: 215.92047 | P108: 38.398822 | Q108: 0 | R108: 0 | S108: 369.85372 | T108: =SUM(BaseHoras[[#This Row],[Jan/2019]:[Mar/2019]]) -> 0 | U108: =SUM(BaseHoras[[#This Row],[Abr/2019]:[Jun/2019]]) -> 0 | V108: =SUM(BaseHoras[[#This Row],[Jul/2019]:[Set/2019]]) -> 115.53443 | W108: =SUM(BaseHoras[[#This Row],[Out/2019]:[Dez/2019]]) -> 254.31929
A109: CLIENTE | B109: BOTICÁRIO | C109: C-1653-6-006 - PRODUÇÃO DE IMAGEM | D109: ROSE CLEIDE SOARES RIBEIRO | E109: MAKE B | F109: 0 | G109: 0 | H109: 0 | I109: 0 | J109: 0 | K109: 0 | L109: 0 | M109: 0 | N109: 0 | O109: 3.1922637 | P109: 0 | Q109: 0 | R109: 0 | S109: 3.1922637 | T109: =SUM(BaseHoras[[#This Row],[Jan/2019]:[Mar/2019]]) -> 0 | U109: =SUM(BaseHoras[[#This Row],[Abr/2019]:[Jun/2019]]) -> 0 | V109: =SUM(BaseHoras[[#This Row],[Jul/2019]:[Set/2019]]) -> 0 | W109: =SUM(BaseHoras[[#This Row],[Out/2019]:[Dez/2019]]) -> 3.1922637
A110: CLIENTE | B110: BOTICÁRIO | C110: C-1653-6-006 - PRODUÇÃO MIDIA IMPRESSA | D110: MARIA TEREZA SETTI DE ARRUDA MORAN | E110: MAKE B | F110: 0 | G110: 0 | H110: 0 | I110: 0 | J110: 41.082054 | K110: 0 | L110: 0 | M110: 0 | N110: 0 | O110: 0 | P110: 0 | Q110: 0 | R110: 0 | S110: 41.082054 | T110: =SUM(BaseHoras[[#This Row],[Jan/2019]:[Mar/2019]]) -> 0 | U110: =SUM(BaseHoras[[#This Row],[Abr/2019]:[Jun/2019]]) -> 41.082054 | V110: =SUM(BaseHoras[[#This Row],[Jul/2019]:[Set/2019]]) -> 0 | W110: =SUM(BaseHoras[[#This Row],[Out/2019]:[Dez/2019]]) -> 0
A111: CLIENTE | B111: BOTICÁRIO | C111: C-1653-6-022 - PRODUÇÃO DE IMAGEM MAKE B NUDES | D111: MARIA TEREZA SETTI DE ARRUDA MORAN | E111: MAKE B | F111: 0 | G111: 0 | H111: 0 | I111: 0 | J111: 0 | K111: 0 | L111: 0 | M111: 0 | N111: 0 | O111: 0 | P111: 0 | Q111: 44.294087 | R111: 0 | S111: 44.294087 | T111: =SUM(BaseHoras[[#This Row],[Jan/2019]:[Mar/2019]]) -> 0 | U111: =SUM(BaseHoras[[#This Row],[Abr/2019]:[Jun/2019]]) -> 0 | V111: =SUM(BaseHoras[[#This Row],[Jul/2019]:[Set/2019]]) -> 0 | W111: =SUM(BaseHoras[[#This Row],[Out/2019]:[Dez/2019]]) -> 44.294087
A112: CLIENTE | B112: BOTICÁRIO | C112: C-1653-6-028 - Finalização mídia impressa | D112: CARLOS HENRIQUE AZEVEDO LUGARESI | E112: MAKE B | F112: 0 | G112: 0 | H112: 0 | I112: 0 | J112: 9.5230367 | K112: 3.4542692 | L112: 0 | M112: 0 | N112: 0 | O112: 0 | P112: 0 | Q112: 0 | R112: 0 | S112: 12.977306 | T112: =SUM(BaseHoras[[#This Row],[Jan/2019]:[Mar/2019]]) -> 0 | U112: =SUM(BaseHoras[[#This Row],[Abr/2019]:[Jun/2019]]) -> 12.977306 | V112: =SUM(BaseHoras[[#This Row],[Jul/2019]:[Set/2019]]) -> 0 | W112: =SUM(BaseHoras[[#This Row],[Out/2019]:[Dez/2019]]) -> 0
A113: CLIENTE | B113: BOTICÁRIO | C113: C-1653-6-028 – PRODUÇÃO DE MÍDIA IMPRESSA | D113: JOSE ROBERTO BEZERRA | E113: MAKE B | F113: 0 | G113: 11.871975 | H113: 0 | I113: 0 | J113: 0 | K113: 0 | L113: 0 | M113: 0 | N113: 0 | O113: 0 | P113: 0 | Q113: 0 | R113: 0 | S113: 11.871975 | T113: =SUM(BaseHoras[[#This Row],[Jan/2019]:[Mar/2019]]) -> 11.871975 | U113: =SUM(BaseHoras[[#This Row],[Abr/2019]:[Jun/2019]]) -> 0 | V113: =SUM(BaseHoras[[#This Row],[Jul/2019]:[Set/2019]]) -> 0 | W113: =SUM(BaseHoras[[#This Row],[Out/2019]:[Dez/2019]]) -> 0
A114: CLIENTE | B114: BOTICÁRIO | C114: C-1653-6-047 - TRATAMENTO DE IMAGEM | D114: SERGIO LUIS FACUNDINI | E114: MAKE B | F114: 66.688191 | G114: 0 | H114: 0 | I114: 0 | J114: 0 | K114: 0 | L114: 0 | M114: 0 | N114: 0 | O114: 0 | P114: 0 | Q114: 0 | R114: 0 | S114: 66.688191 | T114: =SUM(BaseHoras[[#This Row],[Jan/2019]:[Mar/2019]]) -> 66.688191 | U114: =SUM(BaseHoras[[#This Row],[Abr/2019]:[Jun/2019]]) -> 0 | V114: =SUM(BaseHoras[[#This Row],[Jul/2019]:[Set/2019]]) -> 0 | W114: =SUM(BaseHoras[[#This Row],[Out/2019]:[Dez/2019]]) -> 0
A115: CLIENTE | B115: BOTICÁRIO | C115: C-1653-7-001 | D115: ELIANA APARECIDA PAVAN | E115: INSTITUCIONAL | F115: 3.7647082 | G115: .5 | H115: 0 | I115: 0 | J115: 0 | K115: 0 | L115: 0 | M115: 0 | N115: 0 | O115: 0 | P115: 0 | Q115: 0 | R115: 0 | S115: 3.7647082 | T115: =SUM(BaseHoras[[#This Row],[Jan/2019]:[Mar/2019]]) -> 3.7647082 | U115: =SUM(BaseHoras[[#This Row],[Abr/2019]:[Jun/2019]]) -> 0 | V115: =SUM(BaseHoras[[#This Row],[Jul/2019]:[Set/2019]]) -> 0 | W115: =SUM(BaseHoras[[#This Row],[Out/2019]:[Dez/2019]]) -> 0
A116: CLIENTE | B116: BOTICÁRIO | C116: C-1653-7-007 | D116: JOSE ROBERTO BEZERRA | E116: MAKE B | F116: 0 | G116: .5 | H116: 0 | I116: 0 | J116: 0 | K116: 0 | L116: 0 | M116: 0 | N116: 0 | O116: 0 | P116: 0 | Q116: 0 | R116: 0 | S116: 0 | T116: =SUM(BaseHoras[[#This Row],[Jan/2019]:[Mar/2019]]) -> 0 | U116: =SUM(BaseHoras[[#This Row],[Abr/2019]:[Jun/2019]]) -> 0 | V116: =SUM(BaseHoras[[#This Row],[Jul/2019]:[Set/2019]]) -> 0 | W116: =SUM(BaseHoras[[#This Row],[Out/2019]:[Dez/2019]]) -> 0
A117: CLIENTE | B117: BOTICÁRIO | C117: C-1653-7-014 | D117: ELIANA APARECIDA PAVAN | E117: MAKE B | F117: 63.754212 | G117: 16.999808 | H117: 0 | I117: 0 | J117: 0 | K117: 0 | L117: 0 | M117: 0 | N117: 0 | O117: 0 | P117: 0 | Q117: 0 | R117: 0 | S117: 80.75402 | T117: =SUM(BaseHoras[[#This Row],[Jan/2019]:[Mar/2019]]) -> 80.75402 | U117: =SUM(BaseHoras[[#This Row],[Abr/2019]:[Jun/2019]]) -> 0 | V117: =SUM(BaseHoras[[#This Row],[Jul/2019]:[Set/2019]]) -> 0 | W117: =SUM(BaseHoras[[#This Row],[Out/2019]:[Dez/2019]]) -> 0
A118: CLIENTE | B118: BOTICÁRIO | C118: C-1653-7-014 | D118: JOSE ROBERTO BEZERRA | E118: MAKE B | F118: 0 | G118: 0 | H118: .5 | I118: 0 | J118: 0 | K118: 0 | L118: 0 | M118: 0 | N118: 0 | O118: 0 | P118: 0 | Q118: 0 | R118: 0 | S118: 0 | T118: =SUM(BaseHoras[[#This Row],[Jan/2019]:[Mar/2019]]) -> 0 | U118: =SUM(BaseHoras[[#This Row],[Abr/2019]:[Jun/2019]]) -> 0 | V118: =SUM(BaseHoras[[#This Row],[Jul/2019]:[Set/2019]]) -> 0 | W118: =SUM(BaseHoras[[#This Row],[Out/2019]:[Dez/2019]]) -> 0
A119: CLIENTE | B119: BOTICÁRIO | C119: C-1653-7-014 | D119: REINALDO APARECIDO MACEDO | E119: MAKE B | F119: 0 | G119: 0 | H119: 6.4300594 | I119: 0 | J119: 0 | K119: 0 | L119: 0 | M119: 0 | N119: 0 | O119: 0 | P119: 0 | Q119: 0 | R119: 0 | S119: 6.4300594 | T119: =SUM(BaseHoras[[#This Row],[Jan/2019]:[Mar/2019]]) -> 6.4300594 | U119: =SUM(BaseHoras[[#This Row],[Abr/2019]:[Jun/2019]]) -> 0 | V119: =SUM(BaseHoras[[#This Row],[Jul/2019]:[Set/2019]]) -> 0 | W119: =SUM(BaseHoras[[#This Row],[Out/2019]:[Dez/2019]]) -> 0
A120: CLIENTE | B120: BOTICÁRIO | C120: C-2294-8-004 - PRODUÇÃO ELETRÔNICA THE BLEND | D120: STEPHANIE BIEKARCK | E120: THE BLEND | F120: 0 | G120: 0 | H120: 0 | I120: 0 | J120: 0 | K120: 0 | L120: 0 | M120: 0 | N120: 0 | O120: 0 | P120: 26.171798 | Q120: 0 | R120: 0 | S120: 26.171798 | T120: =SUM(BaseHoras[[#This Row],[Jan/2019]:[Mar/2019]]) -> 0 | U120: =SUM(BaseHoras[[#This Row],[Abr/2019]:[Jun/2019]]) -> 0 | V120: =SUM(BaseHoras[[#This Row],[Jul/2019]:[Set/2019]]) -> 0 | W120: =SUM(BaseHoras[[#This Row],[Out/2019]:[Dez/2019]]) -> 26.171798
A121: CLIENTE | B121: BOTICÁRIO | C121: C-2468-4-001 | D121: JOSE ROBERTO BEZERRA | E121: DATAS | F121: 10.400304 | G121: 577.41971 | H121: 0 | I121: 0 | J121: 0 | K121: 0 | L121: 0 | M121: 0 | N121: 0 | O121: 0 | P121: 0 | Q121: 0 | R121: 0 | S121: 587.82002 | T121: =SUM(BaseHoras[[#This Row],[Jan/2019]:[Mar/2019]]) -> 587.82002 | U121: =SUM(BaseHoras[[#This Row],[Abr/2019]:[Jun/2019]]) -> 0 | V121: =SUM(BaseHoras[[#This Row],[Jul/2019]:[Set/2019]]) -> 0 | W121: =SUM(BaseHoras[[#This Row],[Out/2019]:[Dez/2019]]) -> 0
A122: CLIENTE | B122: BOTICÁRIO | C122: C-2468-4-001 | D122: SERGIO LUIS FACUNDINI | E122: DATAS | F122: 264.61253 | G122: 11301.37 | H122: 79.996591 | I122: 0 | J122: 0 | K122: 0 | L122: 0 | M122: 0 | N122: 0 | O122: 0 | P122: 0 | Q122: 0 | R122: 0 | S122: 11645.979 | T122: =SUM(BaseHoras[[#This Row],[Jan/2019]:[Mar/2019]]) -> 11645.979 | U122: =SUM(BaseHoras[[#This Row],[Abr/2019]:[Jun/2019]]) -> 0 | V122: =SUM(BaseHoras[[#This Row],[Jul/2019]:[Set/2019]]) -> 0 | W122: =SUM(BaseHoras[[#This Row],[Out/2019]:[Dez/2019]]) -> 0
A123: CLIENTE | B123: BOTICÁRIO | C123: C-2801-3-005 - PRODUÇÃO DE IMAGEM NAMORADOS | D123: VANUZA MARIA DE OLIVEIRA PASSOS | E123: DATAS | F123: 0 | G123: 0 | H123: 0 | I123: 0 | J123: 84.903294 | K123: 0 | L123: 0 | M123: 0 | N123: 0 | O123: 0 | P123: 0 | Q123: 0 | R123: 0 | S123: 84.903294 | T123: =SUM(BaseHoras[[#This Row],[Jan/2019]:[Mar/2019]]) -> 0 | U123: =SUM(BaseHoras[[#This Row],[Abr/2019]:[Jun/2019]]) -> 84.903294 | V123: =SUM(BaseHoras[[#This Row],[Jul/2019]:[Set/2019]]) -> 0 | W123: =SUM(BaseHoras[[#This Row],[Out/2019]:[Dez/2019]]) -> 0
A124: CLIENTE | B124: BOTICÁRIO | C124: C-2801-3-012 - Produção de Mídia Impressa | D124: ANA CECILIA DA COSTA | E124: NAMORADOS | F124: 0 | G124: 0 | H124: 20.657245 | I124: 0 | J124: 0 | K124: 0 | L124: 0 | M124: 0 | N124: 0 | O124: 0 | P124: 0 | Q124: 0 | R124: 0 | S124: 20.657245 | T124: =SUM(BaseHoras[[#This Row],[Jan/2019]:[Mar/2019]]) -> 20.657245 | U124: =SUM(BaseHoras[[#This Row],[Abr/2019]:[Jun/2019]]) -> 0 | V124: =SUM(BaseHoras[[#This Row],[Jul/2019]:[Set/2019]]) -> 0 | W124: =SUM(BaseHoras[[#This Row],[Out/2019]:[Dez/2019]]) -> 0
A125: CLIENTE | B125: BOTICÁRIO | C125: C-2801-3-012 - Produção de Mídia Impressa | D125: BEATRIZ ROSSI | E125: NAMORADOS | F125: 0 | G125: 331.53247 | H125: 65.660769 | I125: 0 | J125: 0 | K125: 0 | L125: 0 | M125: 0 | N125: 0 | O125: 0 | P125: 0 | Q125: 0 | R125: 0 | S125: 397.19324 | T125: =SUM(BaseHoras[[#This Row],[Jan/2019]:[Mar/2019]]) -> 397.19324 | U125: =SUM(BaseHoras[[#This Row],[Abr/2019]:[Jun/2019]]) -> 0 | V125: =SUM(BaseHoras[[#This Row],[Jul/2019]:[Set/2019]]) -> 0 | W125: =SUM(BaseHoras[[#This Row],[Out/2019]:[Dez/2019]]) -> 0
A126: CLIENTE | B126: BOTICÁRIO | C126: C-2801-5-004 | D126: CLAUDEMIR BORGES DE SOUZA | E126: DATAS | F126: 0 | G126: 0 | H126: 0 | I126: 0 | J126: 10.971816 | K126: 15.854301 | L126: 0 | M126: 0 | N126: 0 | O126: 0 | P126: 0 | Q126: 0 | R126: 0 | S126: 26.826116 | T126: =SUM(BaseHoras[[#This Row],[Jan/2019]:[Mar/2019]]) -> 0 | U126: =SUM(BaseHoras[[#This Row],[Abr/2019]:[Jun/2019]]) -> 26.826116 | V126: =SUM(BaseHoras[[#This Row],[Jul/2019]:[Set/2019]]) -> 0 | W126: =SUM(BaseHoras[[#This Row],[Out/2019]:[Dez/2019]]) -> 0
A127: CLIENTE | B127: BOTICÁRIO | C127: C-2802-3-002 - PRODUÇÃO DE FILME | D127: ANDRE DEL CASTILHO GOLA | E127: DATAS | F127: 0 | G127: 0 | H127: 0 | I127: 0 | J127: 0 | K127: 0 | L127: 0 | M127: 408.67936 | N127: 0 | O127: 0 | P127: 0 | Q127: 0 | R127: 0 | S127: 408.67936 | T127: =SUM(BaseHoras[[#This Row],[Jan/2019]:[Mar/2019]]) -> 0 | U127: =SUM(BaseHoras[[#This Row],[Abr/2019]:[Jun/2019]]) -> 0 | V127: =SUM(BaseHoras[[#This Row],[Jul/2019]:[Set/2019]]) -> 408.67936 | W127: =SUM(BaseHoras[[#This Row],[Out/2019]:[Dez/2019]]) -> 0
A128: CLIENTE | B128: BOTICÁRIO | C128: C-2802-3-003 - PAIS - PRODUÇÃO ELETRONICA | D128: KAUE YAMATIRI BARBOSA NOVAES | E128: DATAS | F128: 175.82298 | G128: 0 | H128: 0 | I128: 0 | J128: 0 | K128: 0 | L128: 0 | M128: 0 | N128: 0 | O128: 0 | P128: 0 | Q128: 0 | R128: 0 | S128: 175.82298 | T128: =SUM(BaseHoras[[#This Row],[Jan/2019]:[Mar/2019]]) -> 175.82298 | U128: =SUM(BaseHoras[[#This Row],[Abr/2019]:[Jun/2019]]) -> 0 | V128: =SUM(BaseHoras[[#This Row],[Jul/2019]:[Set/2019]]) -> 0 | W128: =SUM(BaseHoras[[#This Row],[Out/2019]:[Dez/2019]]) -> 0
A129: CLIENTE | B129: BOTICÁRIO | C129: C-2802-3-011 - Produção de Mídia Impressa Promo Make B | D129: JOSE ROBERTO BEZERRA | E129: INSTITUCIONAL | F129: 5.1532062 | G129: 0 | H129: 0 | I129: 0 | J129: 0 | K129: 0 | L129: 0 | M129: 0 | N129: 0 | O129: 0 | P129: 0 | Q129: 0 | R129: 0 | S129: 5.1532062 | T129: =SUM(BaseHoras[[#This Row],[Jan/2019]:[Mar/2019]]) -> 5.1532062 | U129: =SUM(BaseHoras[[#This Row],[Abr/2019]:[Jun/2019]]) -> 0 | V129: =SUM(BaseHoras[[#This Row],[Jul/2019]:[Set/2019]]) -> 0 | W129: =SUM(BaseHoras[[#This Row],[Out/2019]:[Dez/2019]]) -> 0
A130: CLIENTE | B130: BOTICÁRIO | C130: C-2802-3-012 - PAIS - PRODUÇÃO DE MÍDIA IMPRESSA | D130: ANDRE DEL CASTILHO GOLA | E130: DATAS | F130: 0 | G130: 0 | H130: 19.441453 | I130: 0 | J130: 0 | K130: 0 | L130: 0 | M130: 0 | N130: 0 | O130: 0 | P130: 0 | Q130: 0 | R130: 0 | S130: 19.441453 | T130: =SUM(BaseHoras[[#This Row],[Jan/2019]:[Mar/2019]]) -> 19.441453 | U130: =SUM(BaseHoras[[#This Row],[Abr/2019]:[Jun/2019]]) -> 0 | V130: =SUM(BaseHoras[[#This Row],[Jul/2019]:[Set/2019]]) -> 0 | W130: =SUM(BaseHoras[[#This Row],[Out/2019]:[Dez/2019]]) -> 0
... A143: CLIENTE | B143: BOTICÁRIO | C143: C-3278-2-008 - PRODUÇÃO GRÁFICA | D143: CARLOS HENRIQUE AZEVEDO LUGARESI | E143: MATCH | F143: 0 | G143: 0 | H143: 0 | I143: 0 | J143: 3.0669902 | K143: 488.20496 | L143: 0 | M143: 0 | N143: 0 | O143: 0 | P143: 0 | Q143: 0 | R143: 0 | S143: 491.27195 | T143: =SUM(BaseHoras[[#This Row],[Jan/2019]:[Mar/2019]]) -> 0 | U143: =SUM(BaseHoras[[#This Row],[Abr/2019]:[Jun/2019]]) -> 491.27195 | V143: =SUM(BaseHoras[[#This Row],[Jul/2019]:[Set/2019]]) -> 0 | W143: =SUM(BaseHoras[[#This Row],[Out/2019]:[Dez/2019]]) -> 0
A144: CLIENTE | B144: BOTICÁRIO | C144: C-3278-4-001 | D144: ELIANA APARECIDA PAVAN | E144: INSTITUCIONAL | F144: 0 | G144: 0 | H144: .5 | I144: .5 | J144: 0 | K144: 0 | L144: 0 | M144: 0 | N144: 0 | O144: 0 | P144: 0 | Q144: 0 | R144: 0 | S144: 0 | T144: =SUM(BaseHoras[[#This Row],[Jan/2019]:[Mar/2019]]) -> 0 | U144: =SUM(BaseHoras[[#This Row],[Abr/2019]:[Jun/2019]]) -> 0 | V144: =SUM(BaseHoras[[#This Row],[Jul/2019]:[Set/2019]]) -> 0 | W144: =SUM(BaseHoras[[#This Row],[Out/2019]:[Dez/2019]]) -> 0
A145: CLIENTE | B145: BOTICÁRIO | C145: C-3278-4-004 - ELETRÔNICA - PP FILME MATCH LISOS | D145: CLAUDEMIR BORGES DE SOUZA | E145: INSTITUCIONAL | F145: 0 | G145: 34.94674 | H145: 0 | I145: 0 | J145: 0 | K145: 0 | L145: 0 | M145: 0 | N145: 0 | O145: 0 | P145: 0 | Q145: 0 | R145: 0 | S145: 34.94674 | T145: =SUM(BaseHoras[[#This Row],[Jan/2019]:[Mar/2019]]) -> 34.94674 | U145: =SUM(BaseHoras[[#This Row],[Abr/2019]:[Jun/2019]]) -> 0 | V145: =SUM(BaseHoras[[#This Row],[Jul/2019]:[Set/2019]]) -> 0 | W145: =SUM(BaseHoras[[#This Row],[Out/2019]:[Dez/2019]]) -> 0
A146: CLIENTE | B146: BOTICÁRIO | C146: C-3278-4-010 | D146: BEATRIZ ROSSI | E146: INSTITUCIONAL | F146: 0 | G146: 7.4887487 | H146: 0 | I146: 0 | J146: 0 | K146: 0 | L146: 0 | M146: 0 | N146: 0 | O146: 0 | P146: 0 | Q146: 0 | R146: 0 | S146: 7.4887487 | T146: =SUM(BaseHoras[[#This Row],[Jan/2019]:[Mar/2019]]) -> 7.4887487 | U146: =SUM(BaseHoras[[#This Row],[Abr/2019]:[Jun/2019]]) -> 0 | V146: =SUM(BaseHoras[[#This Row],[Jul/2019]:[Set/2019]]) -> 0 | W146: =SUM(BaseHoras[[#This Row],[Out/2019]:[Dez/2019]]) -> 0
A147: CLIENTE | B147: BOTICÁRIO | C147: C-3279-1-006 - PRODUÇÃO ELETRÔNICA | D147: MARIANA VALVERDE CORREA DA COSTA | E147: NATAL | F147: 0 | G147: 0 | H147: 0 | I147: 0 | J147: 0 | K147: 0 | L147: 0 | M147: 52.883167 | N147: 0 | O147: 0 | P147: 0 | Q147: 0 | R147: 0 | S147: 52.883167 | T147: =SUM(BaseHoras[[#This Row],[Jan/2019]:[Mar/2019]]) -> 0 | U147: =SUM(BaseHoras[[#This Row],[Abr/2019]:[Jun/2019]]) -> 0 | V147: =SUM(BaseHoras[[#This Row],[Jul/2019]:[Set/2019]]) -> 52.883167 | W147: =SUM(BaseHoras[[#This Row],[Out/2019]:[Dez/2019]]) -> 0
A148: CLIENTE | B148: BOTICÁRIO | C148: C-3279-1-034 - PRODUÇÃO ELETRÔNICA | D148: LEONARDO CRUZ FRAGA DAMASCENO | E148: NATAL | F148: 0 | G148: 0 | H148: 0 | I148: 0 | J148: 0 | K148: 0 | L148: 0 | M148: 0 | N148: 72.140717 | O148: 399.00546 | P148: 4088.4916 | Q148: 0 | R148: 0 | S148: 4559.6378 | T148: =SUM(BaseHoras[[#This Row],[Jan/2019]:[Mar/2019]]) -> 0 | U148: =SUM(BaseHoras[[#This Row],[Abr/2019]:[Jun/2019]]) -> 0 | V148: =SUM(BaseHoras[[#This Row],[Jul/2019]:[Set/2019]]) -> 72.140717 | W148: =SUM(BaseHoras[[#This Row],[Out/2019]:[Dez/2019]]) -> 4487.497
A149: CLIENTE | B149: BOTICÁRIO | C149: C-3279-2-004 - ELETRÔNICA - PP FILME NATAL | D149: DIEGO VILLAS BOAS DE JESUS | E149: DATAS | F149: 0 | G149: 0 | H149: 0 | I149: 0 | J149: 0 | K149: 0 | L149: 180.88323 | M149: 21.612016 | N149: 37.452066 | O149: 1150.5846 | P149: 0 | Q149: 0 | R149: 0 | S149: 1390.532 | T149: =SUM(BaseHoras[[#This Row],[Jan/2019]:[Mar/2019]]) -> 0 | U149: =SUM(BaseHoras[[#This Row],[Abr/2019]:[Jun/2019]]) -> 0 | V149: =SUM(BaseHoras[[#This Row],[Jul/2019]:[Set/2019]]) -> 239.94732 | W149: =SUM(BaseHoras[[#This Row],[Out/2019]:[Dez/2019]]) -> 1150.5846
A150: CLIENTE | B150: BOTICÁRIO | C150: C-3279-2-006 - IMAGENS CAMPANHA - NATAL | D150: ANDRE DEL CASTILHO GOLA | E150: DATAS | F150: 0 | G150: 0 | H150: 0 | I150: 0 | J150: 228.2948 | K150: 342.62582 | L150: 0 | M150: 0 | N150: 0 | O150: 0 | P150: 0 | Q150: 0 | R150: 0 | S150: 570.92062 | T150: =SUM(BaseHoras[[#This Row],[Jan/2019]:[Mar/2019]]) -> 0 | U150: =SUM(BaseHoras[[#This Row],[Abr/2019]:[Jun/2019]]) -> 570.92062 | V150: =SUM(BaseHoras[[#This Row],[Jul/2019]:[Set/2019]]) -> 0 | W150: =SUM(BaseHoras[[#This Row],[Out/2019]:[Dez/2019]]) -> 0
A151: CLIENTE | B151: BOTICÁRIO | C151: C-3279-2-006 - IMAGENS CAMPANHA NATAL | D151: CARLOS EDUARDO DA SILVA | E151: INSTITUCIONAL | F151: 0 | G151: 0 | H151: 0 | I151: 0 | J151: 0 | K151: 0 | L151: 301.36262 | M151: 12.300398 | N151: 0 | O151: 0 | P151: 0 | Q151: 0 | R151: 0 | S151: 313.66301 | T151: =SUM(BaseHoras[[#This Row],[Jan/2019]:[Mar/2019]]) -> 0 | U151: =SUM(BaseHoras[[#This Row],[Abr/2019]:[Jun/2019]]) -> 0 | V151: =SUM(BaseHoras[[#This Row],[Jul/2019]:[Set/2019]]) -> 313.66301 | W151: =SUM(BaseHoras[[#This Row],[Out/2019]:[Dez/2019]]) -> 0
A152: CLIENTE | B152: BOTICÁRIO | C152: C-4076-1-003 Finalizações Botica 214 Mídia Adaptações Regionais | D152: ELIANA APARECIDA PAVAN | E152: BOTICA 214 | F152: 5.3587628 | G152: 37.33159 | H152: 0 | I152: 0 | J152: 0 | K152: 0 | L152: 0 | M152: 0 | N152: 0 | O152: 0 | P152: 0 | Q152: 0 | R152: 0 | S152: 42.690353 | T152: =SUM(BaseHoras[[#This Row],[Jan/2019]:[Mar/2019]]) -> 42.690353 | U152: =SUM(BaseHoras[[#This Row],[Abr/2019]:[Jun/2019]]) -> 0 | V152: =SUM(BaseHoras[[#This Row],[Jul/2019]:[Set/2019]]) -> 0 | W152: =SUM(BaseHoras[[#This Row],[Out/2019]:[Dez/2019]]) -> 0
A153: CLIENTE | B153: BOTICÁRIO | C153: C-4076-1-003 Finalizações Botica 214 Mídia Adaptações Regionais | D153: JOSE ROBERTO BEZERRA | E153: BOTICA 214 | F153: 10.548627 | G153: 0 | H153: 0 | I153: 0 | J153: 0 | K153: 0 | L153: 0 | M153: 0 | N153: 0 | O153: 0 | P153: 0 | Q153: 0 | R153: 0 | S153: 10.548627 | T153: =SUM(BaseHoras[[#This Row],[Jan/2019]:[Mar/2019]]) -> 10.548627 | U153: =SUM(BaseHoras[[#This Row],[Abr/2019]:[Jun/2019]]) -> 0 | V153: =SUM(BaseHoras[[#This Row],[Jul/2019]:[Set/2019]]) -> 0 | W153: =SUM(BaseHoras[[#This Row],[Out/2019]:[Dez/2019]]) -> 0
A154: CLIENTE | B154: BOTICÁRIO | C154: C-4076-1-003 Finalizações Botica 214 Mídia Adaptações Regionais | D154: MARINA TORRES DE MESQUITA DA SILVEIRA E SILVA | E154: BOTICA 214 | F154: 192.54009 | G154: 266.77183 | H154: 0 | I154: 0 | J154: 0 | K154: 0 | L154: 0 | M154: 0 | N154: 0 | O154: 0 | P154: 0 | Q154: 0 | R154: 0 | S154: 459.31193 | T154: =SUM(BaseHoras[[#This Row],[Jan/2019]:[Mar/2019]]) -> 459.31193 | U154: =SUM(BaseHoras[[#This Row],[Abr/2019]:[Jun/2019]]) -> 0 | V154: =SUM(BaseHoras[[#This Row],[Jul/2019]:[Set/2019]]) -> 0 | W154: =SUM(BaseHoras[[#This Row],[Out/2019]:[Dez/2019]]) -> 0
A155: CLIENTE | B155: BOTICÁRIO | C155: C-4076-1-003 Finalizações Botica 214 Mídia Adaptações Regionais | D155: RICARDO MINERVINO FILHO | E155: BOTICA 214 | F155: 0 | G155: 48.244207 | H155: 0 | I155: 0 | J155: 0 | K155: 0 | L155: 0 | M155: 0 | N155: 0 | O155: 0 | P155: 0 | Q155: 0 | R155: 0 | S155: 48.244207 | T155: =SUM(BaseHoras[[#This Row],[Jan/2019]:[Mar/2019]]) -> 48.244207 | U155: =SUM(BaseHoras[[#This Row],[Abr/2019]:[Jun/2019]]) -> 0 | V155: =SUM(BaseHoras[[#This Row],[Jul/2019]:[Set/2019]]) -> 0 | W155: =SUM(BaseHoras[[#This Row],[Out/2019]:[Dez/2019]]) -> 0
A156: CLIENTE | B156: BOTICÁRIO | C156: C-4076-1-003 Finalizações Botica 214 Mídia Adaptações Regionais | D156: SERGIO LUIS FACUNDINI | E156: BOTICA 214 | F156: 0 | G156: 0 | H156: 0 | I156: 229.44004 | J156: 0 | K156: 0 | L156: 0 | M156: 0 | N156: 0 | O156: 0 | P156: 0 | Q156: 0 | R156: 0 | S156: 229.44004 | T156: =SUM(BaseHoras[[#This Row],[Jan/2019]:[Mar/2019]]) -> 0 | U156: =SUM(BaseHoras[[#This Row],[Abr/2019]:[Jun/2019]]) -> 229.44004 | V156: =SUM(BaseHoras[[#This Row],[Jul/2019]:[Set/2019]]) -> 0 | W156: =SUM(BaseHoras[[#This Row],[Out/2019]:[Dez/2019]]) -> 0
...

Sheet Report - Aula
B3: Produto | C3: Campanha | D3: Horas Q1 | E3: Horas Q2 | F3: Horas Q3 | G3: Horas Q4 | H3: Total | I3: Part
B4: ARBO | C4: Todas | I4: =IFERROR(H4/$H$16,0) -> 0
B5: EGEO | C5: Todas | I5: =IFERROR(H5/$H$16,0) -> 0
B6: ELYSEE | C6: Todas | I6: =IFERROR(H6/$H$16,0) -> 0
B7: FLORATTA | C7: Todas | I7: =IFERROR(H7/$H$16,0) -> 0
B8: GLAMOUR | C8: Todas | I8: =IFERROR(H8/$H$16,0) -> 0
B9: MAKE B | C9: Todas | I9: =IFERROR(H9/$H$16,0) -> 0
B10: QUASAR | C10: Todas | I10: =IFERROR(H10/$H$16,0) -> 0
B11: NATAL | C11: Todas | I11: =IFERROR(H11/$H$16,0) -> 0
B12: INSTITUCIONAL | C12: Análise de Comunicação | I12: =IFERROR(H12/$H$16,0) -> 0
B13: INSTITUCIONAL | C13: Avaliações de Projetos | I13: =IFERROR(H13/$H$16,0) -> 0
B14: INSTITUCIONAL | C14: Eventos | I14: =IFERROR(H14/$H$16,0) -> 0
B15: INSTITUCIONAL | C15: Planejamento 2019 | I15: =IFERROR(H15/$H$16,0) -> 0
D16: =SUM(D4:D15) -> 0 | E16: =SUM(E4:E15) -> 0 | F16: =SUM(F4:F15) -> 0 | G16: =SUM(G4:G15) -> 0 | H16: =SUM(H4:H15) -> 0 | I16: =IFERROR(H16/$H$16,0) -> 0
B22: ="Relatório atualizado em: " & TEXT(NOW(),"dd/MM/aaaa HH:mm") -> Relatório atualizado em: 29/01/2020 20:31

Sheet Report - Final
B3: Produto | C3: Campanha | D3: Horas Q1 | E3: Horas Q2 | F3: Horas Q3 | G3: Horas Q4 | H3: Total | I3: Part
B4: ARBO | C4: Todas | D4: =SUMIF(Base!$E:$E,'Report - Final'!$B4,Base!T:T) -> 15787.684 | E4: =SUMIF(Base!$E:$E,'Report - Final'!$B4,Base!U:U) -> 0 | F4: =SUMIF(Base!$E:$E,'Report - Final'!$B4,Base!V:V) -> 56.737484 | G4: =SUMIF(Base!$E:$E,'Report - Final'!$B4,Base!W:W) -> 325.62722 | H4: =SUMIF(Base!$E:E,'Report - Final'!B4,Base!S:S) -> 16170.048 | I4: =H4/$H$16 -> 0.047969395
B5: EGEO | C5: Todas | D5: =SUMIF(BaseHoras[Produto],'Report - Final'!$B5,BaseHoras[Q1]) -> 819.46014 | E5: =SUMIF(BaseHoras[Produto],'Report - Final'!$B5,BaseHoras[Q2]) -> 10632.295 | F5: =SUMIF(BaseHoras[Produto],'Report - Final'!$B5,BaseHoras[Q3]) -> 1133.9243 | G5: =SUMIF(BaseHoras[Produto],'Report - Final'!$B5,BaseHoras[Q4]) -> 14694.769 | H5: =SUMIF(BaseHoras[Produto],'Report - Final'!$B5,BaseHoras[Total]) -> 27280.449 | I5: =H5/$H$16 -> 0.080929048
B6: ELYSEE | C6: Todas | D6: =SUMIF(BaseHoras[Produto],'Report - Final'!$B6,BaseHoras[Q1]) -> 6388.811 | E6: =SUMIF(BaseHoras[Produto],'Report - Final'!$B6,BaseHoras[Q2]) -> 9619.4976 | F6: =SUMIF(BaseHoras[Produto],'Report - Final'!$B6,BaseHoras[Q3]) -> 1749.5173 | G6: =SUMIF(BaseHoras[Produto],'Report - Final'!$B6,BaseHoras[Q4]) -> 0 | H6: =SUMIF(BaseHoras[Produto],'Report - Final'!$B6,BaseHoras[Total]) -> 17757.826 | I6: =H6/$H$16 -> 0.05267963
B7: FLORATTA | C7: Todas | D7: =SUMIF(BaseHoras[Produto],'Report - Final'!$B7,BaseHoras[Q1]) -> 4635.5715 | E7: =SUMIF(BaseHoras[Produto],'Report - Final'!$B7,BaseHoras[Q2]) -> 721.27271 | F7: =SUMIF(BaseHoras[Produto],'Report - Final'!$B7,BaseHoras[Q3]) -> 7350.2472 | G7: =SUMIF(BaseHoras[Produto],'Report - Final'!$B7,BaseHoras[Q4]) -> 10823.106 | H7: =SUMIF(BaseHoras[Produto],'Report - Final'!$B7,BaseHoras[Total]) -> 23530.197 | I7: =H7/$H$16 -> 0.069803707
B8: GLAMOUR | C8: Todas | D8: =SUMIF(BaseHoras[Produto],'Report - Final'!$B8,BaseHoras[Q1]) -> 0 | E8: =SUMIF(BaseHoras[Produto],'Report - Final'!$B8,BaseHoras[Q2]) -> 1015.3539 | F8: =SUMIF(BaseHoras[Produto],'Report - Final'!$B8,BaseHoras[Q3]) -> 0 | G8: =SUMIF(BaseHoras[Produto],'Report - Final'!$B8,BaseHoras[Q4]) -> 22.961847 | H8: =SUMIF(BaseHoras[Produto],'Report - Final'!$B8,BaseHoras[Total]) -> 1038.3157 | I8: =H8/$H$16 -> 0.0030802244
B9: MAKE B | C9: Todas | D9: =SUMIF(BaseHoras[Produto],'Report - Final'!$B9,BaseHoras[Q1]) -> 55174.898 | E9: =SUMIF(BaseHoras[Produto],'Report - Final'!$B9,BaseHoras[Q2]) -> 17203.69 | F9: =SUMIF(BaseHoras[Produto],'Report - Final'!$B9,BaseHoras[Q3]) -> 56581.752 | G9: =SUMIF(BaseHoras[Produto],'Report - Final'!$B9,BaseHoras[Q4]) -> 31086.776 | H9: =SUMIF(BaseHoras[Produto],'Report - Final'!$B9,BaseHoras[Total]) -> 160047.12 | I9: =H9/$H$16 -> 0.47478914
B10: QUASAR | C10: Todas | D10: =SUMIF(BaseHoras[Produto],'Report - Final'!$B10,BaseHoras[Q1]) -> 32.70772 | E10: =SUMIF(BaseHoras[Produto],'Report - Final'!$B10,BaseHoras[Q2]) -> 73.630613 | F10: =SUMIF(BaseHoras[Produto],'Report - Final'!$B10,BaseHoras[Q3]) -> 0 | G10: =SUMIF(BaseHoras[Produto],'Report - Final'!$B10,BaseHoras[Q4]) -> 4273.0802 | H10: =SUMIF(BaseHoras[Produto],'Report - Final'!$B10,BaseHoras[Total]) -> 4379.4185 | I10: =H10/$H$16 -> 0.012991801
B11: NATAL | C11: Todas | D11: =SUMIF(BaseHoras[Produto],'Report - Final'!$B11,BaseHoras[Q1]) -> 3.7254173 | E11: =SUMIF(BaseHoras[Produto],'Report - Final'!$B11,BaseHoras[Q2]) -> 0 | F11: =SUMIF(BaseHoras[Produto],'Report - Final'!$B11,BaseHoras[Q3]) -> 125.02388 | G11: =SUMIF(BaseHoras[Produto],'Report - Final'!$B11,BaseHoras[Q4]) -> 4529.0042 | H11: =SUMIF(BaseHoras[Produto],'Report - Final'!$B11,BaseHoras[Total]) -> 4657.7535 | I11: =H11/$H$16 -> 0.013817498
B12: INSTITUCIONAL | C12: Análise de Comunicação | D12: =SUMIFS(BaseHoras[Q1],BaseHoras[Produto],'Report - Final'!$B12,BaseHoras[Campanha],'Report - Final'!$C12) -> 0 | E12: =SUMIFS(BaseHoras[Q2],BaseHoras[Produto],'Report - Final'!$B12,BaseHoras[Campanha],'Report - Final'!$C12) -> 406.4514 | F12: =SUMIFS(BaseHoras[Q3],BaseHoras[Produto],'Report - Final'!$B12,BaseHoras[Campanha],'Report - Final'!C$12) -> 1143.0293 | G12: =SUMIFS(BaseHoras[Q4],BaseHoras[Produto],'Report - Final'!$B12,BaseHoras[Campanha],'Report - Final'!$C12) -> 0 | H12: =SUMIFS(BaseHoras[Total],BaseHoras[Produto],'Report - Final'!$B12,BaseHoras[Campanha],'Report - Final'!$C12) -> 1549.4807 | I12: =H12/$H$16 -> 0.0045966252
B13: INSTITUCIONAL | C13: Avaliações de Projetos | D13: =SUMIFS(BaseHoras[Q1],BaseHoras[Produto],'Report - Final'!$B13,BaseHoras[Campanha],'Report - Final'!$C13) -> 101.14837 | E13: =SUMIFS(BaseHoras[Q2],BaseHoras[Produto],'Report - Final'!$B13,BaseHoras[Campanha],'Report - Final'!$C13) -> 0 | F13: =SUMIFS(BaseHoras[Q3],BaseHoras[Produto],'Report - Final'!$B13,BaseHoras[Campanha],'Report - Final'!C$13) -> 48.276268 | G13: =SUMIFS(BaseHoras[Q4],BaseHoras[Produto],'Report - Final'!$B13,BaseHoras[Campanha],'Report - Final'!$C13) -> 32.705933 | H13: =SUMIFS(BaseHoras[Total],BaseHoras[Produto],'Report - Final'!$B13,BaseHoras[Campanha],'Report - Final'!$C13) -> 182.13057 | I13: =H13/$H$16 -> 0.00054030101
B14: INSTITUCIONAL | C14: Eventos | D14: =SUMIFS(BaseHoras[Q1],BaseHoras[Produto],'Report - Final'!$B14,BaseHoras[Campanha],'Report - Final'!$C14) -> 866.36808 | E14: =SUMIFS(BaseHoras[Q2],BaseHoras[Produto],'Report - Final'!$B14,BaseHoras[Campanha],'Report - Final'!$C14) -> 0 | F14: =SUMIFS(BaseHoras[Q3],BaseHoras[Produto],'Report - Final'!$B14,BaseHoras[Campanha],'Report - Final'!C$14) -> 0 | G14: =SUMIFS(BaseHoras[Q4],BaseHoras[Produto],'Report - Final'!$B14,BaseHoras[Campanha],'Report - Final'!$C14) -> 0 | H14: =SUMIFS(BaseHoras[Total],BaseHoras[Produto],'Report - Final'!$B14,BaseHoras[Campanha],'Report - Final'!$C14) -> 866.36808 | I14: =H14/$H$16 -> 0.0025701316
B15: INSTITUCIONAL | C15: Planejamento 2019 | D15: =SUMIFS(BaseHoras[Q1],BaseHoras[Produto],'Report - Final'!$B15,BaseHoras[Campanha],'Report - Final'!$C15) -> 65796.371 | E15: =SUMIFS(BaseHoras[Q2],BaseHoras[Produto],'Report - Final'!$B15,BaseHoras[Campanha],'Report - Final'!$C15) -> 6869.1846 | F15: =SUMIFS(BaseHoras[Q3],BaseHoras[Produto],'Report - Final'!$B15,BaseHoras[Campanha],'Report - Final'!C$15) -> 4646.4417 | G15: =SUMIFS(BaseHoras[Q4],BaseHoras[Produto],'Report - Final'!$B15,BaseHoras[Campanha],'Report - Final'!$C15) -> 2319.8383 | H15: =SUMIFS(BaseHoras[Total],BaseHoras[Produto],'Report - Final'!$B15,BaseHoras[Campanha],'Report - Final'!$C15) -> 79631.836 | I15: =H15/$H$16 -> 0.2362325
D16: =SUM(D4:D15) -> 149606.75 | E16: =SUM(E4:E15) -> 46541.376 | F16: =SUM(F4:F15) -> 72834.949 | G16: =SUM(G4:G15) -> 68107.869 | H16: =SUM(H4:H15) -> 337090.94 | I16: =H16/$H$16 -> 1
B22: ="Relatório atualizado em: " & TEXT(NOW(),"dd/MM/aaaa HH:mm") -> Relatório atualizado em: 29/01/2020 20:31
