Workbook

Sheet 1 - Requisitos Funcionais
B1: Escopo PoC (Proof of Concept) - Projeto X
A2: Fornecedor: [Fornecedor] | C2: Data: [xx/xx/xxx]
B4: Requisitos Funcionais
B5: Conceito a ser provado | C5: Critério de Aceite | D5: Módulo que atende o requisito | E5: Nível de Requisito | F5: Resultado | G5: Responsável | H5: Participantes | I5: Comentário Final
A6: 1.1 | B6: A solução possui uma interface GUI que permita a figura do Data Steward inspecionar registros passíveis de match e manualmente decidir qual registro irá prevalecer/Merge (decisão sobre o registro mestre)? | C6: Demonstrar a identificação/deduplicação dos clientes que estão nas 3 tabelas de clientes selecionadas para a POC. Selecionar CNs que possuem o mesmo Endereço de Entrega, Telefone e CPF. Demonstrar o processo manual de Merge e Unmerge. | D6: IDD | E6: Mandatório | F6: 1 - Atende de forma Nativa | G6: Juliana Delgado | H6: Priscila Ribeiro, Carlos Arouca e Rodrigo Velasco | I6: Foram demonstrados (vide evidências) os processos de parametrização do Match (por Endereço, Telefone e CPF), bem como o processo Automático e Manual de Merge, através da interface do Hub MDM chamada de IDD. Foi demostrado também o processo de Unmerge para desfazer a deduplicação.
A7: 1.2
A8: 1.3
A9: 1.4
A10: 1.5
A11: 1.6
A12: 1.7
A13: 1.8
A14: 1.9
A15: 1.10
A16: 1.11
A17: 1.12
A18: 1.13
... A55: 1.50
G58: {=COUNTA(IF(AND(E6:E55="Mandatório",F6:F55="1 - Atende de forma Nativa"),F6:F55,0),0)} -> 2
G59: =COUNTIFS(E6:E55,"Mandatório",F6:F55,"1 - Atende de forma Nativa") -> 1

Sheet 2 - Requisitos Técnicos
B1: Escopo PoC (Proof of Concept) - Projeto X
A2: Fornecedor: [Fornecedor] | C2: Data: [xx/xx/xxx]
B4: Requisitos Técnicos
B5: Conceito a ser provado | C5: Critério de Aceite | D5: Módulo que atende o requisito | E5: Nível de Requisito | F5: Resultado | G5: Responsável | H5: Participantes | I5: Comentário Final
A6: 2.1 | B6: A solução permite a implementação dos diversos cenários de MDM ? Registry pattern, transactional/persistent hub ou Coexistent ( hybrid ) hub ? | C6: Demonstrar o processo de configuração e definição os modelos Federados, persistentes e hibridos. Apresentar cases e boas práticas para a definição da melhor estratégia de implantação. Simular um cenário com uma tabela Federada e outro com uma tabela Persistente. | D6: MDM HUB | E6: Mandatório | F6: 1 - Atende de forma Nativa | G6: Weslley Figueiredo | H6: Carlos Arouca e Rodrigo Velasco | I6: Possui funcionalidade chamada Link Management onde pode ser habilitada por Tabela garantindo também um modelo híbrido. Esta opção mantém o dado mestre na aplicação de origem e garante todas as funcionalidades do MDM. Com esta opção desabilitada os dados da tabela são automaticamente persistidos no MDM HUB.
A7: 2.2
A8: 2.3
A9: 2.4
A10: 2.5
A11: 2.6
A12: 2.7
A13: 2.8
A14: 2.9
A15: 2.10
A16: 2.11
A17: 2.12
A18: 2.13
... A55: 2.50

Sheet 3 - Metas e Resultados
B1: Metas e Resultados
B3: Critérios de Avaliação - Requisitos Funcionais
B4: Classificação | C4: Mandatórios | E4: Desejáveis
C5: Meta | D5: Resultado | E5: Meta | F5: Resultado
B6: 1 - Atende de forma nativa | C6: 0.85 | D6: =IF((COUNTIF('1 - Requisitos Funcionais'!$E$6:$E$1039,"Mandatório")-COUNTIFS('1 - Requisitos Funcionais'!$E:$E,"Mandatório",'1 - Requisitos Funcionais'!$F:$F,"6 - Não se aplica"))=0,0,(((COUNTIFS('1 - Requisitos Funcionais'!$E:$E,"Mandatório",'1 - Requisitos Funcionais'!$F:$F,"1 - Atende de forma nativa")+COUNTIFS('1 - Requisitos Funcionais'!$E:$E,"Mandatório",'1 - Requisitos Funcionais'!$F:$F,"2 - Atende com customização/parametrização"))/(COUNTIF('1 - Requisitos Funcionais'!$E$6:$E$1039,"Mandatório")-COUNTIFS('1 - Requisitos Funcionais'!$E:$E,"Mandatório",'1 - Requisitos Funcionais'!$F:$F,"6 - Não se aplica"))))) -> 1 | E6: 0.5 | F6: =IF((COUNTIF('1 - Requisitos Funcionais'!$E$6:$E$1039,"Desejável")-COUNTIFS('1 - Requisitos Funcionais'!$E:$E,"Desejável",'1 - Requisitos Funcionais'!$F:$F,"6 - Não se aplica"))=0,0,((COUNTIFS('1 - Requisitos Funcionais'!$E:$E,"Desejável",'1 - Requisitos Funcionais'!$F:$F,"1 - Atende de forma nativa")+COUNTIFS('1 - Requisitos Funcionais'!$E:$E,"Desejável",'1 - Requisitos Funcionais'!$F:$F,"2 - Atende com customização/parametrização"))/(COUNTIF('1 - Requisitos Funcionais'!$E$6:$E$1039,"Desejável")-COUNTIFS('1 - Requisitos Funcionais'!$E:$E,"Desejável",'1 - Requisitos Funcionais'!$F:$F,"6 - Não se aplica")))) -> 0
B7: 2 - Atende com customização/parametrização
B8: 3 - Atende com codificação | C8: 0.05 | D8: =IF((COUNTIF('1 - Requisitos Funcionais'!$E$6:$E$1039,"Mandatório")-COUNTIFS('1 - Requisitos Funcionais'!$E:$E,"Mandatório",'1 - Requisitos Funcionais'!$F:$F,"6 - Não se aplica"))=0,0,((COUNTIFS('1 - Requisitos Funcionais'!$E:$E,"Mandatório",'1 - Requisitos Funcionais'!$F:$F,"3 - Atende com codificação"))/(COUNTIF('1 - Requisitos Funcionais'!$E$6:$E$1039,"Mandatório")-COUNTIFS('1 - Requisitos Funcionais'!$E:$E,"Mandatório",'1 - Requisitos Funcionais'!$F:$F,"6 - Não se aplica")))) -> 0 | E8: 0.15 | F8: =IF((COUNTIF('1 - Requisitos Funcionais'!$E$6:$E$1039,"Desejável")-COUNTIFS('1 - Requisitos Funcionais'!$E:$E,"Desejável",'1 - Requisitos Funcionais'!$F:$F,"6 - Não se aplica"))=0,0,(COUNTIFS('1 - Requisitos Funcionais'!$E:$E,"Desejável",'1 - Requisitos Funcionais'!$F:$F,"3 - Atende com codificação"))/(COUNTIF('1 - Requisitos Funcionais'!$E$6:$E$1039,"Desejável")-COUNTIFS('1 - Requisitos Funcionais'!$E:$E,"Desejável",'1 - Requisitos Funcionais'!$F:$F,"6 - Não se aplica"))) -> 0
B9: 4 - Atende com aplicação terceira | C9: 0.1 | D9: =IF((COUNTIF('1 - Requisitos Funcionais'!$E$6:$E$1039,"Mandatório")-COUNTIFS('1 - Requisitos Funcionais'!$E:$E,"Mandatório",'1 - Requisitos Funcionais'!$F:$F,"6 - Não se aplica"))=0,0,((COUNTIFS('1 - Requisitos Funcionais'!$E:$E,"Mandatório",'1 - Requisitos Funcionais'!$F:$F,"4 - Atende com aplicação terceira"))/(COUNTIF('1 - Requisitos Funcionais'!$E$6:$E$1039,"Mandatório")-COUNTIFS('1 - Requisitos Funcionais'!$E:$E,"Mandatório",'1 - Requisitos Funcionais'!$F:$F,"6 - Não se aplica")))) -> 0 | E9: 0.15 | F9: =IF((COUNTIF('1 - Requisitos Funcionais'!$E$6:$E$1039,"Desejável")-COUNTIFS('1 - Requisitos Funcionais'!$E:$E,"Desejável",'1 - Requisitos Funcionais'!$F:$F,"6 - Não se aplica"))=0,0,(COUNTIFS('1 - Requisitos Funcionais'!$E:$E,"Desejável",'1 - Requisitos Funcionais'!$F:$F,"4 - Atende com aplicação terceira"))/(COUNTIF('1 - Requisitos Funcionais'!$E$6:$E$1039,"Desejável")-COUNTIFS('1 - Requisitos Funcionais'!$E:$E,"Desejável",'1 - Requisitos Funcionais'!$F:$F,"6 - Não se aplica"))) -> 0
B10: 5 - Não atende | C10: 0 | D10: =IF((COUNTIF('1 - Requisitos Funcionais'!$E$6:$E$1039,"Mandatório")-COUNTIFS('1 - Requisitos Funcionais'!$E:$E,"Mandatório",'1 - Requisitos Funcionais'!$F:$F,"6 - Não se aplica"))=0,0,((COUNTIFS('1 - Requisitos Funcionais'!$E:$E,"Mandatório",'1 - Requisitos Funcionais'!$F:$F,"5 - Não atende"))/(COUNTIF('1 - Requisitos Funcionais'!$E$6:$E$1039,"Mandatório")-COUNTIFS('1 - Requisitos Funcionais'!$E:$E,"Mandatório",'1 - Requisitos Funcionais'!$F:$F,"6 - Não se aplica")))) -> 0 | E10: 0.2 | F10: =IF((COUNTIF('1 - Requisitos Funcionais'!$E$6:$E$1039,"Desejável")-COUNTIFS('1 - Requisitos Funcionais'!$E:$E,"Desejável",'1 - Requisitos Funcionais'!$F:$F,"6 - Não se aplica"))=0,0,(COUNTIFS('1 - Requisitos Funcionais'!$E:$E,"Desejável",'1 - Requisitos Funcionais'!$F:$F,"5 - Não atende"))/(COUNTIF('1 - Requisitos Funcionais'!$E$6:$E$1039,"Desejável")-COUNTIFS('1 - Requisitos Funcionais'!$E:$E,"Desejável",'1 - Requisitos Funcionais'!$F:$F,"6 - Não se aplica"))) -> 0
C11: =SUM(C6:C10) -> 1 | D11: =SUM(D6:D10) -> 1 | E11: =SUM(E6:E10) -> 1 | F11: =SUM(F6:F10) -> 0
B13: Critérios de Avaliação - Requisitos Técnicos
B14: Classificação | C14: Mandatórios | E14: Desejáveis
C15: Meta | D15: Resultado | E15: Meta | F15: Resultado
B16: 1 - Atende de forma nativa | C16: 0.85 | D16: =IF((COUNTIF('2 - Requisitos Técnicos'!$E$6:$E$1039,"Mandatório")-COUNTIFS('2 - Requisitos Técnicos'!$E:$E,"Mandatório",'2 - Requisitos Técnicos'!$F:$F,"6 - Não se aplica"))=0,0,(((COUNTIFS('2 - Requisitos Técnicos'!$E:$E,"Mandatório",'2 - Requisitos Técnicos'!$F:$F,"1 - Atende de forma nativa")+COUNTIFS('2 - Requisitos Técnicos'!$E:$E,"Mandatório",'2 - Requisitos Técnicos'!$F:$F,"2 - Atende com customização/parametrização"))/(COUNTIF('2 - Requisitos Técnicos'!$E$6:$E$1039,"Mandatório")-COUNTIFS('2 - Requisitos Técnicos'!$E:$E,"Mandatório",'2 - Requisitos Técnicos'!$F:$F,"6 - Não se aplica"))))) -> 1 | E16: 0.5 | F16: =IF((COUNTIF('2 - Requisitos Técnicos'!$E$6:$E$1039,"Desejável")-COUNTIFS('2 - Requisitos Técnicos'!$E:$E,"Desejável",'2 - Requisitos Técnicos'!$F:$F,"6 - Não se aplica"))=0,0,((COUNTIFS('2 - Requisitos Técnicos'!$E:$E,"Desejável",'2 - Requisitos Técnicos'!$F:$F,"1 - Atende de forma nativa")+COUNTIFS('2 - Requisitos Técnicos'!$E:$E,"Desejável",'2 - Requisitos Técnicos'!$F:$F,"2 - Atende com customização/parametrização"))/(COUNTIF('2 - Requisitos Técnicos'!$E$6:$E$1039,"Desejável")-COUNTIFS('2 - Requisitos Técnicos'!$E:$E,"Desejável",'2 - Requisitos Técnicos'!$F:$F,"6 - Não se aplica")))) -> 0
B17: 2 - Atende com customização/parametrização
B18: 3 - Atende com codificação | C18: 0.05 | D18: =IF((COUNTIF('2 - Requisitos Técnicos'!$E$6:$E$1039,"Mandatório")-COUNTIFS('2 - Requisitos Técnicos'!$E:$E,"Mandatório",'2 - Requisitos Técnicos'!$F:$F,"6 - Não se aplica"))=0,0,((COUNTIFS('2 - Requisitos Técnicos'!$E:$E,"Mandatório",'2 - Requisitos Técnicos'!$F:$F,"3 - Atende com codificação"))/(COUNTIF('2 - Requisitos Técnicos'!$E$6:$E$1039,"Mandatório")-COUNTIFS('2 - Requisitos Técnicos'!$E:$E,"Mandatório",'2 - Requisitos Técnicos'!$F:$F,"6 - Não se aplica")))) -> 0 | E18: 0.15 | F18: =IF((COUNTIF('2 - Requisitos Técnicos'!$E$6:$E$1039,"Desejável")-COUNTIFS('2 - Requisitos Técnicos'!$E:$E,"Desejável",'2 - Requisitos Técnicos'!$F:$F,"6 - Não se aplica"))=0,0,(COUNTIFS('2 - Requisitos Técnicos'!$E:$E,"Desejável",'2 - Requisitos Técnicos'!$F:$F,"3 - Atende com codificação"))/(COUNTIF('2 - Requisitos Técnicos'!$E$6:$E$1039,"Desejável")-COUNTIFS('2 - Requisitos Técnicos'!$E:$E,"Desejável",'2 - Requisitos Técnicos'!$F:$F,"6 - Não se aplica"))) -> 0
B19: 4 - Atende com aplicação terceira | C19: 0.1 | D19: =IF((COUNTIF('2 - Requisitos Técnicos'!$E$6:$E$1039,"Mandatório")-COUNTIFS('2 - Requisitos Técnicos'!$E:$E,"Mandatório",'2 - Requisitos Técnicos'!$F:$F,"6 - Não se aplica"))=0,0,((COUNTIFS('2 - Requisitos Técnicos'!$E:$E,"Mandatório",'2 - Requisitos Técnicos'!$F:$F,"4 - Atende com aplicação terceira"))/(COUNTIF('2 - Requisitos Técnicos'!$E$6:$E$1039,"Mandatório")-COUNTIFS('2 - Requisitos Técnicos'!$E:$E,"Mandatório",'2 - Requisitos Técnicos'!$F:$F,"6 - Não se aplica")))) -> 0 | E19: 0.15 | F19: =IF((COUNTIF('2 - Requisitos Técnicos'!$E$6:$E$1039,"Desejável")-COUNTIFS('2 - Requisitos Técnicos'!$E:$E,"Desejável",'2 - Requisitos Técnicos'!$F:$F,"6 - Não se aplica"))=0,0,(COUNTIFS('2 - Requisitos Técnicos'!$E:$E,"Desejável",'2 - Requisitos Técnicos'!$F:$F,"4 - Atende com aplicação terceira"))/(COUNTIF('2 - Requisitos Técnicos'!$E$6:$E$1039,"Desejável")-COUNTIFS('2 - Requisitos Técnicos'!$E:$E,"Desejável",'2 - Requisitos Técnicos'!$F:$F,"6 - Não se aplica"))) -> 0
B20: 5 - Não atende | C20: 0 | D20: =IF((COUNTIF('2 - Requisitos Técnicos'!$E$6:$E$1039,"Mandatório")-COUNTIFS('2 - Requisitos Técnicos'!$E:$E,"Mandatório",'2 - Requisitos Técnicos'!$F:$F,"6 - Não se aplica"))=0,0,((COUNTIFS('2 - Requisitos Técnicos'!$E:$E,"Mandatório",'2 - Requisitos Técnicos'!$F:$F,"5 - Não atende"))/(COUNTIF('2 - Requisitos Técnicos'!$E$6:$E$1039,"Mandatório")-COUNTIFS('2 - Requisitos Técnicos'!$E:$E,"Mandatório",'2 - Requisitos Técnicos'!$F:$F,"6 - Não se aplica")))) -> 0 | E20: 0.2 | F20: =IF((COUNTIF('2 - Requisitos Técnicos'!$E$6:$E$1039,"Desejável")-COUNTIFS('2 - Requisitos Técnicos'!$E:$E,"Desejável",'2 - Requisitos Técnicos'!$F:$F,"6 - Não se aplica"))=0,0,(COUNTIFS('2 - Requisitos Técnicos'!$E:$E,"Desejável",'2 - Requisitos Técnicos'!$F:$F,"5 - Não atende"))/(COUNTIF('2 - Requisitos Técnicos'!$E$6:$E$1039,"Desejável")-COUNTIFS('2 - Requisitos Técnicos'!$E:$E,"Desejável",'2 - Requisitos Técnicos'!$F:$F,"6 - Não se aplica"))) -> 0
C21: =SUM(C16:C20) -> 1 | D21: =SUM(D16:D20) -> 1 | E21: =SUM(E16:E20) -> 1 | F21: =SUM(F16:F20) -> 0
