Workbook

Sheet Instruções
B8: Instruções para utilização da Planilha
B9: - Inicialmente você deve cadastrar um projeto na aba "5W2H". Preencher todos os campos solicitados.
B10: - Na aba "Plano de Ação" as informações das atividades, serão preenchidas automaticamente com os dados alimentados na aba "5W2H".
B11: - Na aba "Plano de Ação", informar a data final da atividade para que possa ser calculado os dias de atraso, caso houver.
B12: - Imprescindível preencher a coluna em laranja de "Status", pois são esses dados que serão informados na aba "Kanban"
B13: - Na aba "Kanban" as atividades serão distribuídas visualmente, de acordo com os dados informados na aba "Plano de Ação". Cada vez que os status mudarem, as atividades automaticamente mudarão de colunas.
B14: - Caso você necessite mudar algum parâmetro, altere os dados na última aba.
B15: Para saber mais!
B16: Se você tiver dúvidas sobre a diferença entre Importância e Urgência, temos um conteúdo bem explicativo:
B17: =HYPERLINK("https://www.treasy.com.br/blog/gestao-de-tarefas#Gerenciamento-de-tarefas-atividades-urgentes-x-atividades-importantes","Gestão de Tarefas: Urgência X Importância") -> Gestão de Tarefas: Urgência X Importância
B18: Caso queira saber mais sobre Plano de ação, acesse:
B19: =HYPERLINK("https://www.treasy.com.br/blog/plano-de-acao","Plano de Ação – O passo a passo da ideia à concretização de seus objetivos!") -> Plano de Ação – O passo a passo da ideia à concretização de seus objetivos!
B20: Sobre a metodologia de 5W2H:
B21: =HYPERLINK("https://www.treasy.com.br/blog/5w2h","5W2H – Reduzindo incertezas e ganhando produtividade para os planos de ações de sua empresa") -> 5W2H – Reduzindo incertezas e ganhando produtividade para os planos de ações de sua empresa
B22: Sobre Scrum:
B23: =HYPERLINK("https://www.treasy.com.br/blog/scrum","Scrum: como essa metodologia pode te ajudar a poupar tempo e gerir melhor seus projetos") -> Scrum: como essa metodologia pode te ajudar a poupar tempo e gerir melhor seus projetos
B25: Conheça o Treasy, a solução completa de Planejamento e Controladoria!
B37: =HYPERLINK("https://www.treasy.com.br/","Acesse www.treasy.com.br e crie uma conta para conhecer!") -> Acesse www.treasy.com.br e crie uma conta para conhecer!

Sheet 5W2H
B2: 5W2H
B5: Projeto | C5: Nome do seu projeto
B6: Status | C6: Em definição
B7: Nível de importância | C7: Alto
B8: Nível de urgência | C8: Alto
B9: WHAT ( o que será feito ) | C9: O que será feito no projeto?
B11: WHY ( porquê? ) | C11: Porquê será feito?
B12: WHO ( por quem ) | C12: Nome do Envolvido 01
C13: Nome do Envolvido 02
C14: Nome do Envolvido 03
C15: Nome do Envolvido 04
B16: WHEN ( quando será feito ) | C16: Data de Início: | D16: 42917
C17: Data Final: | D17: 42948
B18: WHERE ( onde será feito ) | C18: Aonde este projeto será feito?
B19: HOW ( as etapas do processo) | C19: Ação #01 | D19: A iniciar
C20: Ação #02 | D20: Executando
C21: Ação #03 | D21: Concluído
C22: Ação #04 | D22: Standby
C23: Ação #05 | D23: Cancelado
C24: Ação #06 | D24: A iniciar
B25: HOW MUCH ( quanto custa ) | C25: Valor Financeiro ou Tempo

Sheet Plano de Ação
B2: Ação | C2: Início | D2: Término Previsto | E2: Responsável | F2: Departamento | G2: Status | H2: Data Final Real | I2: Dias de atraso | J2: Observações
B3: ='5W2H'!C19 -> Ação #01 | C3: 42935 | D3: 42946 | E3: Nome do Envolvido 01 | F3: Administrativo | G3: Backlog | H3: 42963 | I3: =IFERROR(DATEDIF(D3,H3,"D"),0) -> 17
B4: ='5W2H'!C20 -> Ação #02 | C4: 42922 | D4: 42947 | E4: Nome do Envolvido 02 | F4: Administrativo | G4: To Do | H4: 42970 | I4: =IFERROR(DATEDIF(D4,H4,"D"),0) -> 23
B5: ='5W2H'!C21 -> Ação #03 | C5: 42926 | D5: 42948 | E5: Nome do Envolvido 01 | F5: Financeiro | G5: Doing | H5: 43025 | I5: =IFERROR(DATEDIF(D5,H5,"D"),0) -> 77
B6: ='5W2H'!C22 -> Ação #04 | C6: 42931 | D6: 42949 | E6: Nome do Envolvido 03 | F6: Marketing | G6: Backlog | H6: 42990 | I6: =IFERROR(DATEDIF(D6,H6,"D"),0) -> 41
B7: ='5W2H'!C23 -> Ação #05 | C7: 42936 | D7: 42950 | E7: Nome do Envolvido 01 | F7: Financeiro | G7: Doing | H7: 42972 | I7: =IFERROR(DATEDIF(D7,H7,"D"),0) -> 22
B8: ='5W2H'!C24 -> Ação #06 | C8: 42941 | D8: 42951 | E8: Nome do Envolvido 04 | F8: Marketing | G8: Done | H8: 42967 | I8: =IFERROR(DATEDIF(D8,H8,"D"),0) -> 16
I9: =IFERROR(DATEDIF(D9,H9,"D"),0) -> 0
I10: =IFERROR(DATEDIF(D10,H10,"D"),0) -> 0
I11: =IFERROR(DATEDIF(D11,H11,"D"),0) -> 0
I12: =IFERROR(DATEDIF(D12,H12,"D"),0) -> 0
I13: =IFERROR(DATEDIF(D13,H13,"D"),0) -> 0
I14: =IFERROR(DATEDIF(D14,H14,"D"),0) -> 0
I15: =IFERROR(DATEDIF(D15,H15,"D"),0) -> 0
I16: =IFERROR(DATEDIF(D16,H16,"D"),0) -> 0
I17: =IFERROR(DATEDIF(D17,H17,"D"),0) -> 0
I18: =IFERROR(DATEDIF(D18,H18,"D"),0) -> 0
I19: =IFERROR(DATEDIF(D19,H19,"D"),0) -> 0
I20: =IFERROR(DATEDIF(D20,H20,"D"),0) -> 0

Sheet Kanban
B1: Projeto: | C1: ='5W2H'!C5 -> Nome do seu projeto
B3: Backlog | E3: To Do | H3: Doing | K3: Done
B4: =IF('Plano de Ação'!$G3=$B$3,'Plano de Ação'!$B3," ") -> Ação #01 | E4: =IF('Plano de Ação'!$G3=$E$3,'Plano de Ação'!$B3," ") | H4: =IF('Plano de Ação'!$G3=$H$3,'Plano de Ação'!$B3," ") | K4: =IF('Plano de Ação'!$G3=$K$3,'Plano de Ação'!$B3," ")
B5: =IF('Plano de Ação'!$G4=$B$3,'Plano de Ação'!$B4," ") | E5: =IF('Plano de Ação'!$G4=$E$3,'Plano de Ação'!$B4," ") -> Ação #02 | H5: =IF('Plano de Ação'!$G4=$H$3,'Plano de Ação'!$B4," ") | K5: =IF('Plano de Ação'!$G4=$K$3,'Plano de Ação'!$B4," ")
B6: =IF('Plano de Ação'!$G5=$B$3,'Plano de Ação'!$B5," ") | E6: =IF('Plano de Ação'!$G5=$E$3,'Plano de Ação'!$B5," ") | H6: =IF('Plano de Ação'!$G5=$H$3,'Plano de Ação'!$B5," ") -> Ação #03 | K6: =IF('Plano de Ação'!$G5=$K$3,'Plano de Ação'!$B5," ")
B7: =IF('Plano de Ação'!$G6=$B$3,'Plano de Ação'!$B6," ") -> Ação #04 | E7: =IF('Plano de Ação'!$G6=$E$3,'Plano de Ação'!$B6," ") | H7: =IF('Plano de Ação'!$G6=$H$3,'Plano de Ação'!$B6," ") | K7: =IF('Plano de Ação'!$G6=$K$3,'Plano de Ação'!$B6," ")
B8: =IF('Plano de Ação'!$G7=$B$3,'Plano de Ação'!$B7," ") | E8: =IF('Plano de Ação'!$G7=$E$3,'Plano de Ação'!$B7," ") | H8: =IF('Plano de Ação'!$G7=$H$3,'Plano de Ação'!$B7," ") -> Ação #05 | K8: =IF('Plano de Ação'!$G7=$K$3,'Plano de Ação'!$B7," ")
B9: =IF('Plano de Ação'!$G8=$B$3,'Plano de Ação'!$B8," ") | E9: =IF('Plano de Ação'!$G8=$E$3,'Plano de Ação'!$B8," ") | H9: =IF('Plano de Ação'!$G8=$H$3,'Plano de Ação'!$B8," ") | K9: =IF('Plano de Ação'!$G8=$K$3,'Plano de Ação'!$B8," ") -> Ação #06
B10: =IF('Plano de Ação'!$G9=$B$3,'Plano de Ação'!$B9," ") | E10: =IF('Plano de Ação'!$G9=$E$3,'Plano de Ação'!$B9," ") | H10: =IF('Plano de Ação'!$G9=$H$3,'Plano de Ação'!$B9," ") | K10: =IF('Plano de Ação'!$G9=$K$3,'Plano de Ação'!$B9," ")
B11: =IF('Plano de Ação'!$G10=$B$3,'Plano de Ação'!$B10," ") | E11: =IF('Plano de Ação'!$G10=$E$3,'Plano de Ação'!$B10," ") | H11: =IF('Plano de Ação'!$G10=$H$3,'Plano de Ação'!$B10," ") | K11: =IF('Plano de Ação'!$G10=$K$3,'Plano de Ação'!$B10," ")
B12: =IF('Plano de Ação'!$G11=$B$3,'Plano de Ação'!$B11," ") | E12: =IF('Plano de Ação'!$G11=$E$3,'Plano de Ação'!$B11," ") | H12: =IF('Plano de Ação'!$G11=$H$3,'Plano de Ação'!$B11," ") | K12: =IF('Plano de Ação'!$G11=$K$3,'Plano de Ação'!$B11," ")
B13: =IF('Plano de Ação'!$G12=$B$3,'Plano de Ação'!$B12," ") | E13: =IF('Plano de Ação'!$G12=$E$3,'Plano de Ação'!$B12," ") | H13: =IF('Plano de Ação'!$G12=$H$3,'Plano de Ação'!$B12," ") | K13: =IF('Plano de Ação'!$G12=$K$3,'Plano de Ação'!$B12," ")
B14: =IF('Plano de Ação'!$G13=$B$3,'Plano de Ação'!$B13," ") | E14: =IF('Plano de Ação'!$G13=$E$3,'Plano de Ação'!$B13," ") | H14: =IF('Plano de Ação'!$G13=$H$3,'Plano de Ação'!$B13," ") | K14: =IF('Plano de Ação'!$G13=$K$3,'Plano de Ação'!$B13," ")
B15: =IF('Plano de Ação'!$G14=$B$3,'Plano de Ação'!$B14," ") | E15: =IF('Plano de Ação'!$G14=$E$3,'Plano de Ação'!$B14," ") | H15: =IF('Plano de Ação'!$G14=$H$3,'Plano de Ação'!$B14," ") | K15: =IF('Plano de Ação'!$G14=$K$3,'Plano de Ação'!$B14," ")
... B19: =IF('Plano de Ação'!$G18=$B$3,'Plano de Ação'!$B18," ") | E19: =IF('Plano de Ação'!$G18=$E$3,'Plano de Ação'!$B18," ") | H19: =IF('Plano de Ação'!$G18=$H$3,'Plano de Ação'!$B18," ") | K19: =IF('Plano de Ação'!$G18=$K$3,'Plano de Ação'!$B18," ")
B20: =IF('Plano de Ação'!$G19=$B$3,'Plano de Ação'!$B19," ")

Sheet Parâmetros
A1: Status | B1: Importância e Urgência | C1: Departamentos | D1: Status das Atividades | E1: Status Kanban
A2: Em andamento | B2: Baixo | C2: Administrativo | D2: A iniciar | E2: Backlog
A3: Em definição | B3: Médio | C3: Financeiro | D3: Executando | E3: To Do
A4: Concluído | B4: Alto | C4: Comercial | D4: Concluído | E4: Doing
C5: Marketing | D5: Standby | E5: Done
C6: Produção | D6: Cancelado
C7: Logística
C8: RH
