Workbook

Sheet Funções Básicas - Aula
A1: Cliente | B1: Data | C1: Qtd Pis | D1: Valor Faturado | F1: ARRUMAR | G1: SUBSTITUIR | H1: TEXTO(data) | I1: TEXTO(número) | J1: DIA | K1: MÊS | L1: ANO | M1: & | N1: CONCAT
A2: VW (*) | B2: 43770 | C2: 200 | D2: 214577.79
A3: O Boticário | B3: 43770 | C3: 110 | D3: 518095.97
A4: GOL Linhas Áreas | B4: 43770 | C4: 220 | D4: 92343.837
A5: VW (*) | B5: 43800 | C5: 150 | D5: 474017.62
A6: O Boticário | B6: 43800 | C6: 58 | D6: 912530.22
A7: GOL Linhas Áreas | B7: 43770 | C7: 300 | D7: 406145.3
A8: VW (*) | B8: 43831 | C8: 280 | D8: 299172.93
A9: O Boticário | B9: 43831 | C9: 10 | D9: 109861.46
A10: GOL Linhas Áreas | B10: 43831 | C10: 20 | D10: 426276.94

Sheet Funções Básicas - Final
A1: Cliente | B1: Data | C1: Qtd Pis | D1: Valor Faturado | F1: ARRUMAR | G1: SUBSTITUIR | H1: TEXTO(data) | I1: TEXTO(número) | J1: DIA | K1: MÊS | L1: ANO | M1: & | N1: CONCAT
A2: VW (*) | B2: 43770 | C2: 200 | D2: 214577.79 | F2: =TRIM(A2) -> VW (*) | G2: =SUBSTITUTE(F2," (*)","") -> VW | H2: =TEXT(B2,"MMMM/aaaa") -> novembro/2019 | I2: =TEXT(D2,"#.#") -> 214.578 | J2: =DAY(B2) -> 1 | K2: =MONTH(B2) -> 11 | L2: =YEAR(B2) -> 2019 | M2: =J2 & "/" & K2 & "/" & L2 -> 1/11/2019 | N2: =_xlfn.CONCAT("O cliente ", G2," faturou em ",H2," o valor de: R$ ",I2) -> O cliente VW faturou em novembro/2019 o valor de: R$ 214.578
A3: O Boticário | B3: 43770 | C3: 110 | D3: 518095.97 | F3: =TRIM(A3) -> O Boticário | G3: =SUBSTITUTE(F3," (*)","") -> O Boticário | H3: =TEXT(B3,"MMMM/aaaa") -> novembro/2019 | I3: =TEXT(D3,"#.#") -> 518.096 | J3: =DAY(B3) -> 1 | K3: =MONTH(B3) -> 11 | L3: =YEAR(B3) -> 2019 | M3: =J3 & "/" & K3 & "/" & L3 -> 1/11/2019 | N3: =_xlfn.CONCAT("O cliente ", G3," faturou em ",H3," o valor de: R$ ",I3) -> O cliente O Boticário faturou em novembro/2019 o valor de: R$ 518.096
A4: GOL Linhas Áreas | B4: 43770 | C4: 220 | D4: 92343.837 | F4: =TRIM(A4) -> GOL Linhas Áreas | G4: =SUBSTITUTE(F4," (*)","") -> GOL Linhas Áreas | H4: =TEXT(B4,"MMMM/aaaa") -> novembro/2019 | I4: =TEXT(D4,"#.#") -> 92.344 | J4: =DAY(B4) -> 1 | K4: =MONTH(B4) -> 11 | L4: =YEAR(B4) -> 2019 | M4: =J4 & "/" & K4 & "/" & L4 -> 1/11/2019 | N4: =_xlfn.CONCAT("O cliente ", G4," faturou em ",H4," o valor de: R$ ",I4) -> O cliente GOL Linhas Áreas faturou em novembro/2019 o valor de: R$ 92.344
A5: VW (*) | B5: 43800 | C5: 150 | D5: 474017.62 | F5: =TRIM(A5) -> VW (*) | G5: =SUBSTITUTE(F5," (*)","") -> VW | H5: =TEXT(B5,"MMMM/aaaa") -> dezembro/2019 | I5: =TEXT(D5,"#.#") -> 474.018 | J5: =DAY(B5) -> 1 | K5: =MONTH(B5) -> 12 | L5: =YEAR(B5) -> 2019 | M5: =J5 & "/" & K5 & "/" & L5 -> 1/12/2019 | N5: =_xlfn.CONCAT("O cliente ", G5," faturou em ",H5," o valor de: R$ ",I5) -> O cliente VW faturou em dezembro/2019 o valor de: R$ 474.018
A6: O Boticário | B6: 43800 | C6: 58 | D6: 912530.22 | F6: =TRIM(A6) -> O Boticário | G6: =SUBSTITUTE(F6," (*)","") -> O Boticário | H6: =TEXT(B6,"MMMM/aaaa") -> dezembro/2019 | I6: =TEXT(D6,"#.#") -> 912.530 | J6: =DAY(B6) -> 1 | K6: =MONTH(B6) -> 12 | L6: =YEAR(B6) -> 2019 | M6: =J6 & "/" & K6 & "/" & L6 -> 1/12/2019 | N6: =_xlfn.CONCAT("O cliente ", G6," faturou em ",H6," o valor de: R$ ",I6) -> O cliente O Boticário faturou em dezembro/2019 o valor de: R$ 912.530
A7: GOL Linhas Áreas | B7: 43770 | C7: 300 | D7: 406145.3 | F7: =TRIM(A7) -> GOL Linhas Áreas | G7: =SUBSTITUTE(F7," (*)","") -> GOL Linhas Áreas | H7: =TEXT(B7,"MMMM/aaaa") -> novembro/2019 | I7: =TEXT(D7,"#.#") -> 406.145 | J7: =DAY(B7) -> 1 | K7: =MONTH(B7) -> 11 | L7: =YEAR(B7) -> 2019 | M7: =J7 & "/" & K7 & "/" & L7 -> 1/11/2019 | N7: =_xlfn.CONCAT("O cliente ", G7," faturou em ",H7," o valor de: R$ ",I7) -> O cliente GOL Linhas Áreas faturou em novembro/2019 o valor de: R$ 406.145
A8: VW (*) | B8: 43831 | C8: 280 | D8: 299172.93 | F8: =TRIM(A8) -> VW (*) | G8: =SUBSTITUTE(F8," (*)","") -> VW | H8: =TEXT(B8,"MMMM/aaaa") -> janeiro/2020 | I8: =TEXT(D8,"#.#") -> 299.173 | J8: =DAY(B8) -> 1 | K8: =MONTH(B8) -> 1 | L8: =YEAR(B8) -> 2020 | M8: =J8 & "/" & K8 & "/" & L8 -> 1/1/2020 | N8: =_xlfn.CONCAT("O cliente ", G8," faturou em ",H8," o valor de: R$ ",I8) -> O cliente VW faturou em janeiro/2020 o valor de: R$ 299.173
A9: O Boticário | B9: 43831 | C9: 10 | D9: 109861.46 | F9: =TRIM(A9) -> O Boticário | G9: =SUBSTITUTE(F9," (*)","") -> O Boticário | H9: =TEXT(B9,"MMMM/aaaa") -> janeiro/2020 | I9: =TEXT(D9,"#.#") -> 109.861 | J9: =DAY(B9) -> 1 | K9: =MONTH(B9) -> 1 | L9: =YEAR(B9) -> 2020 | M9: =J9 & "/" & K9 & "/" & L9 -> 1/1/2020 | N9: =_xlfn.CONCAT("O cliente ", G9," faturou em ",H9," o valor de: R$ ",I9) -> O cliente O Boticário faturou em janeiro/2020 o valor de: R$ 109.861
A10: GOL Linhas Áreas | B10: 43831 | C10: 20 | D10: 426276.94 | F10: =TRIM(A10) -> GOL Linhas Áreas | G10: =SUBSTITUTE(F10," (*)","") -> GOL Linhas Áreas | H10: =TEXT(B10,"MMMM/aaaa") -> janeiro/2020 | I10: =TEXT(D10,"#.#") -> 426.277 | J10: =DAY(B10) -> 1 | K10: =MONTH(B10) -> 1 | L10: =YEAR(B10) -> 2020 | M10: =J10 & "/" & K10 & "/" & L10 -> 1/1/2020 | N10: =_xlfn.CONCAT("O cliente ", G10," faturou em ",H10," o valor de: R$ ",I10) -> O cliente GOL Linhas Áreas faturou em janeiro/2020 o valor de: R$ 426.277

Sheet Fórmulas Aninhadas - Aula
A1: Cliente | B1: Data | C1: Qtd Pis | D1: Valor Faturado | F1: FÓRMULAS ANINHADAS | G1: Check
A2: VW (*) | B2: 43770 | C2: 200 | D2: 214577.79
A3: O Boticário | B3: 43770 | C3: 110 | D3: 518095.97
A4: GOL Linhas Áreas | B4: 43770 | C4: 220 | D4: 92343.837
A5: VW (*) | B5: 43800 | C5: 150 | D5: 474017.62
A6: O Boticário | B6: 43800 | C6: 58 | D6: 912530.22
A7: GOL Linhas Áreas | B7: 43770 | C7: 300 | D7: 406145.3
A8: VW (*) | B8: 43831 | C8: 280 | D8: 299172.93
A9: O Boticário | B9: 43831 | C9: 10 | D9: 109861.46
A10: GOL Linhas Áreas | B10: 43831 | C10: 20 | D10: 426276.94

Sheet Fórmulas Aninhadas - Final
A1: Cliente | B1: Data | C1: Qtd Pis | D1: Valor Faturado | F1: FÓRMULAS ANINHADAS | G1: Check
A2: VW (*) | B2: 43770 | C2: 200 | D2: 214577.79 | F2: =_xlfn.CONCAT("O cliente ",SUBSTITUTE(TRIM(A2)," (*)","")," faturou em ",TEXT(B2,"MMMM/aaaa")," o valor de: R$ ",TEXT(D2,"#.#")) -> O cliente VW faturou em novembro/2019 o valor de: R$ 214.578 | G2: =F2='Funções Básicas - Final'!N2 -> TRUE
A3: O Boticário | B3: 43770 | C3: 110 | D3: 518095.97 | F3: =_xlfn.CONCAT("O cliente ",SUBSTITUTE(TRIM(A3)," (*)","")," faturou em ",TEXT(B3,"MMMM/aaaa")," o valor de: R$ ",TEXT(D3,"#.#")) -> O cliente O Boticário faturou em novembro/2019 o valor de: R$ 518.096 | G3: =F3='Funções Básicas - Final'!N3 -> TRUE
A4: GOL Linhas Áreas | B4: 43770 | C4: 220 | D4: 92343.837 | F4: =_xlfn.CONCAT("O cliente ",SUBSTITUTE(TRIM(A4)," (*)","")," faturou em ",TEXT(B4,"MMMM/aaaa")," o valor de: R$ ",TEXT(D4,"#.#")) -> O cliente GOL Linhas Áreas faturou em novembro/2019 o valor de: R$ 92.344 | G4: =F4='Funções Básicas - Final'!N4 -> TRUE
A5: VW (*) | B5: 43800 | C5: 150 | D5: 474017.62 | F5: =_xlfn.CONCAT("O cliente ",SUBSTITUTE(TRIM(A5)," (*)","")," faturou em ",TEXT(B5,"MMMM/aaaa")," o valor de: R$ ",TEXT(D5,"#.#")) -> O cliente VW faturou em dezembro/2019 o valor de: R$ 474.018 | G5: =F5='Funções Básicas - Final'!N5 -> TRUE
A6: O Boticário | B6: 43800 | C6: 58 | D6: 912530.22 | F6: =_xlfn.CONCAT("O cliente ",SUBSTITUTE(TRIM(A6)," (*)","")," faturou em ",TEXT(B6,"MMMM/aaaa")," o valor de: R$ ",TEXT(D6,"#.#")) -> O cliente O Boticário faturou em dezembro/2019 o valor de: R$ 912.530 | G6: =F6='Funções Básicas - Final'!N6 -> TRUE
A7: GOL Linhas Áreas | B7: 43770 | C7: 300 | D7: 406145.3 | F7: =_xlfn.CONCAT("O cliente ",SUBSTITUTE(TRIM(A7)," (*)","")," faturou em ",TEXT(B7,"MMMM/aaaa")," o valor de: R$ ",TEXT(D7,"#.#")) -> O cliente GOL Linhas Áreas faturou em novembro/2019 o valor de: R$ 406.145 | G7: =F7='Funções Básicas - Final'!N7 -> TRUE
A8: VW (*) | B8: 43831 | C8: 280 | D8: 299172.93 | F8: =_xlfn.CONCAT("O cliente ",SUBSTITUTE(TRIM(A8)," (*)","")," faturou em ",TEXT(B8,"MMMM/aaaa")," o valor de: R$ ",TEXT(D8,"#.#")) -> O cliente VW faturou em janeiro/2020 o valor de: R$ 299.173 | G8: =F8='Funções Básicas - Final'!N8 -> TRUE
A9: O Boticário | B9: 43831 | C9: 10 | D9: 109861.46 | F9: =_xlfn.CONCAT("O cliente ",SUBSTITUTE(TRIM(A9)," (*)","")," faturou em ",TEXT(B9,"MMMM/aaaa")," o valor de: R$ ",TEXT(D9,"#.#")) -> O cliente O Boticário faturou em janeiro/2020 o valor de: R$ 109.861 | G9: =F9='Funções Básicas - Final'!N9 -> TRUE
A10: GOL Linhas Áreas | B10: 43831 | C10: 20 | D10: 426276.94 | F10: =_xlfn.CONCAT("O cliente ",SUBSTITUTE(TRIM(A10)," (*)","")," faturou em ",TEXT(B10,"MMMM/aaaa")," o valor de: R$ ",TEXT(D10,"#.#")) -> O cliente GOL Linhas Áreas faturou em janeiro/2020 o valor de: R$ 426.277 | G10: =F10='Funções Básicas - Final'!N10 -> TRUE
