Workbook

Sheet Campaign Name Validation
A1: Placement Name (Please paste Placement Names below) | B1: Overall Placement Name Validity | D1: KPI Validity | E1: Priority Partner Validity | F1: Costing Model Validity | G1: Primary Targeting Segment Validity | H1: Detailed Targeting Segment Validity | I1: Format Validity | M1: Column1 | N1: KPI Field | O1: Format Field | P1: Priority Partner Field | Q1: Costing model Field | R1: Primary Targeting Segment Field | S1: Detailed Targeting Segment Field | T1: Column2 | U1: Column3 | V1: Column4 | W1: Column5 | X1: Column6
C2: good | F2: Region | G2: Portfolio | H2: business-channel | I2: media-channel | J2: objective | K2: addressable-code | L2: Campaign Start
A3: Campaign Name (Please paste Campaign Names below) | B3: Overall Validity | C3: Market Validity | D3: Sub-Product Validity | E3: Segment Validity | F3: Region Validity | G3: Portfolio Validity | H3: Business-Channel Validity | I3: Media Channel Validity | J3: Objective Validity | K3: Addressable Code Validity | L3: Campaign Start Date Validity | M3: Market | N3: Sub-Product | O3: Campaign Name | P3: Segment | Q3: Region | R3: Portfolio | S3: business-channel | T3: media-channel | U3: objective | V3: addressable-code | W3: Campaign Start | X3: free-form
B4: =IF(AND(D4="YES",I4="YES",E4="YES",F4="YES",G4="YES",H4="Yes"),"YES","NO") -> NO | C4: =IFERROR(VLOOKUP(M4,Lookups!$A$3:$B$87,2,FALSE),"NO") -> NO | D4: =IFERROR(VLOOKUP(N4,Lookups!$D$2:$E$211,2,FALSE),"NO") -> NO | E4: =IFERROR(VLOOKUP(P4,Lookups!$I$3:$J$8,2,FALSE),"NO") -> NO | F4: =IFERROR(VLOOKUP(Q4,Lookups!$L$3:$M$7,2,FALSE),"NO") -> NO | G4: =IFERROR(VLOOKUP(R4,Lookups!$O$3:$P$21,2,FALSE),"NO") -> NO | H4: =IFERROR(VLOOKUP(S4,Lookups!$S$3:$T$6,2,FALSE),"NO") -> NO | I4: =IFERROR(VLOOKUP(T4,Lookups!$V$3:$W$15,2,FALSE),"NO") -> NO | J4: =IFERROR(VLOOKUP(U4,Lookups!$Z$3:$AA$9,2,FALSE),"NO") -> NO | K4: =IFERROR(VLOOKUP(V4,Lookups!$AC$3:$AD$12,2,FALSE),"NO") -> NO | L4: =IFERROR(VLOOKUP(W4,Lookups!$AH$3:$AI$74,2,FALSE),"NO") -> NO | M4: =TRIM(MID(SUBSTITUTE(A4,"_",REPT(" ",LEN(A4))),(1-1)*LEN(A4)+1,LEN(A4))) | N4: =TRIM(MID(SUBSTITUTE(A4,"_",REPT(" ",LEN(A4))),(2-1)*LEN(A4)+1,LEN(A4))) | O4: =TRIM(MID(SUBSTITUTE(A4,"_",REPT(" ",LEN(A4))),(3-1)*LEN(A4)+1,LEN(A4))) | P4: =TRIM(MID(SUBSTITUTE(A4,"_",REPT(" ",LEN(A4))),(4-1)*LEN(A4)+1,LEN(A4))) | Q4: =TRIM(MID(SUBSTITUTE(A4,"_",REPT(" ",LEN(A4))),(5-1)*LEN(A4)+1,LEN(A4))) | R4: =TRIM(MID(SUBSTITUTE(A4,"_",REPT(" ",LEN(A4))),(6-1)*LEN(A4)+1,LEN(A4))) | S4: =TRIM(MID(SUBSTITUTE(A4,"_",REPT(" ",LEN(A4))),(7-1)*LEN(A4)+1,LEN(A4))) | T4: =TRIM(MID(SUBSTITUTE(A4,"_",REPT(" ",LEN(A4))),(8-1)*LEN(A4)+1,LEN(A4))) | U4: =TRIM(MID(SUBSTITUTE(A4,"_",REPT(" ",LEN(A4))),(9-1)*LEN(A4)+1,LEN(A4))) | V4: =TRIM(MID(SUBSTITUTE(A4,"_",REPT(" ",LEN(A4))),(10-1)*LEN(A4)+1,LEN(A4))) | W4: =TRIM(MID(SUBSTITUTE(A4,"_",REPT(" ",LEN(A4))),(11-1)*LEN(A4)+1,LEN(A4))) | X4: =TRIM(MID(SUBSTITUTE(A4,"_",REPT(" ",LEN(A4))),(12-1)*LEN(A4)+1,LEN(A4)))
A5: es_pdg_p1-p2-vnp_pn_mea_ct_brand_olv_awareness_bid-adr_0122_0 | B5: =IF(AND(D5="YES",I5="YES",E5="YES",F5="YES",G5="YES",H5="Yes"),"YES","NO") -> YES | C5: =IFERROR(VLOOKUP(M5,Lookups!$A$3:$B$87,2,FALSE),"NO") -> Yes | D5: =IFERROR(VLOOKUP(N5,Lookups!$D$2:$E$211,2,FALSE),"NO") -> YES | E5: =IFERROR(VLOOKUP(P5,Lookups!$I$3:$J$8,2,FALSE),"NO") -> YES | F5: =IFERROR(VLOOKUP(Q5,Lookups!$L$3:$M$7,2,FALSE),"NO") -> YES | G5: =IFERROR(VLOOKUP(R5,Lookups!$O$3:$P$21,2,FALSE),"NO") -> YES | H5: =IFERROR(VLOOKUP(S5,Lookups!$S$3:$T$6,2,FALSE),"NO") -> YES | I5: =IFERROR(VLOOKUP(T5,Lookups!$V$3:$W$15,2,FALSE),"NO") -> YES | J5: =IFERROR(VLOOKUP(U5,Lookups!$Z$3:$AA$9,2,FALSE),"NO") -> YES | K5: =IFERROR(VLOOKUP(V5,Lookups!$AC$3:$AD$12,2,FALSE),"NO") -> Yes | L5: =IFERROR(VLOOKUP(W5,Lookups!$AH$3:$AI$74,2,FALSE),"NO") -> Yes | M5: =TRIM(MID(SUBSTITUTE(A5,"_",REPT(" ",LEN(A5))),(1-1)*LEN(A5)+1,LEN(A5))) -> es | N5: =TRIM(MID(SUBSTITUTE(A5,"_",REPT(" ",LEN(A5))),(2-1)*LEN(A5)+1,LEN(A5))) -> pdg | O5: =TRIM(MID(SUBSTITUTE(A5,"_",REPT(" ",LEN(A5))),(3-1)*LEN(A5)+1,LEN(A5))) -> p1-p2-vnp | P5: =TRIM(MID(SUBSTITUTE(A5,"_",REPT(" ",LEN(A5))),(4-1)*LEN(A5)+1,LEN(A5))) -> pn | Q5: =TRIM(MID(SUBSTITUTE(A5,"_",REPT(" ",LEN(A5))),(5-1)*LEN(A5)+1,LEN(A5))) -> mea | R5: =TRIM(MID(SUBSTITUTE(A5,"_",REPT(" ",LEN(A5))),(6-1)*LEN(A5)+1,LEN(A5))) -> ct | S5: =TRIM(MID(SUBSTITUTE(A5,"_",REPT(" ",LEN(A5))),(7-1)*LEN(A5)+1,LEN(A5))) -> brand | T5: =TRIM(MID(SUBSTITUTE(A5,"_",REPT(" ",LEN(A5))),(8-1)*LEN(A5)+1,LEN(A5))) -> olv | U5: =TRIM(MID(SUBSTITUTE(A5,"_",REPT(" ",LEN(A5))),(9-1)*LEN(A5)+1,LEN(A5))) -> awareness | V5: =TRIM(MID(SUBSTITUTE(A5,"_",REPT(" ",LEN(A5))),(10-1)*LEN(A5)+1,LEN(A5))) -> bid-adr | W5: =TRIM(MID(SUBSTITUTE(A5,"_",REPT(" ",LEN(A5))),(11-1)*LEN(A5)+1,LEN(A5))) -> 0122 | X5: =TRIM(MID(SUBSTITUTE(A5,"_",REPT(" ",LEN(A5))),(12-1)*LEN(A5)+1,LEN(A5))) -> 0
A6: sa_exg_p1-gydb-3.0_mw_mea_gum_brand_olv_awareness_dir-dda_0123_olv | B6: =IF(AND(D6="YES",I6="YES",E6="YES",F6="YES",G6="YES",H6="Yes"),"YES","NO") -> YES | C6: =IFERROR(VLOOKUP(M6,Lookups!$A$3:$B$87,2,FALSE),"NO") -> Yes | D6: =IFERROR(VLOOKUP(N6,Lookups!$D$2:$E$211,2,FALSE),"NO") -> YES | E6: =IFERROR(VLOOKUP(P6,Lookups!$I$3:$J$8,2,FALSE),"NO") -> YES | F6: =IFERROR(VLOOKUP(Q6,Lookups!$L$3:$M$7,2,FALSE),"NO") -> YES | G6: =IFERROR(VLOOKUP(R6,Lookups!$O$3:$P$21,2,FALSE),"NO") -> YES | H6: =IFERROR(VLOOKUP(S6,Lookups!$S$3:$T$6,2,FALSE),"NO") -> YES | I6: =IFERROR(VLOOKUP(T6,Lookups!$V$3:$W$15,2,FALSE),"NO") -> YES | J6: =IFERROR(VLOOKUP(U6,Lookups!$Z$3:$AA$9,2,FALSE),"NO") -> YES | K6: =IFERROR(VLOOKUP(V6,Lookups!$AC$3:$AD$12,2,FALSE),"NO") -> Yes | L6: =IFERROR(VLOOKUP(W6,Lookups!$AH$3:$AI$74,2,FALSE),"NO") -> Yes | M6: =TRIM(MID(SUBSTITUTE(A6,"_",REPT(" ",LEN(A6))),(1-1)*LEN(A6)+1,LEN(A6))) -> sa | N6: =TRIM(MID(SUBSTITUTE(A6,"_",REPT(" ",LEN(A6))),(2-1)*LEN(A6)+1,LEN(A6))) -> exg | O6: =TRIM(MID(SUBSTITUTE(A6,"_",REPT(" ",LEN(A6))),(3-1)*LEN(A6)+1,LEN(A6))) -> p1-gydb-3.0 | P6: =TRIM(MID(SUBSTITUTE(A6,"_",REPT(" ",LEN(A6))),(4-1)*LEN(A6)+1,LEN(A6))) -> mw | Q6: =TRIM(MID(SUBSTITUTE(A6,"_",REPT(" ",LEN(A6))),(5-1)*LEN(A6)+1,LEN(A6))) -> mea | R6: =TRIM(MID(SUBSTITUTE(A6,"_",REPT(" ",LEN(A6))),(6-1)*LEN(A6)+1,LEN(A6))) -> gum | S6: =TRIM(MID(SUBSTITUTE(A6,"_",REPT(" ",LEN(A6))),(7-1)*LEN(A6)+1,LEN(A6))) -> brand | T6: =TRIM(MID(SUBSTITUTE(A6,"_",REPT(" ",LEN(A6))),(8-1)*LEN(A6)+1,LEN(A6))) -> olv | U6: =TRIM(MID(SUBSTITUTE(A6,"_",REPT(" ",LEN(A6))),(9-1)*LEN(A6)+1,LEN(A6))) -> awareness | V6: =TRIM(MID(SUBSTITUTE(A6,"_",REPT(" ",LEN(A6))),(10-1)*LEN(A6)+1,LEN(A6))) -> dir-dda | W6: =TRIM(MID(SUBSTITUTE(A6,"_",REPT(" ",LEN(A6))),(11-1)*LEN(A6)+1,LEN(A6))) -> 0123 | X6: =TRIM(MID(SUBSTITUTE(A6,"_",REPT(" ",LEN(A6))),(12-1)*LEN(A6)+1,LEN(A6))) -> olv
B7: =IF(AND(D7="YES",I7="YES",E7="YES",F7="YES",G7="YES",H7="Yes"),"YES","NO") -> NO | C7: =IFERROR(VLOOKUP(M7,Lookups!$A$3:$B$87,2,FALSE),"NO") -> NO | D7: =IFERROR(VLOOKUP(N7,Lookups!$D$2:$E$211,2,FALSE),"NO") -> NO | E7: =IFERROR(VLOOKUP(P7,Lookups!$I$3:$J$8,2,FALSE),"NO") -> NO | F7: =IFERROR(VLOOKUP(Q7,Lookups!$L$3:$M$7,2,FALSE),"NO") -> NO | G7: =IFERROR(VLOOKUP(R7,Lookups!$O$3:$P$21,2,FALSE),"NO") -> NO | H7: =IFERROR(VLOOKUP(S7,Lookups!$S$3:$T$6,2,FALSE),"NO") -> NO | I7: =IFERROR(VLOOKUP(T7,Lookups!$V$3:$W$15,2,FALSE),"NO") -> NO | J7: =IFERROR(VLOOKUP(U7,Lookups!$Z$3:$AA$9,2,FALSE),"NO") -> NO | K7: =IFERROR(VLOOKUP(V7,Lookups!$AC$3:$AD$12,2,FALSE),"NO") -> NO | L7: =IFERROR(VLOOKUP(W7,Lookups!$AH$3:$AI$74,2,FALSE),"NO") -> NO | M7: =TRIM(MID(SUBSTITUTE(A7,"_",REPT(" ",LEN(A7))),(1-1)*LEN(A7)+1,LEN(A7))) | N7: =TRIM(MID(SUBSTITUTE(A7,"_",REPT(" ",LEN(A7))),(2-1)*LEN(A7)+1,LEN(A7))) | O7: =TRIM(MID(SUBSTITUTE(A7,"_",REPT(" ",LEN(A7))),(3-1)*LEN(A7)+1,LEN(A7))) | P7: =TRIM(MID(SUBSTITUTE(A7,"_",REPT(" ",LEN(A7))),(4-1)*LEN(A7)+1,LEN(A7))) | Q7: =TRIM(MID(SUBSTITUTE(A7,"_",REPT(" ",LEN(A7))),(5-1)*LEN(A7)+1,LEN(A7))) | R7: =TRIM(MID(SUBSTITUTE(A7,"_",REPT(" ",LEN(A7))),(6-1)*LEN(A7)+1,LEN(A7))) | S7: =TRIM(MID(SUBSTITUTE(A7,"_",REPT(" ",LEN(A7))),(7-1)*LEN(A7)+1,LEN(A7))) | T7: =TRIM(MID(SUBSTITUTE(A7,"_",REPT(" ",LEN(A7))),(8-1)*LEN(A7)+1,LEN(A7))) | U7: =TRIM(MID(SUBSTITUTE(A7,"_",REPT(" ",LEN(A7))),(9-1)*LEN(A7)+1,LEN(A7))) | V7: =TRIM(MID(SUBSTITUTE(A7,"_",REPT(" ",LEN(A7))),(10-1)*LEN(A7)+1,LEN(A7))) | W7: =TRIM(MID(SUBSTITUTE(A7,"_",REPT(" ",LEN(A7))),(11-1)*LEN(A7)+1,LEN(A7))) | X7: =TRIM(MID(SUBSTITUTE(A7,"_",REPT(" ",LEN(A7))),(12-1)*LEN(A7)+1,LEN(A7)))
A8: fr_fre_p1-gydb-3.0-vnp_mw_eur_gum_brand_olv_awareness_bid-nadr_0123_na | B8: =IF(AND(D8="YES",I8="YES",E8="YES",F8="YES",G8="YES",H8="Yes"),"YES","NO") -> YES | C8: =IFERROR(VLOOKUP(M8,Lookups!$A$3:$B$87,2,FALSE),"NO") -> Yes | D8: =IFERROR(VLOOKUP(N8,Lookups!$D$2:$E$211,2,FALSE),"NO") -> YES | E8: =IFERROR(VLOOKUP(P8,Lookups!$I$3:$J$8,2,FALSE),"NO") -> YES | F8: =IFERROR(VLOOKUP(Q8,Lookups!$L$3:$M$7,2,FALSE),"NO") -> YES | G8: =IFERROR(VLOOKUP(R8,Lookups!$O$3:$P$21,2,FALSE),"NO") -> YES | H8: =IFERROR(VLOOKUP(S8,Lookups!$S$3:$T$6,2,FALSE),"NO") -> YES | I8: =IFERROR(VLOOKUP(T8,Lookups!$V$3:$W$15,2,FALSE),"NO") -> YES | J8: =IFERROR(VLOOKUP(U8,Lookups!$Z$3:$AA$9,2,FALSE),"NO") -> YES | K8: =IFERROR(VLOOKUP(V8,Lookups!$AC$3:$AD$12,2,FALSE),"NO") -> Yes | L8: =IFERROR(VLOOKUP(W8,Lookups!$AH$3:$AI$74,2,FALSE),"NO") -> Yes | M8: =TRIM(MID(SUBSTITUTE(A8,"_",REPT(" ",LEN(A8))),(1-1)*LEN(A8)+1,LEN(A8))) -> fr | N8: =TRIM(MID(SUBSTITUTE(A8,"_",REPT(" ",LEN(A8))),(2-1)*LEN(A8)+1,LEN(A8))) -> fre | O8: =TRIM(MID(SUBSTITUTE(A8,"_",REPT(" ",LEN(A8))),(3-1)*LEN(A8)+1,LEN(A8))) -> p1-gydb-3.0-vnp | P8: =TRIM(MID(SUBSTITUTE(A8,"_",REPT(" ",LEN(A8))),(4-1)*LEN(A8)+1,LEN(A8))) -> mw | Q8: =TRIM(MID(SUBSTITUTE(A8,"_",REPT(" ",LEN(A8))),(5-1)*LEN(A8)+1,LEN(A8))) -> eur | R8: =TRIM(MID(SUBSTITUTE(A8,"_",REPT(" ",LEN(A8))),(6-1)*LEN(A8)+1,LEN(A8))) -> gum | S8: =TRIM(MID(SUBSTITUTE(A8,"_",REPT(" ",LEN(A8))),(7-1)*LEN(A8)+1,LEN(A8))) -> brand | T8: =TRIM(MID(SUBSTITUTE(A8,"_",REPT(" ",LEN(A8))),(8-1)*LEN(A8)+1,LEN(A8))) -> olv | U8: =TRIM(MID(SUBSTITUTE(A8,"_",REPT(" ",LEN(A8))),(9-1)*LEN(A8)+1,LEN(A8))) -> awareness | V8: =TRIM(MID(SUBSTITUTE(A8,"_",REPT(" ",LEN(A8))),(10-1)*LEN(A8)+1,LEN(A8))) -> bid-nadr | W8: =TRIM(MID(SUBSTITUTE(A8,"_",REPT(" ",LEN(A8))),(11-1)*LEN(A8)+1,LEN(A8))) -> 0123 | X8: =TRIM(MID(SUBSTITUTE(A8,"_",REPT(" ",LEN(A8))),(12-1)*LEN(A8)+1,LEN(A8))) -> na
B9: =IF(AND(D9="YES",I9="YES",E9="YES",F9="YES",G9="YES",H9="Yes"),"YES","NO") -> NO | C9: =IFERROR(VLOOKUP(M9,Lookups!$A$3:$B$87,2,FALSE),"NO") -> NO | D9: =IFERROR(VLOOKUP(N9,Lookups!$D$2:$E$211,2,FALSE),"NO") -> NO | E9: =IFERROR(VLOOKUP(P9,Lookups!$I$3:$J$8,2,FALSE),"NO") -> NO | F9: =IFERROR(VLOOKUP(Q9,Lookups!$L$3:$M$7,2,FALSE),"NO") -> NO | G9: =IFERROR(VLOOKUP(R9,Lookups!$O$3:$P$21,2,FALSE),"NO") -> NO | H9: =IFERROR(VLOOKUP(S9,Lookups!$S$3:$T$6,2,FALSE),"NO") -> NO | I9: =IFERROR(VLOOKUP(T9,Lookups!$V$3:$W$15,2,FALSE),"NO") -> NO | J9: =IFERROR(VLOOKUP(U9,Lookups!$Z$3:$AA$9,2,FALSE),"NO") -> NO | K9: =IFERROR(VLOOKUP(V9,Lookups!$AC$3:$AD$12,2,FALSE),"NO") -> NO | L9: =IFERROR(VLOOKUP(W9,Lookups!$AH$3:$AI$74,2,FALSE),"NO") -> NO | M9: =TRIM(MID(SUBSTITUTE(A9,"_",REPT(" ",LEN(A9))),(1-1)*LEN(A9)+1,LEN(A9))) | N9: =TRIM(MID(SUBSTITUTE(A9,"_",REPT(" ",LEN(A9))),(2-1)*LEN(A9)+1,LEN(A9))) | O9: =TRIM(MID(SUBSTITUTE(A9,"_",REPT(" ",LEN(A9))),(3-1)*LEN(A9)+1,LEN(A9))) | P9: =TRIM(MID(SUBSTITUTE(A9,"_",REPT(" ",LEN(A9))),(4-1)*LEN(A9)+1,LEN(A9))) | Q9: =TRIM(MID(SUBSTITUTE(A9,"_",REPT(" ",LEN(A9))),(5-1)*LEN(A9)+1,LEN(A9))) | R9: =TRIM(MID(SUBSTITUTE(A9,"_",REPT(" ",LEN(A9))),(6-1)*LEN(A9)+1,LEN(A9))) | S9: =TRIM(MID(SUBSTITUTE(A9,"_",REPT(" ",LEN(A9))),(7-1)*LEN(A9)+1,LEN(A9))) | T9: =TRIM(MID(SUBSTITUTE(A9,"_",REPT(" ",LEN(A9))),(8-1)*LEN(A9)+1,LEN(A9))) | U9: =TRIM(MID(SUBSTITUTE(A9,"_",REPT(" ",LEN(A9))),(9-1)*LEN(A9)+1,LEN(A9))) | V9: =TRIM(MID(SUBSTITUTE(A9,"_",REPT(" ",LEN(A9))),(10-1)*LEN(A9)+1,LEN(A9))) | W9: =TRIM(MID(SUBSTITUTE(A9,"_",REPT(" ",LEN(A9))),(11-1)*LEN(A9)+1,LEN(A9))) | X9: =TRIM(MID(SUBSTITUTE(A9,"_",REPT(" ",LEN(A9))),(12-1)*LEN(A9)+1,LEN(A9)))
A10: gb_mal_bunnies_mw_mea_con_d2c_display_awareness_bid-nadr_0123_bliss | B10: =IF(AND(D10="YES",I10="YES",E10="YES",F10="YES",G10="YES",H10="Yes"),"YES","NO") -> YES | C10: =IFERROR(VLOOKUP(M10,Lookups!$A$3:$B$87,2,FALSE),"NO") -> Yes | D10: =IFERROR(VLOOKUP(N10,Lookups!$D$2:$E$211,2,FALSE),"NO") -> YES | E10: =IFERROR(VLOOKUP(P10,Lookups!$I$3:$J$8,2,FALSE),"NO") -> YES | F10: =IFERROR(VLOOKUP(Q10,Lookups!$L$3:$M$7,2,FALSE),"NO") -> YES | G10: =IFERROR(VLOOKUP(R10,Lookups!$O$3:$P$21,2,FALSE),"NO") -> YES | H10: =IFERROR(VLOOKUP(S10,Lookups!$S$3:$T$6,2,FALSE),"NO") -> YES | I10: =IFERROR(VLOOKUP(T10,Lookups!$V$3:$W$15,2,FALSE),"NO") -> YES | J10: =IFERROR(VLOOKUP(U10,Lookups!$Z$3:$AA$9,2,FALSE),"NO") -> YES | K10: =IFERROR(VLOOKUP(V10,Lookups!$AC$3:$AD$12,2,FALSE),"NO") -> Yes | L10: =IFERROR(VLOOKUP(W10,Lookups!$AH$3:$AI$74,2,FALSE),"NO") -> Yes | M10: =TRIM(MID(SUBSTITUTE(A10,"_",REPT(" ",LEN(A10))),(1-1)*LEN(A10)+1,LEN(A10))) -> gb | N10: =TRIM(MID(SUBSTITUTE(A10,"_",REPT(" ",LEN(A10))),(2-1)*LEN(A10)+1,LEN(A10))) -> mal | O10: =TRIM(MID(SUBSTITUTE(A10,"_",REPT(" ",LEN(A10))),(3-1)*LEN(A10)+1,LEN(A10))) -> bunnies | P10: =TRIM(MID(SUBSTITUTE(A10,"_",REPT(" ",LEN(A10))),(4-1)*LEN(A10)+1,LEN(A10))) -> mw | Q10: =TRIM(MID(SUBSTITUTE(A10,"_",REPT(" ",LEN(A10))),(5-1)*LEN(A10)+1,LEN(A10))) -> mea | R10: =TRIM(MID(SUBSTITUTE(A10,"_",REPT(" ",LEN(A10))),(6-1)*LEN(A10)+1,LEN(A10))) -> con | S10: =TRIM(MID(SUBSTITUTE(A10,"_",REPT(" ",LEN(A10))),(7-1)*LEN(A10)+1,LEN(A10))) -> d2c | T10: =TRIM(MID(SUBSTITUTE(A10,"_",REPT(" ",LEN(A10))),(8-1)*LEN(A10)+1,LEN(A10))) -> display | U10: =TRIM(MID(SUBSTITUTE(A10,"_",REPT(" ",LEN(A10))),(9-1)*LEN(A10)+1,LEN(A10))) -> awareness | V10: =TRIM(MID(SUBSTITUTE(A10,"_",REPT(" ",LEN(A10))),(10-1)*LEN(A10)+1,LEN(A10))) -> bid-nadr | W10: =TRIM(MID(SUBSTITUTE(A10,"_",REPT(" ",LEN(A10))),(11-1)*LEN(A10)+1,LEN(A10))) -> 0123 | X10: =TRIM(MID(SUBSTITUTE(A10,"_",REPT(" ",LEN(A10))),(12-1)*LEN(A10)+1,LEN(A10))) -> bliss
A11: fr_suw_p1-cny_food_eur_oth_brand_olv_awareness_bid-dda_0123_na | B11: =IF(AND(D11="YES",I11="YES",E11="YES",F11="YES",G11="YES",H11="Yes"),"YES","NO") -> YES | C11: =IFERROR(VLOOKUP(M11,Lookups!$A$3:$B$87,2,FALSE),"NO") -> Yes | D11: =IFERROR(VLOOKUP(N11,Lookups!$D$2:$E$211,2,FALSE),"NO") -> YES | E11: =IFERROR(VLOOKUP(P11,Lookups!$I$3:$J$8,2,FALSE),"NO") -> YES | F11: =IFERROR(VLOOKUP(Q11,Lookups!$L$3:$M$7,2,FALSE),"NO") -> YES | G11: =IFERROR(VLOOKUP(R11,Lookups!$O$3:$P$21,2,FALSE),"NO") -> YES | H11: =IFERROR(VLOOKUP(S11,Lookups!$S$3:$T$6,2,FALSE),"NO") -> YES | I11: =IFERROR(VLOOKUP(T11,Lookups!$V$3:$W$15,2,FALSE),"NO") -> YES | J11: =IFERROR(VLOOKUP(U11,Lookups!$Z$3:$AA$9,2,FALSE),"NO") -> YES | K11: =IFERROR(VLOOKUP(V11,Lookups!$AC$3:$AD$12,2,FALSE),"NO") -> Yes | L11: =IFERROR(VLOOKUP(W11,Lookups!$AH$3:$AI$74,2,FALSE),"NO") -> Yes | M11: =TRIM(MID(SUBSTITUTE(A11,"_",REPT(" ",LEN(A11))),(1-1)*LEN(A11)+1,LEN(A11))) -> fr | N11: =TRIM(MID(SUBSTITUTE(A11,"_",REPT(" ",LEN(A11))),(2-1)*LEN(A11)+1,LEN(A11))) -> suw | O11: =TRIM(MID(SUBSTITUTE(A11,"_",REPT(" ",LEN(A11))),(3-1)*LEN(A11)+1,LEN(A11))) -> p1-cny | P11: =TRIM(MID(SUBSTITUTE(A11,"_",REPT(" ",LEN(A11))),(4-1)*LEN(A11)+1,LEN(A11))) -> food | Q11: =TRIM(MID(SUBSTITUTE(A11,"_",REPT(" ",LEN(A11))),(5-1)*LEN(A11)+1,LEN(A11))) -> eur | R11: =TRIM(MID(SUBSTITUTE(A11,"_",REPT(" ",LEN(A11))),(6-1)*LEN(A11)+1,LEN(A11))) -> oth | S11: =TRIM(MID(SUBSTITUTE(A11,"_",REPT(" ",LEN(A11))),(7-1)*LEN(A11)+1,LEN(A11))) -> brand | T11: =TRIM(MID(SUBSTITUTE(A11,"_",REPT(" ",LEN(A11))),(8-1)*LEN(A11)+1,LEN(A11))) -> olv | U11: =TRIM(MID(SUBSTITUTE(A11,"_",REPT(" ",LEN(A11))),(9-1)*LEN(A11)+1,LEN(A11))) -> awareness | V11: =TRIM(MID(SUBSTITUTE(A11,"_",REPT(" ",LEN(A11))),(10-1)*LEN(A11)+1,LEN(A11))) -> bid-dda | W11: =TRIM(MID(SUBSTITUTE(A11,"_",REPT(" ",LEN(A11))),(11-1)*LEN(A11)+1,LEN(A11))) -> 0123 | X11: =TRIM(MID(SUBSTITUTE(A11,"_",REPT(" ",LEN(A11))),(12-1)*LEN(A11)+1,LEN(A11))) -> na
A12: fr_fre_p1-gydb-3.0-vnp_mw_eur_gum_brand_olv_awareness_bid-nadr_0123_na | B12: =IF(AND(D12="YES",I12="YES",E12="YES",F12="YES",G12="YES",H12="Yes"),"YES","NO") -> YES | C12: =IFERROR(VLOOKUP(M12,Lookups!$A$3:$B$87,2,FALSE),"NO") -> Yes | D12: =IFERROR(VLOOKUP(N12,Lookups!$D$2:$E$211,2,FALSE),"NO") -> YES | E12: =IFERROR(VLOOKUP(P12,Lookups!$I$3:$J$8,2,FALSE),"NO") -> YES | F12: =IFERROR(VLOOKUP(Q12,Lookups!$L$3:$M$7,2,FALSE),"NO") -> YES | G12: =IFERROR(VLOOKUP(R12,Lookups!$O$3:$P$21,2,FALSE),"NO") -> YES | H12: =IFERROR(VLOOKUP(S12,Lookups!$S$3:$T$6,2,FALSE),"NO") -> YES | I12: =IFERROR(VLOOKUP(T12,Lookups!$V$3:$W$15,2,FALSE),"NO") -> YES | J12: =IFERROR(VLOOKUP(U12,Lookups!$Z$3:$AA$9,2,FALSE),"NO") -> YES | K12: =IFERROR(VLOOKUP(V12,Lookups!$AC$3:$AD$12,2,FALSE),"NO") -> Yes | L12: =IFERROR(VLOOKUP(W12,Lookups!$AH$3:$AI$74,2,FALSE),"NO") -> Yes | M12: =TRIM(MID(SUBSTITUTE(A12,"_",REPT(" ",LEN(A12))),(1-1)*LEN(A12)+1,LEN(A12))) -> fr | N12: =TRIM(MID(SUBSTITUTE(A12,"_",REPT(" ",LEN(A12))),(2-1)*LEN(A12)+1,LEN(A12))) -> fre | O12: =TRIM(MID(SUBSTITUTE(A12,"_",REPT(" ",LEN(A12))),(3-1)*LEN(A12)+1,LEN(A12))) -> p1-gydb-3.0-vnp | P12: =TRIM(MID(SUBSTITUTE(A12,"_",REPT(" ",LEN(A12))),(4-1)*LEN(A12)+1,LEN(A12))) -> mw | Q12: =TRIM(MID(SUBSTITUTE(A12,"_",REPT(" ",LEN(A12))),(5-1)*LEN(A12)+1,LEN(A12))) -> eur | R12: =TRIM(MID(SUBSTITUTE(A12,"_",REPT(" ",LEN(A12))),(6-1)*LEN(A12)+1,LEN(A12))) -> gum | S12: =TRIM(MID(SUBSTITUTE(A12,"_",REPT(" ",LEN(A12))),(7-1)*LEN(A12)+1,LEN(A12))) -> brand | T12: =TRIM(MID(SUBSTITUTE(A12,"_",REPT(" ",LEN(A12))),(8-1)*LEN(A12)+1,LEN(A12))) -> olv | U12: =TRIM(MID(SUBSTITUTE(A12,"_",REPT(" ",LEN(A12))),(9-1)*LEN(A12)+1,LEN(A12))) -> awareness | V12: =TRIM(MID(SUBSTITUTE(A12,"_",REPT(" ",LEN(A12))),(10-1)*LEN(A12)+1,LEN(A12))) -> bid-nadr | W12: =TRIM(MID(SUBSTITUTE(A12,"_",REPT(" ",LEN(A12))),(11-1)*LEN(A12)+1,LEN(A12))) -> 0123 | X12: =TRIM(MID(SUBSTITUTE(A12,"_",REPT(" ",LEN(A12))),(12-1)*LEN(A12)+1,LEN(A12))) -> na
A13: de_twx_p1-vnp_mw_eur_cho_brand_olv_awareness_bid-nadr_0123_na | B13: =IF(AND(D13="YES",I13="YES",E13="YES",F13="YES",G13="YES",H13="Yes"),"YES","NO") -> YES | C13: =IFERROR(VLOOKUP(M13,Lookups!$A$3:$B$87,2,FALSE),"NO") -> Yes | D13: =IFERROR(VLOOKUP(N13,Lookups!$D$2:$E$211,2,FALSE),"NO") -> YES | E13: =IFERROR(VLOOKUP(P13,Lookups!$I$3:$J$8,2,FALSE),"NO") -> YES | F13: =IFERROR(VLOOKUP(Q13,Lookups!$L$3:$M$7,2,FALSE),"NO") -> YES | G13: =IFERROR(VLOOKUP(R13,Lookups!$O$3:$P$21,2,FALSE),"NO") -> YES | H13: =IFERROR(VLOOKUP(S13,Lookups!$S$3:$T$6,2,FALSE),"NO") -> YES | I13: =IFERROR(VLOOKUP(T13,Lookups!$V$3:$W$15,2,FALSE),"NO") -> YES | J13: =IFERROR(VLOOKUP(U13,Lookups!$Z$3:$AA$9,2,FALSE),"NO") -> YES | K13: =IFERROR(VLOOKUP(V13,Lookups!$AC$3:$AD$12,2,FALSE),"NO") -> Yes | L13: =IFERROR(VLOOKUP(W13,Lookups!$AH$3:$AI$74,2,FALSE),"NO") -> Yes | M13: =TRIM(MID(SUBSTITUTE(A13,"_",REPT(" ",LEN(A13))),(1-1)*LEN(A13)+1,LEN(A13))) -> de | N13: =TRIM(MID(SUBSTITUTE(A13,"_",REPT(" ",LEN(A13))),(2-1)*LEN(A13)+1,LEN(A13))) -> twx | O13: =TRIM(MID(SUBSTITUTE(A13,"_",REPT(" ",LEN(A13))),(3-1)*LEN(A13)+1,LEN(A13))) -> p1-vnp | P13: =TRIM(MID(SUBSTITUTE(A13,"_",REPT(" ",LEN(A13))),(4-1)*LEN(A13)+1,LEN(A13))) -> mw | Q13: =TRIM(MID(SUBSTITUTE(A13,"_",REPT(" ",LEN(A13))),(5-1)*LEN(A13)+1,LEN(A13))) -> eur | R13: =TRIM(MID(SUBSTITUTE(A13,"_",REPT(" ",LEN(A13))),(6-1)*LEN(A13)+1,LEN(A13))) -> cho | S13: =TRIM(MID(SUBSTITUTE(A13,"_",REPT(" ",LEN(A13))),(7-1)*LEN(A13)+1,LEN(A13))) -> brand | T13: =TRIM(MID(SUBSTITUTE(A13,"_",REPT(" ",LEN(A13))),(8-1)*LEN(A13)+1,LEN(A13))) -> olv | U13: =TRIM(MID(SUBSTITUTE(A13,"_",REPT(" ",LEN(A13))),(9-1)*LEN(A13)+1,LEN(A13))) -> awareness | V13: =TRIM(MID(SUBSTITUTE(A13,"_",REPT(" ",LEN(A13))),(10-1)*LEN(A13)+1,LEN(A13))) -> bid-nadr | W13: =TRIM(MID(SUBSTITUTE(A13,"_",REPT(" ",LEN(A13))),(11-1)*LEN(A13)+1,LEN(A13))) -> 0123 | X13: =TRIM(MID(SUBSTITUTE(A13,"_",REPT(" ",LEN(A13))),(12-1)*LEN(A13)+1,LEN(A13))) -> na
A14: de_pff_h1s1d2c_pn_eur_sph_d2c_social_conversions_bid-nadr_0123_22441 | B14: =IF(AND(D14="YES",I14="YES",E14="YES",F14="YES",G14="YES",H14="Yes"),"YES","NO") -> YES | C14: =IFERROR(VLOOKUP(M14,Lookups!$A$3:$B$87,2,FALSE),"NO") -> Yes | D14: =IFERROR(VLOOKUP(N14,Lookups!$D$2:$E$211,2,FALSE),"NO") -> YES | E14: =IFERROR(VLOOKUP(P14,Lookups!$I$3:$J$8,2,FALSE),"NO") -> YES | F14: =IFERROR(VLOOKUP(Q14,Lookups!$L$3:$M$7,2,FALSE),"NO") -> YES | G14: =IFERROR(VLOOKUP(R14,Lookups!$O$3:$P$21,2,FALSE),"NO") -> YES | H14: =IFERROR(VLOOKUP(S14,Lookups!$S$3:$T$6,2,FALSE),"NO") -> YES | I14: =IFERROR(VLOOKUP(T14,Lookups!$V$3:$W$15,2,FALSE),"NO") -> YES | J14: =IFERROR(VLOOKUP(U14,Lookups!$Z$3:$AA$9,2,FALSE),"NO") -> YES | K14: =IFERROR(VLOOKUP(V14,Lookups!$AC$3:$AD$12,2,FALSE),"NO") -> Yes | L14: =IFERROR(VLOOKUP(W14,Lookups!$AH$3:$AI$74,2,FALSE),"NO") -> Yes | M14: =TRIM(MID(SUBSTITUTE(A14,"_",REPT(" ",LEN(A14))),(1-1)*LEN(A14)+1,LEN(A14))) -> de | N14: =TRIM(MID(SUBSTITUTE(A14,"_",REPT(" ",LEN(A14))),(2-1)*LEN(A14)+1,LEN(A14))) -> pff | O14: =TRIM(MID(SUBSTITUTE(A14,"_",REPT(" ",LEN(A14))),(3-1)*LEN(A14)+1,LEN(A14))) -> h1s1d2c | P14: =TRIM(MID(SUBSTITUTE(A14,"_",REPT(" ",LEN(A14))),(4-1)*LEN(A14)+1,LEN(A14))) -> pn | Q14: =TRIM(MID(SUBSTITUTE(A14,"_",REPT(" ",LEN(A14))),(5-1)*LEN(A14)+1,LEN(A14))) -> eur | R14: =TRIM(MID(SUBSTITUTE(A14,"_",REPT(" ",LEN(A14))),(6-1)*LEN(A14)+1,LEN(A14))) -> sph | S14: =TRIM(MID(SUBSTITUTE(A14,"_",REPT(" ",LEN(A14))),(7-1)*LEN(A14)+1,LEN(A14))) -> d2c | T14: =TRIM(MID(SUBSTITUTE(A14,"_",REPT(" ",LEN(A14))),(8-1)*LEN(A14)+1,LEN(A14))) -> social | U14: =TRIM(MID(SUBSTITUTE(A14,"_",REPT(" ",LEN(A14))),(9-1)*LEN(A14)+1,LEN(A14))) -> conversions | V14: =TRIM(MID(SUBSTITUTE(A14,"_",REPT(" ",LEN(A14))),(10-1)*LEN(A14)+1,LEN(A14))) -> bid-nadr | W14: =TRIM(MID(SUBSTITUTE(A14,"_",REPT(" ",LEN(A14))),(11-1)*LEN(A14)+1,LEN(A14))) -> 0123 | X14: =TRIM(MID(SUBSTITUTE(A14,"_",REPT(" ",LEN(A14))),(12-1)*LEN(A14)+1,LEN(A14))) -> 22441
B15: =IF(AND(D15="YES",I15="YES",E15="YES",F15="YES",G15="YES",H15="Yes"),"YES","NO") -> NO | C15: =IFERROR(VLOOKUP(M15,Lookups!$A$3:$B$87,2,FALSE),"NO") -> NO | D15: =IFERROR(VLOOKUP(N15,Lookups!$D$2:$E$211,2,FALSE),"NO") -> NO | E15: =IFERROR(VLOOKUP(P15,Lookups!$I$3:$J$8,2,FALSE),"NO") -> NO | F15: =IFERROR(VLOOKUP(Q15,Lookups!$L$3:$M$7,2,FALSE),"NO") -> NO | G15: =IFERROR(VLOOKUP(R15,Lookups!$O$3:$P$21,2,FALSE),"NO") -> NO | H15: =IFERROR(VLOOKUP(S15,Lookups!$S$3:$T$6,2,FALSE),"NO") -> NO | I15: =IFERROR(VLOOKUP(T15,Lookups!$V$3:$W$15,2,FALSE),"NO") -> NO | J15: =IFERROR(VLOOKUP(U15,Lookups!$Z$3:$AA$9,2,FALSE),"NO") -> NO | K15: =IFERROR(VLOOKUP(V15,Lookups!$AC$3:$AD$12,2,FALSE),"NO") -> NO | L15: =IFERROR(VLOOKUP(W15,Lookups!$AH$3:$AI$74,2,FALSE),"NO") -> NO | M15: =TRIM(MID(SUBSTITUTE(A15,"_",REPT(" ",LEN(A15))),(1-1)*LEN(A15)+1,LEN(A15))) | N15: =TRIM(MID(SUBSTITUTE(A15,"_",REPT(" ",LEN(A15))),(2-1)*LEN(A15)+1,LEN(A15))) | O15: =TRIM(MID(SUBSTITUTE(A15,"_",REPT(" ",LEN(A15))),(3-1)*LEN(A15)+1,LEN(A15))) | P15: =TRIM(MID(SUBSTITUTE(A15,"_",REPT(" ",LEN(A15))),(4-1)*LEN(A15)+1,LEN(A15))) | Q15: =TRIM(MID(SUBSTITUTE(A15,"_",REPT(" ",LEN(A15))),(5-1)*LEN(A15)+1,LEN(A15))) | R15: =TRIM(MID(SUBSTITUTE(A15,"_",REPT(" ",LEN(A15))),(6-1)*LEN(A15)+1,LEN(A15))) | S15: =TRIM(MID(SUBSTITUTE(A15,"_",REPT(" ",LEN(A15))),(7-1)*LEN(A15)+1,LEN(A15))) | T15: =TRIM(MID(SUBSTITUTE(A15,"_",REPT(" ",LEN(A15))),(8-1)*LEN(A15)+1,LEN(A15))) | U15: =TRIM(MID(SUBSTITUTE(A15,"_",REPT(" ",LEN(A15))),(9-1)*LEN(A15)+1,LEN(A15))) | V15: =TRIM(MID(SUBSTITUTE(A15,"_",REPT(" ",LEN(A15))),(10-1)*LEN(A15)+1,LEN(A15))) | W15: =TRIM(MID(SUBSTITUTE(A15,"_",REPT(" ",LEN(A15))),(11-1)*LEN(A15)+1,LEN(A15))) | X15: =TRIM(MID(SUBSTITUTE(A15,"_",REPT(" ",LEN(A15))),(12-1)*LEN(A15)+1,LEN(A15)))
B16: =IF(AND(D16="YES",I16="YES",E16="YES",F16="YES",G16="YES",H16="Yes"),"YES","NO") -> NO | C16: =IFERROR(VLOOKUP(M16,Lookups!$A$3:$B$87,2,FALSE),"NO") -> NO | D16: =IFERROR(VLOOKUP(N16,Lookups!$D$2:$E$211,2,FALSE),"NO") -> NO | E16: =IFERROR(VLOOKUP(P16,Lookups!$I$3:$J$8,2,FALSE),"NO") -> NO | F16: =IFERROR(VLOOKUP(Q16,Lookups!$L$3:$M$7,2,FALSE),"NO") -> NO | G16: =IFERROR(VLOOKUP(R16,Lookups!$O$3:$P$21,2,FALSE),"NO") -> NO | H16: =IFERROR(VLOOKUP(S16,Lookups!$S$3:$T$6,2,FALSE),"NO") -> NO | I16: =IFERROR(VLOOKUP(T16,Lookups!$V$3:$W$15,2,FALSE),"NO") -> NO | J16: =IFERROR(VLOOKUP(U16,Lookups!$Z$3:$AA$9,2,FALSE),"NO") -> NO | K16: =IFERROR(VLOOKUP(V16,Lookups!$AC$3:$AD$12,2,FALSE),"NO") -> NO | L16: =IFERROR(VLOOKUP(W16,Lookups!$AH$3:$AI$74,2,FALSE),"NO") -> NO | M16: =TRIM(MID(SUBSTITUTE(A16,"_",REPT(" ",LEN(A16))),(1-1)*LEN(A16)+1,LEN(A16))) | N16: =TRIM(MID(SUBSTITUTE(A16,"_",REPT(" ",LEN(A16))),(2-1)*LEN(A16)+1,LEN(A16))) | O16: =TRIM(MID(SUBSTITUTE(A16,"_",REPT(" ",LEN(A16))),(3-1)*LEN(A16)+1,LEN(A16))) | P16: =TRIM(MID(SUBSTITUTE(A16,"_",REPT(" ",LEN(A16))),(4-1)*LEN(A16)+1,LEN(A16))) | Q16: =TRIM(MID(SUBSTITUTE(A16,"_",REPT(" ",LEN(A16))),(5-1)*LEN(A16)+1,LEN(A16))) | R16: =TRIM(MID(SUBSTITUTE(A16,"_",REPT(" ",LEN(A16))),(6-1)*LEN(A16)+1,LEN(A16))) | S16: =TRIM(MID(SUBSTITUTE(A16,"_",REPT(" ",LEN(A16))),(7-1)*LEN(A16)+1,LEN(A16))) | T16: =TRIM(MID(SUBSTITUTE(A16,"_",REPT(" ",LEN(A16))),(8-1)*LEN(A16)+1,LEN(A16))) | U16: =TRIM(MID(SUBSTITUTE(A16,"_",REPT(" ",LEN(A16))),(9-1)*LEN(A16)+1,LEN(A16))) | V16: =TRIM(MID(SUBSTITUTE(A16,"_",REPT(" ",LEN(A16))),(10-1)*LEN(A16)+1,LEN(A16))) | W16: =TRIM(MID(SUBSTITUTE(A16,"_",REPT(" ",LEN(A16))),(11-1)*LEN(A16)+1,LEN(A16))) | X16: =TRIM(MID(SUBSTITUTE(A16,"_",REPT(" ",LEN(A16))),(12-1)*LEN(A16)+1,LEN(A16)))
A17: MX_Kitekat_Pedigree launch_mw_apac_CT_Brand_audio_awareness_bid-adr_0522_xxxx | B17: =IF(AND(D17="YES",I17="YES",E17="YES",F17="YES",G17="YES",H17="Yes"),"YES","NO") -> NO | C17: =IFERROR(VLOOKUP(M17,Lookups!$A$3:$B$87,2,FALSE),"NO") -> Yes | D17: =IFERROR(VLOOKUP(N17,Lookups!$D$2:$E$211,2,FALSE),"NO") -> NO | E17: =IFERROR(VLOOKUP(P17,Lookups!$I$3:$J$8,2,FALSE),"NO") -> YES | F17: =IFERROR(VLOOKUP(Q17,Lookups!$L$3:$M$7,2,FALSE),"NO") -> YES | G17: =IFERROR(VLOOKUP(R17,Lookups!$O$3:$P$21,2,FALSE),"NO") -> YES | H17: =IFERROR(VLOOKUP(S17,Lookups!$S$3:$T$6,2,FALSE),"NO") -> YES | I17: =IFERROR(VLOOKUP(T17,Lookups!$V$3:$W$15,2,FALSE),"NO") -> YES | J17: =IFERROR(VLOOKUP(U17,Lookups!$Z$3:$AA$9,2,FALSE),"NO") -> YES | K17: =IFERROR(VLOOKUP(V17,Lookups!$AC$3:$AD$12,2,FALSE),"NO") -> Yes | L17: =IFERROR(VLOOKUP(W17,Lookups!$AH$3:$AI$74,2,FALSE),"NO") -> Yes | M17: =TRIM(MID(SUBSTITUTE(A17,"_",REPT(" ",LEN(A17))),(1-1)*LEN(A17)+1,LEN(A17))) -> MX | N17: =TRIM(MID(SUBSTITUTE(A17,"_",REPT(" ",LEN(A17))),(2-1)*LEN(A17)+1,LEN(A17))) -> Kitekat | O17: =TRIM(MID(SUBSTITUTE(A17,"_",REPT(" ",LEN(A17))),(3-1)*LEN(A17)+1,LEN(A17))) -> Pedigree launch | P17: =TRIM(MID(SUBSTITUTE(A17,"_",REPT(" ",LEN(A17))),(4-1)*LEN(A17)+1,LEN(A17))) -> mw | Q17: =TRIM(MID(SUBSTITUTE(A17,"_",REPT(" ",LEN(A17))),(5-1)*LEN(A17)+1,LEN(A17))) -> apac | R17: =TRIM(MID(SUBSTITUTE(A17,"_",REPT(" ",LEN(A17))),(6-1)*LEN(A17)+1,LEN(A17))) -> CT | S17: =TRIM(MID(SUBSTITUTE(A17,"_",REPT(" ",LEN(A17))),(7-1)*LEN(A17)+1,LEN(A17))) -> Brand | T17: =TRIM(MID(SUBSTITUTE(A17,"_",REPT(" ",LEN(A17))),(8-1)*LEN(A17)+1,LEN(A17))) -> audio | U17: =TRIM(MID(SUBSTITUTE(A17,"_",REPT(" ",LEN(A17))),(9-1)*LEN(A17)+1,LEN(A17))) -> awareness | V17: =TRIM(MID(SUBSTITUTE(A17,"_",REPT(" ",LEN(A17))),(10-1)*LEN(A17)+1,LEN(A17))) -> bid-adr | W17: =TRIM(MID(SUBSTITUTE(A17,"_",REPT(" ",LEN(A17))),(11-1)*LEN(A17)+1,LEN(A17))) -> 0522 | X17: =TRIM(MID(SUBSTITUTE(A17,"_",REPT(" ",LEN(A17))),(12-1)*LEN(A17)+1,LEN(A17))) -> xxxx
B18: =IF(AND(D18="YES",I18="YES",E18="YES",F18="YES",G18="YES",H18="Yes"),"YES","NO") -> NO | C18: =IFERROR(VLOOKUP(M18,Lookups!$A$3:$B$87,2,FALSE),"NO") -> NO | D18: =IFERROR(VLOOKUP(N18,Lookups!$D$2:$E$211,2,FALSE),"NO") -> NO | E18: =IFERROR(VLOOKUP(P18,Lookups!$I$3:$J$8,2,FALSE),"NO") -> NO | F18: =IFERROR(VLOOKUP(Q18,Lookups!$L$3:$M$7,2,FALSE),"NO") -> NO | G18: =IFERROR(VLOOKUP(R18,Lookups!$O$3:$P$21,2,FALSE),"NO") -> NO | H18: =IFERROR(VLOOKUP(S18,Lookups!$S$3:$T$6,2,FALSE),"NO") -> NO | I18: =IFERROR(VLOOKUP(T18,Lookups!$V$3:$W$15,2,FALSE),"NO") -> NO | J18: =IFERROR(VLOOKUP(U18,Lookups!$Z$3:$AA$9,2,FALSE),"NO") -> NO | K18: =IFERROR(VLOOKUP(V18,Lookups!$AC$3:$AD$12,2,FALSE),"NO") -> NO | L18: =IFERROR(VLOOKUP(W18,Lookups!$AH$3:$AI$74,2,FALSE),"NO") -> NO | M18: =TRIM(MID(SUBSTITUTE(A18,"_",REPT(" ",LEN(A18))),(1-1)*LEN(A18)+1,LEN(A18))) | N18: =TRIM(MID(SUBSTITUTE(A18,"_",REPT(" ",LEN(A18))),(2-1)*LEN(A18)+1,LEN(A18))) | O18: =TRIM(MID(SUBSTITUTE(A18,"_",REPT(" ",LEN(A18))),(3-1)*LEN(A18)+1,LEN(A18))) | P18: =TRIM(MID(SUBSTITUTE(A18,"_",REPT(" ",LEN(A18))),(4-1)*LEN(A18)+1,LEN(A18))) | Q18: =TRIM(MID(SUBSTITUTE(A18,"_",REPT(" ",LEN(A18))),(5-1)*LEN(A18)+1,LEN(A18))) | R18: =TRIM(MID(SUBSTITUTE(A18,"_",REPT(" ",LEN(A18))),(6-1)*LEN(A18)+1,LEN(A18))) | S18: =TRIM(MID(SUBSTITUTE(A18,"_",REPT(" ",LEN(A18))),(7-1)*LEN(A18)+1,LEN(A18))) | T18: =TRIM(MID(SUBSTITUTE(A18,"_",REPT(" ",LEN(A18))),(8-1)*LEN(A18)+1,LEN(A18))) | U18: =TRIM(MID(SUBSTITUTE(A18,"_",REPT(" ",LEN(A18))),(9-1)*LEN(A18)+1,LEN(A18))) | V18: =TRIM(MID(SUBSTITUTE(A18,"_",REPT(" ",LEN(A18))),(10-1)*LEN(A18)+1,LEN(A18))) | W18: =TRIM(MID(SUBSTITUTE(A18,"_",REPT(" ",LEN(A18))),(11-1)*LEN(A18)+1,LEN(A18))) | X18: =TRIM(MID(SUBSTITUTE(A18,"_",REPT(" ",LEN(A18))),(12-1)*LEN(A18)+1,LEN(A18)))
B19: =IF(AND(D19="YES",I19="YES",E19="YES",F19="YES",G19="YES",H19="Yes"),"YES","NO") -> NO | C19: =IFERROR(VLOOKUP(M19,Lookups!$A$3:$B$87,2,FALSE),"NO") -> NO | D19: =IFERROR(VLOOKUP(N19,Lookups!$D$2:$E$211,2,FALSE),"NO") -> NO | E19: =IFERROR(VLOOKUP(P19,Lookups!$I$3:$J$8,2,FALSE),"NO") -> NO | F19: =IFERROR(VLOOKUP(Q19,Lookups!$L$3:$M$7,2,FALSE),"NO") -> NO | G19: =IFERROR(VLOOKUP(R19,Lookups!$O$3:$P$21,2,FALSE),"NO") -> NO | H19: =IFERROR(VLOOKUP(S19,Lookups!$S$3:$T$6,2,FALSE),"NO") -> NO | I19: =IFERROR(VLOOKUP(T19,Lookups!$V$3:$W$15,2,FALSE),"NO") -> NO | J19: =IFERROR(VLOOKUP(U19,Lookups!$Z$3:$AA$9,2,FALSE),"NO") -> NO | K19: =IFERROR(VLOOKUP(V19,Lookups!$AC$3:$AD$12,2,FALSE),"NO") -> NO | L19: =IFERROR(VLOOKUP(W19,Lookups!$AH$3:$AI$74,2,FALSE),"NO") -> NO | M19: =TRIM(MID(SUBSTITUTE(A19,"_",REPT(" ",LEN(A19))),(1-1)*LEN(A19)+1,LEN(A19))) | N19: =TRIM(MID(SUBSTITUTE(A19,"_",REPT(" ",LEN(A19))),(2-1)*LEN(A19)+1,LEN(A19))) | O19: =TRIM(MID(SUBSTITUTE(A19,"_",REPT(" ",LEN(A19))),(3-1)*LEN(A19)+1,LEN(A19))) | P19: =TRIM(MID(SUBSTITUTE(A19,"_",REPT(" ",LEN(A19))),(4-1)*LEN(A19)+1,LEN(A19))) | Q19: =TRIM(MID(SUBSTITUTE(A19,"_",REPT(" ",LEN(A19))),(5-1)*LEN(A19)+1,LEN(A19))) | R19: =TRIM(MID(SUBSTITUTE(A19,"_",REPT(" ",LEN(A19))),(6-1)*LEN(A19)+1,LEN(A19))) | S19: =TRIM(MID(SUBSTITUTE(A19,"_",REPT(" ",LEN(A19))),(7-1)*LEN(A19)+1,LEN(A19))) | T19: =TRIM(MID(SUBSTITUTE(A19,"_",REPT(" ",LEN(A19))),(8-1)*LEN(A19)+1,LEN(A19))) | U19: =TRIM(MID(SUBSTITUTE(A19,"_",REPT(" ",LEN(A19))),(9-1)*LEN(A19)+1,LEN(A19))) | V19: =TRIM(MID(SUBSTITUTE(A19,"_",REPT(" ",LEN(A19))),(10-1)*LEN(A19)+1,LEN(A19))) | W19: =TRIM(MID(SUBSTITUTE(A19,"_",REPT(" ",LEN(A19))),(11-1)*LEN(A19)+1,LEN(A19))) | X19: =TRIM(MID(SUBSTITUTE(A19,"_",REPT(" ",LEN(A19))),(12-1)*LEN(A19)+1,LEN(A19)))
A20: BR_Kitekat_Pedigree launch_mw_apac_CT_Brand_audio_awareness_bid-adr_0522_xxxx | B20: =IF(AND(D20="YES",I20="YES",E20="YES",F20="YES",G20="YES",H20="Yes"),"YES","NO") -> NO | C20: =IFERROR(VLOOKUP(M20,Lookups!$A$3:$B$87,2,FALSE),"NO") -> Yes | D20: =IFERROR(VLOOKUP(N20,Lookups!$D$2:$E$211,2,FALSE),"NO") -> NO | E20: =IFERROR(VLOOKUP(P20,Lookups!$I$3:$J$8,2,FALSE),"NO") -> YES | F20: =IFERROR(VLOOKUP(Q20,Lookups!$L$3:$M$7,2,FALSE),"NO") -> YES | G20: =IFERROR(VLOOKUP(R20,Lookups!$O$3:$P$21,2,FALSE),"NO") -> YES | H20: =IFERROR(VLOOKUP(S20,Lookups!$S$3:$T$6,2,FALSE),"NO") -> YES | I20: =IFERROR(VLOOKUP(T20,Lookups!$V$3:$W$15,2,FALSE),"NO") -> YES | J20: =IFERROR(VLOOKUP(U20,Lookups!$Z$3:$AA$9,2,FALSE),"NO") -> YES | K20: =IFERROR(VLOOKUP(V20,Lookups!$AC$3:$AD$12,2,FALSE),"NO") -> Yes | L20: =IFERROR(VLOOKUP(W20,Lookups!$AH$3:$AI$74,2,FALSE),"NO") -> Yes | M20: =TRIM(MID(SUBSTITUTE(A20,"_",REPT(" ",LEN(A20))),(1-1)*LEN(A20)+1,LEN(A20))) -> BR | N20: =TRIM(MID(SUBSTITUTE(A20,"_",REPT(" ",LEN(A20))),(2-1)*LEN(A20)+1,LEN(A20))) -> Kitekat | O20: =TRIM(MID(SUBSTITUTE(A20,"_",REPT(" ",LEN(A20))),(3-1)*LEN(A20)+1,LEN(A20))) -> Pedigree launch | P20: =TRIM(MID(SUBSTITUTE(A20,"_",REPT(" ",LEN(A20))),(4-1)*LEN(A20)+1,LEN(A20))) -> mw | Q20: =TRIM(MID(SUBSTITUTE(A20,"_",REPT(" ",LEN(A20))),(5-1)*LEN(A20)+1,LEN(A20))) -> apac | R20: =TRIM(MID(SUBSTITUTE(A20,"_",REPT(" ",LEN(A20))),(6-1)*LEN(A20)+1,LEN(A20))) -> CT | S20: =TRIM(MID(SUBSTITUTE(A20,"_",REPT(" ",LEN(A20))),(7-1)*LEN(A20)+1,LEN(A20))) -> Brand | T20: =TRIM(MID(SUBSTITUTE(A20,"_",REPT(" ",LEN(A20))),(8-1)*LEN(A20)+1,LEN(A20))) -> audio | U20: =TRIM(MID(SUBSTITUTE(A20,"_",REPT(" ",LEN(A20))),(9-1)*LEN(A20)+1,LEN(A20))) -> awareness | V20: =TRIM(MID(SUBSTITUTE(A20,"_",REPT(" ",LEN(A20))),(10-1)*LEN(A20)+1,LEN(A20))) -> bid-adr | W20: =TRIM(MID(SUBSTITUTE(A20,"_",REPT(" ",LEN(A20))),(11-1)*LEN(A20)+1,LEN(A20))) -> 0522 | X20: =TRIM(MID(SUBSTITUTE(A20,"_",REPT(" ",LEN(A20))),(12-1)*LEN(A20)+1,LEN(A20))) -> xxxx
B21: =IF(AND(D21="YES",I21="YES",E21="YES",F21="YES",G21="YES",H21="Yes"),"YES","NO") -> NO | C21: =IFERROR(VLOOKUP(M21,Lookups!$A$3:$B$87,2,FALSE),"NO") -> NO | D21: =IFERROR(VLOOKUP(N21,Lookups!$D$2:$E$211,2,FALSE),"NO") -> NO | E21: =IFERROR(VLOOKUP(P21,Lookups!$I$3:$J$8,2,FALSE),"NO") -> NO | F21: =IFERROR(VLOOKUP(Q21,Lookups!$L$3:$M$7,2,FALSE),"NO") -> NO | G21: =IFERROR(VLOOKUP(R21,Lookups!$O$3:$P$21,2,FALSE),"NO") -> NO | H21: =IFERROR(VLOOKUP(S21,Lookups!$S$3:$T$6,2,FALSE),"NO") -> NO | I21: =IFERROR(VLOOKUP(T21,Lookups!$V$3:$W$15,2,FALSE),"NO") -> NO | J21: =IFERROR(VLOOKUP(U21,Lookups!$Z$3:$AA$9,2,FALSE),"NO") -> NO | K21: =IFERROR(VLOOKUP(V21,Lookups!$AC$3:$AD$12,2,FALSE),"NO") -> NO | L21: =IFERROR(VLOOKUP(W21,Lookups!$AH$3:$AI$74,2,FALSE),"NO") -> NO | M21: =TRIM(MID(SUBSTITUTE(A21,"_",REPT(" ",LEN(A21))),(1-1)*LEN(A21)+1,LEN(A21))) | N21: =TRIM(MID(SUBSTITUTE(A21,"_",REPT(" ",LEN(A21))),(2-1)*LEN(A21)+1,LEN(A21))) | O21: =TRIM(MID(SUBSTITUTE(A21,"_",REPT(" ",LEN(A21))),(3-1)*LEN(A21)+1,LEN(A21))) | P21: =TRIM(MID(SUBSTITUTE(A21,"_",REPT(" ",LEN(A21))),(4-1)*LEN(A21)+1,LEN(A21))) | Q21: =TRIM(MID(SUBSTITUTE(A21,"_",REPT(" ",LEN(A21))),(5-1)*LEN(A21)+1,LEN(A21))) | R21: =TRIM(MID(SUBSTITUTE(A21,"_",REPT(" ",LEN(A21))),(6-1)*LEN(A21)+1,LEN(A21))) | S21: =TRIM(MID(SUBSTITUTE(A21,"_",REPT(" ",LEN(A21))),(7-1)*LEN(A21)+1,LEN(A21))) | T21: =TRIM(MID(SUBSTITUTE(A21,"_",REPT(" ",LEN(A21))),(8-1)*LEN(A21)+1,LEN(A21))) | U21: =TRIM(MID(SUBSTITUTE(A21,"_",REPT(" ",LEN(A21))),(9-1)*LEN(A21)+1,LEN(A21))) | V21: =TRIM(MID(SUBSTITUTE(A21,"_",REPT(" ",LEN(A21))),(10-1)*LEN(A21)+1,LEN(A21))) | W21: =TRIM(MID(SUBSTITUTE(A21,"_",REPT(" ",LEN(A21))),(11-1)*LEN(A21)+1,LEN(A21))) | X21: =TRIM(MID(SUBSTITUTE(A21,"_",REPT(" ",LEN(A21))),(12-1)*LEN(A21)+1,LEN(A21)))
B22: =IF(AND(D22="YES",I22="YES",E22="YES",F22="YES",G22="YES",H22="Yes"),"YES","NO") -> NO | C22: =IFERROR(VLOOKUP(M22,Lookups!$A$3:$B$87,2,FALSE),"NO") -> NO | D22: =IFERROR(VLOOKUP(N22,Lookups!$D$2:$E$211,2,FALSE),"NO") -> NO | E22: =IFERROR(VLOOKUP(P22,Lookups!$I$3:$J$8,2,FALSE),"NO") -> NO | F22: =IFERROR(VLOOKUP(Q22,Lookups!$L$3:$M$7,2,FALSE),"NO") -> NO | G22: =IFERROR(VLOOKUP(R22,Lookups!$O$3:$P$21,2,FALSE),"NO") -> NO | H22: =IFERROR(VLOOKUP(S22,Lookups!$S$3:$T$6,2,FALSE),"NO") -> NO | I22: =IFERROR(VLOOKUP(T22,Lookups!$V$3:$W$15,2,FALSE),"NO") -> NO | J22: =IFERROR(VLOOKUP(U22,Lookups!$Z$3:$AA$9,2,FALSE),"NO") -> NO | K22: =IFERROR(VLOOKUP(V22,Lookups!$AC$3:$AD$12,2,FALSE),"NO") -> NO | L22: =IFERROR(VLOOKUP(W22,Lookups!$AH$3:$AI$74,2,FALSE),"NO") -> NO | M22: =TRIM(MID(SUBSTITUTE(A22,"_",REPT(" ",LEN(A22))),(1-1)*LEN(A22)+1,LEN(A22))) | N22: =TRIM(MID(SUBSTITUTE(A22,"_",REPT(" ",LEN(A22))),(2-1)*LEN(A22)+1,LEN(A22))) | O22: =TRIM(MID(SUBSTITUTE(A22,"_",REPT(" ",LEN(A22))),(3-1)*LEN(A22)+1,LEN(A22))) | P22: =TRIM(MID(SUBSTITUTE(A22,"_",REPT(" ",LEN(A22))),(4-1)*LEN(A22)+1,LEN(A22))) | Q22: =TRIM(MID(SUBSTITUTE(A22,"_",REPT(" ",LEN(A22))),(5-1)*LEN(A22)+1,LEN(A22))) | R22: =TRIM(MID(SUBSTITUTE(A22,"_",REPT(" ",LEN(A22))),(6-1)*LEN(A22)+1,LEN(A22))) | S22: =TRIM(MID(SUBSTITUTE(A22,"_",REPT(" ",LEN(A22))),(7-1)*LEN(A22)+1,LEN(A22))) | T22: =TRIM(MID(SUBSTITUTE(A22,"_",REPT(" ",LEN(A22))),(8-1)*LEN(A22)+1,LEN(A22))) | U22: =TRIM(MID(SUBSTITUTE(A22,"_",REPT(" ",LEN(A22))),(9-1)*LEN(A22)+1,LEN(A22))) | V22: =TRIM(MID(SUBSTITUTE(A22,"_",REPT(" ",LEN(A22))),(10-1)*LEN(A22)+1,LEN(A22))) | W22: =TRIM(MID(SUBSTITUTE(A22,"_",REPT(" ",LEN(A22))),(11-1)*LEN(A22)+1,LEN(A22))) | X22: =TRIM(MID(SUBSTITUTE(A22,"_",REPT(" ",LEN(A22))),(12-1)*LEN(A22)+1,LEN(A22)))
A23: BR_Kitkat_Pedigree launch_mw_latam_CT_Brand_audio_awareness_bid-adr_0522_xxxx | B23: =IF(AND(D23="YES",I23="YES",E23="YES",F23="YES",G23="YES",H23="Yes"),"YES","NO") -> NO | C23: =IFERROR(VLOOKUP(M23,Lookups!$A$3:$B$87,2,FALSE),"NO") -> Yes | D23: =IFERROR(VLOOKUP(N23,Lookups!$D$2:$E$211,2,FALSE),"NO") -> NO | E23: =IFERROR(VLOOKUP(P23,Lookups!$I$3:$J$8,2,FALSE),"NO") -> YES | F23: =IFERROR(VLOOKUP(Q23,Lookups!$L$3:$M$7,2,FALSE),"NO") -> YES | G23: =IFERROR(VLOOKUP(R23,Lookups!$O$3:$P$21,2,FALSE),"NO") -> YES | H23: =IFERROR(VLOOKUP(S23,Lookups!$S$3:$T$6,2,FALSE),"NO") -> YES | I23: =IFERROR(VLOOKUP(T23,Lookups!$V$3:$W$15,2,FALSE),"NO") -> YES | J23: =IFERROR(VLOOKUP(U23,Lookups!$Z$3:$AA$9,2,FALSE),"NO") -> YES | K23: =IFERROR(VLOOKUP(V23,Lookups!$AC$3:$AD$12,2,FALSE),"NO") -> Yes | L23: =IFERROR(VLOOKUP(W23,Lookups!$AH$3:$AI$74,2,FALSE),"NO") -> Yes | M23: =TRIM(MID(SUBSTITUTE(A23,"_",REPT(" ",LEN(A23))),(1-1)*LEN(A23)+1,LEN(A23))) -> BR | N23: =TRIM(MID(SUBSTITUTE(A23,"_",REPT(" ",LEN(A23))),(2-1)*LEN(A23)+1,LEN(A23))) -> Kitkat | O23: =TRIM(MID(SUBSTITUTE(A23,"_",REPT(" ",LEN(A23))),(3-1)*LEN(A23)+1,LEN(A23))) -> Pedigree launch | P23: =TRIM(MID(SUBSTITUTE(A23,"_",REPT(" ",LEN(A23))),(4-1)*LEN(A23)+1,LEN(A23))) -> mw | Q23: =TRIM(MID(SUBSTITUTE(A23,"_",REPT(" ",LEN(A23))),(5-1)*LEN(A23)+1,LEN(A23))) -> latam | R23: =TRIM(MID(SUBSTITUTE(A23,"_",REPT(" ",LEN(A23))),(6-1)*LEN(A23)+1,LEN(A23))) -> CT | S23: =TRIM(MID(SUBSTITUTE(A23,"_",REPT(" ",LEN(A23))),(7-1)*LEN(A23)+1,LEN(A23))) -> Brand | T23: =TRIM(MID(SUBSTITUTE(A23,"_",REPT(" ",LEN(A23))),(8-1)*LEN(A23)+1,LEN(A23))) -> audio | U23: =TRIM(MID(SUBSTITUTE(A23,"_",REPT(" ",LEN(A23))),(9-1)*LEN(A23)+1,LEN(A23))) -> awareness | V23: =TRIM(MID(SUBSTITUTE(A23,"_",REPT(" ",LEN(A23))),(10-1)*LEN(A23)+1,LEN(A23))) -> bid-adr | W23: =TRIM(MID(SUBSTITUTE(A23,"_",REPT(" ",LEN(A23))),(11-1)*LEN(A23)+1,LEN(A23))) -> 0522 | X23: =TRIM(MID(SUBSTITUTE(A23,"_",REPT(" ",LEN(A23))),(12-1)*LEN(A23)+1,LEN(A23))) -> xxxx
B24: =IF(AND(D24="YES",I24="YES",E24="YES",F24="YES",G24="YES",H24="Yes"),"YES","NO") -> NO | C24: =IFERROR(VLOOKUP(M24,Lookups!$A$3:$B$87,2,FALSE),"NO") -> NO | D24: =IFERROR(VLOOKUP(N24,Lookups!$D$2:$E$211,2,FALSE),"NO") -> NO | E24: =IFERROR(VLOOKUP(P24,Lookups!$I$3:$J$8,2,FALSE),"NO") -> NO | F24: =IFERROR(VLOOKUP(Q24,Lookups!$L$3:$M$7,2,FALSE),"NO") -> NO | G24: =IFERROR(VLOOKUP(R24,Lookups!$O$3:$P$21,2,FALSE),"NO") -> NO | H24: =IFERROR(VLOOKUP(S24,Lookups!$S$3:$T$6,2,FALSE),"NO") -> NO | I24: =IFERROR(VLOOKUP(T24,Lookups!$V$3:$W$15,2,FALSE),"NO") -> NO | J24: =IFERROR(VLOOKUP(U24,Lookups!$Z$3:$AA$9,2,FALSE),"NO") -> NO | K24: =IFERROR(VLOOKUP(V24,Lookups!$AC$3:$AD$12,2,FALSE),"NO") -> NO | L24: =IFERROR(VLOOKUP(W24,Lookups!$AH$3:$AI$74,2,FALSE),"NO") -> NO | M24: =TRIM(MID(SUBSTITUTE(A24,"_",REPT(" ",LEN(A24))),(1-1)*LEN(A24)+1,LEN(A24))) | N24: =TRIM(MID(SUBSTITUTE(A24,"_",REPT(" ",LEN(A24))),(2-1)*LEN(A24)+1,LEN(A24))) | O24: =TRIM(MID(SUBSTITUTE(A24,"_",REPT(" ",LEN(A24))),(3-1)*LEN(A24)+1,LEN(A24))) | P24: =TRIM(MID(SUBSTITUTE(A24,"_",REPT(" ",LEN(A24))),(4-1)*LEN(A24)+1,LEN(A24))) | Q24: =TRIM(MID(SUBSTITUTE(A24,"_",REPT(" ",LEN(A24))),(5-1)*LEN(A24)+1,LEN(A24))) | R24: =TRIM(MID(SUBSTITUTE(A24,"_",REPT(" ",LEN(A24))),(6-1)*LEN(A24)+1,LEN(A24))) | S24: =TRIM(MID(SUBSTITUTE(A24,"_",REPT(" ",LEN(A24))),(7-1)*LEN(A24)+1,LEN(A24))) | T24: =TRIM(MID(SUBSTITUTE(A24,"_",REPT(" ",LEN(A24))),(8-1)*LEN(A24)+1,LEN(A24))) | U24: =TRIM(MID(SUBSTITUTE(A24,"_",REPT(" ",LEN(A24))),(9-1)*LEN(A24)+1,LEN(A24))) | V24: =TRIM(MID(SUBSTITUTE(A24,"_",REPT(" ",LEN(A24))),(10-1)*LEN(A24)+1,LEN(A24))) | W24: =TRIM(MID(SUBSTITUTE(A24,"_",REPT(" ",LEN(A24))),(11-1)*LEN(A24)+1,LEN(A24))) | X24: =TRIM(MID(SUBSTITUTE(A24,"_",REPT(" ",LEN(A24))),(12-1)*LEN(A24)+1,LEN(A24)))
A25: BR_Alert_Pedigree launch_mw_latam_CT_Brand_audio_awareness_bid-adr_0522_xxxx | B25: =IF(AND(D25="YES",I25="YES",E25="YES",F25="YES",G25="YES",H25="Yes"),"YES","NO") -> NO | C25: =IFERROR(VLOOKUP(M25,Lookups!$A$3:$B$87,2,FALSE),"NO") -> Yes | D25: =IFERROR(VLOOKUP(N25,Lookups!$D$2:$E$211,2,FALSE),"NO") -> NO | E25: =IFERROR(VLOOKUP(P25,Lookups!$I$3:$J$8,2,FALSE),"NO") -> YES | F25: =IFERROR(VLOOKUP(Q25,Lookups!$L$3:$M$7,2,FALSE),"NO") -> YES | G25: =IFERROR(VLOOKUP(R25,Lookups!$O$3:$P$21,2,FALSE),"NO") -> YES | H25: =IFERROR(VLOOKUP(S25,Lookups!$S$3:$T$6,2,FALSE),"NO") -> YES | I25: =IFERROR(VLOOKUP(T25,Lookups!$V$3:$W$15,2,FALSE),"NO") -> YES | J25: =IFERROR(VLOOKUP(U25,Lookups!$Z$3:$AA$9,2,FALSE),"NO") -> YES | K25: =IFERROR(VLOOKUP(V25,Lookups!$AC$3:$AD$12,2,FALSE),"NO") -> Yes | L25: =IFERROR(VLOOKUP(W25,Lookups!$AH$3:$AI$74,2,FALSE),"NO") -> Yes | M25: =TRIM(MID(SUBSTITUTE(A25,"_",REPT(" ",LEN(A25))),(1-1)*LEN(A25)+1,LEN(A25))) -> BR | N25: =TRIM(MID(SUBSTITUTE(A25,"_",REPT(" ",LEN(A25))),(2-1)*LEN(A25)+1,LEN(A25))) -> Alert | O25: =TRIM(MID(SUBSTITUTE(A25,"_",REPT(" ",LEN(A25))),(3-1)*LEN(A25)+1,LEN(A25))) -> Pedigree launch | P25: =TRIM(MID(SUBSTITUTE(A25,"_",REPT(" ",LEN(A25))),(4-1)*LEN(A25)+1,LEN(A25))) -> mw | Q25: =TRIM(MID(SUBSTITUTE(A25,"_",REPT(" ",LEN(A25))),(5-1)*LEN(A25)+1,LEN(A25))) -> latam | R25: =TRIM(MID(SUBSTITUTE(A25,"_",REPT(" ",LEN(A25))),(6-1)*LEN(A25)+1,LEN(A25))) -> CT | S25: =TRIM(MID(SUBSTITUTE(A25,"_",REPT(" ",LEN(A25))),(7-1)*LEN(A25)+1,LEN(A25))) -> Brand | T25: =TRIM(MID(SUBSTITUTE(A25,"_",REPT(" ",LEN(A25))),(8-1)*LEN(A25)+1,LEN(A25))) -> audio | U25: =TRIM(MID(SUBSTITUTE(A25,"_",REPT(" ",LEN(A25))),(9-1)*LEN(A25)+1,LEN(A25))) -> awareness | V25: =TRIM(MID(SUBSTITUTE(A25,"_",REPT(" ",LEN(A25))),(10-1)*LEN(A25)+1,LEN(A25))) -> bid-adr | W25: =TRIM(MID(SUBSTITUTE(A25,"_",REPT(" ",LEN(A25))),(11-1)*LEN(A25)+1,LEN(A25))) -> 0522 | X25: =TRIM(MID(SUBSTITUTE(A25,"_",REPT(" ",LEN(A25))),(12-1)*LEN(A25)+1,LEN(A25))) -> xxxx
B26: =IF(AND(D26="YES",I26="YES",E26="YES",F26="YES",G26="YES",H26="Yes"),"YES","NO") -> NO | C26: =IFERROR(VLOOKUP(M26,Lookups!$A$3:$B$87,2,FALSE),"NO") -> NO | D26: =IFERROR(VLOOKUP(N26,Lookups!$D$2:$E$211,2,FALSE),"NO") -> NO | E26: =IFERROR(VLOOKUP(P26,Lookups!$I$3:$J$8,2,FALSE),"NO") -> NO | F26: =IFERROR(VLOOKUP(Q26,Lookups!$L$3:$M$7,2,FALSE),"NO") -> NO | G26: =IFERROR(VLOOKUP(R26,Lookups!$O$3:$P$21,2,FALSE),"NO") -> NO | H26: =IFERROR(VLOOKUP(S26,Lookups!$S$3:$T$6,2,FALSE),"NO") -> NO | I26: =IFERROR(VLOOKUP(T26,Lookups!$V$3:$W$15,2,FALSE),"NO") -> NO | J26: =IFERROR(VLOOKUP(U26,Lookups!$Z$3:$AA$9,2,FALSE),"NO") -> NO | K26: =IFERROR(VLOOKUP(V26,Lookups!$AC$3:$AD$12,2,FALSE),"NO") -> NO | L26: =IFERROR(VLOOKUP(W26,Lookups!$AH$3:$AI$74,2,FALSE),"NO") -> NO | M26: =TRIM(MID(SUBSTITUTE(A26,"_",REPT(" ",LEN(A26))),(1-1)*LEN(A26)+1,LEN(A26))) | N26: =TRIM(MID(SUBSTITUTE(A26,"_",REPT(" ",LEN(A26))),(2-1)*LEN(A26)+1,LEN(A26))) | O26: =TRIM(MID(SUBSTITUTE(A26,"_",REPT(" ",LEN(A26))),(3-1)*LEN(A26)+1,LEN(A26))) | P26: =TRIM(MID(SUBSTITUTE(A26,"_",REPT(" ",LEN(A26))),(4-1)*LEN(A26)+1,LEN(A26))) | Q26: =TRIM(MID(SUBSTITUTE(A26,"_",REPT(" ",LEN(A26))),(5-1)*LEN(A26)+1,LEN(A26))) | R26: =TRIM(MID(SUBSTITUTE(A26,"_",REPT(" ",LEN(A26))),(6-1)*LEN(A26)+1,LEN(A26))) | S26: =TRIM(MID(SUBSTITUTE(A26,"_",REPT(" ",LEN(A26))),(7-1)*LEN(A26)+1,LEN(A26))) | T26: =TRIM(MID(SUBSTITUTE(A26,"_",REPT(" ",LEN(A26))),(8-1)*LEN(A26)+1,LEN(A26))) | U26: =TRIM(MID(SUBSTITUTE(A26,"_",REPT(" ",LEN(A26))),(9-1)*LEN(A26)+1,LEN(A26))) | V26: =TRIM(MID(SUBSTITUTE(A26,"_",REPT(" ",LEN(A26))),(10-1)*LEN(A26)+1,LEN(A26))) | W26: =TRIM(MID(SUBSTITUTE(A26,"_",REPT(" ",LEN(A26))),(11-1)*LEN(A26)+1,LEN(A26))) | X26: =TRIM(MID(SUBSTITUTE(A26,"_",REPT(" ",LEN(A26))),(12-1)*LEN(A26)+1,LEN(A26)))
A27: BR_alr_Pedigree launch_mw_latam_CT_Brand_audio_awareness_bid-adr_0522_xxxx | B27: =IF(AND(D27="YES",I27="YES",E27="YES",F27="YES",G27="YES",H27="Yes"),"YES","NO") -> YES | C27: =IFERROR(VLOOKUP(M27,Lookups!$A$3:$B$87,2,FALSE),"NO") -> Yes | D27: =IFERROR(VLOOKUP(N27,Lookups!$D$2:$E$211,2,FALSE),"NO") -> YES | E27: =IFERROR(VLOOKUP(P27,Lookups!$I$3:$J$8,2,FALSE),"NO") -> YES | F27: =IFERROR(VLOOKUP(Q27,Lookups!$L$3:$M$7,2,FALSE),"NO") -> YES | G27: =IFERROR(VLOOKUP(R27,Lookups!$O$3:$P$21,2,FALSE),"NO") -> YES | H27: =IFERROR(VLOOKUP(S27,Lookups!$S$3:$T$6,2,FALSE),"NO") -> YES | I27: =IFERROR(VLOOKUP(T27,Lookups!$V$3:$W$15,2,FALSE),"NO") -> YES | J27: =IFERROR(VLOOKUP(U27,Lookups!$Z$3:$AA$9,2,FALSE),"NO") -> YES | K27: =IFERROR(VLOOKUP(V27,Lookups!$AC$3:$AD$12,2,FALSE),"NO") -> Yes | L27: =IFERROR(VLOOKUP(W27,Lookups!$AH$3:$AI$74,2,FALSE),"NO") -> Yes | M27: =TRIM(MID(SUBSTITUTE(A27,"_",REPT(" ",LEN(A27))),(1-1)*LEN(A27)+1,LEN(A27))) -> BR | N27: =TRIM(MID(SUBSTITUTE(A27,"_",REPT(" ",LEN(A27))),(2-1)*LEN(A27)+1,LEN(A27))) -> alr | O27: =TRIM(MID(SUBSTITUTE(A27,"_",REPT(" ",LEN(A27))),(3-1)*LEN(A27)+1,LEN(A27))) -> Pedigree launch | P27: =TRIM(MID(SUBSTITUTE(A27,"_",REPT(" ",LEN(A27))),(4-1)*LEN(A27)+1,LEN(A27))) -> mw | Q27: =TRIM(MID(SUBSTITUTE(A27,"_",REPT(" ",LEN(A27))),(5-1)*LEN(A27)+1,LEN(A27))) -> latam | R27: =TRIM(MID(SUBSTITUTE(A27,"_",REPT(" ",LEN(A27))),(6-1)*LEN(A27)+1,LEN(A27))) -> CT | S27: =TRIM(MID(SUBSTITUTE(A27,"_",REPT(" ",LEN(A27))),(7-1)*LEN(A27)+1,LEN(A27))) -> Brand | T27: =TRIM(MID(SUBSTITUTE(A27,"_",REPT(" ",LEN(A27))),(8-1)*LEN(A27)+1,LEN(A27))) -> audio | U27: =TRIM(MID(SUBSTITUTE(A27,"_",REPT(" ",LEN(A27))),(9-1)*LEN(A27)+1,LEN(A27))) -> awareness | V27: =TRIM(MID(SUBSTITUTE(A27,"_",REPT(" ",LEN(A27))),(10-1)*LEN(A27)+1,LEN(A27))) -> bid-adr | W27: =TRIM(MID(SUBSTITUTE(A27,"_",REPT(" ",LEN(A27))),(11-1)*LEN(A27)+1,LEN(A27))) -> 0522 | X27: =TRIM(MID(SUBSTITUTE(A27,"_",REPT(" ",LEN(A27))),(12-1)*LEN(A27)+1,LEN(A27))) -> xxxx
B28: =IF(AND(D28="YES",I28="YES",E28="YES",F28="YES",G28="YES",H28="Yes"),"YES","NO") -> NO | C28: =IFERROR(VLOOKUP(M28,Lookups!$A$3:$B$87,2,FALSE),"NO") -> NO | D28: =IFERROR(VLOOKUP(N28,Lookups!$D$2:$E$211,2,FALSE),"NO") -> NO | E28: =IFERROR(VLOOKUP(P28,Lookups!$I$3:$J$8,2,FALSE),"NO") -> NO | F28: =IFERROR(VLOOKUP(Q28,Lookups!$L$3:$M$7,2,FALSE),"NO") -> NO | G28: =IFERROR(VLOOKUP(R28,Lookups!$O$3:$P$21,2,FALSE),"NO") -> NO | H28: =IFERROR(VLOOKUP(S28,Lookups!$S$3:$T$6,2,FALSE),"NO") -> NO | I28: =IFERROR(VLOOKUP(T28,Lookups!$V$3:$W$15,2,FALSE),"NO") -> NO | J28: =IFERROR(VLOOKUP(U28,Lookups!$Z$3:$AA$9,2,FALSE),"NO") -> NO | K28: =IFERROR(VLOOKUP(V28,Lookups!$AC$3:$AD$12,2,FALSE),"NO") -> NO | L28: =IFERROR(VLOOKUP(W28,Lookups!$AH$3:$AI$74,2,FALSE),"NO") -> NO | M28: =TRIM(MID(SUBSTITUTE(A28,"_",REPT(" ",LEN(A28))),(1-1)*LEN(A28)+1,LEN(A28))) | N28: =TRIM(MID(SUBSTITUTE(A28,"_",REPT(" ",LEN(A28))),(2-1)*LEN(A28)+1,LEN(A28))) | O28: =TRIM(MID(SUBSTITUTE(A28,"_",REPT(" ",LEN(A28))),(3-1)*LEN(A28)+1,LEN(A28))) | P28: =TRIM(MID(SUBSTITUTE(A28,"_",REPT(" ",LEN(A28))),(4-1)*LEN(A28)+1,LEN(A28))) | Q28: =TRIM(MID(SUBSTITUTE(A28,"_",REPT(" ",LEN(A28))),(5-1)*LEN(A28)+1,LEN(A28))) | R28: =TRIM(MID(SUBSTITUTE(A28,"_",REPT(" ",LEN(A28))),(6-1)*LEN(A28)+1,LEN(A28))) | S28: =TRIM(MID(SUBSTITUTE(A28,"_",REPT(" ",LEN(A28))),(7-1)*LEN(A28)+1,LEN(A28))) | T28: =TRIM(MID(SUBSTITUTE(A28,"_",REPT(" ",LEN(A28))),(8-1)*LEN(A28)+1,LEN(A28))) | U28: =TRIM(MID(SUBSTITUTE(A28,"_",REPT(" ",LEN(A28))),(9-1)*LEN(A28)+1,LEN(A28))) | V28: =TRIM(MID(SUBSTITUTE(A28,"_",REPT(" ",LEN(A28))),(10-1)*LEN(A28)+1,LEN(A28))) | W28: =TRIM(MID(SUBSTITUTE(A28,"_",REPT(" ",LEN(A28))),(11-1)*LEN(A28)+1,LEN(A28))) | X28: =TRIM(MID(SUBSTITUTE(A28,"_",REPT(" ",LEN(A28))),(12-1)*LEN(A28)+1,LEN(A28)))
B29: =IF(AND(D29="YES",I29="YES",E29="YES",F29="YES",G29="YES",H29="Yes"),"YES","NO") -> NO | C29: =IFERROR(VLOOKUP(M29,Lookups!$A$3:$B$87,2,FALSE),"NO") -> NO | D29: =IFERROR(VLOOKUP(N29,Lookups!$D$2:$E$211,2,FALSE),"NO") -> NO | E29: =IFERROR(VLOOKUP(P29,Lookups!$I$3:$J$8,2,FALSE),"NO") -> NO | F29: =IFERROR(VLOOKUP(Q29,Lookups!$L$3:$M$7,2,FALSE),"NO") -> NO | G29: =IFERROR(VLOOKUP(R29,Lookups!$O$3:$P$21,2,FALSE),"NO") -> NO | H29: =IFERROR(VLOOKUP(S29,Lookups!$S$3:$T$6,2,FALSE),"NO") -> NO | I29: =IFERROR(VLOOKUP(T29,Lookups!$V$3:$W$15,2,FALSE),"NO") -> NO | J29: =IFERROR(VLOOKUP(U29,Lookups!$Z$3:$AA$9,2,FALSE),"NO") -> NO | K29: =IFERROR(VLOOKUP(V29,Lookups!$AC$3:$AD$12,2,FALSE),"NO") -> NO | L29: =IFERROR(VLOOKUP(W29,Lookups!$AH$3:$AI$74,2,FALSE),"NO") -> NO | M29: =TRIM(MID(SUBSTITUTE(A29,"_",REPT(" ",LEN(A29))),(1-1)*LEN(A29)+1,LEN(A29))) | N29: =TRIM(MID(SUBSTITUTE(A29,"_",REPT(" ",LEN(A29))),(2-1)*LEN(A29)+1,LEN(A29))) | O29: =TRIM(MID(SUBSTITUTE(A29,"_",REPT(" ",LEN(A29))),(3-1)*LEN(A29)+1,LEN(A29))) | P29: =TRIM(MID(SUBSTITUTE(A29,"_",REPT(" ",LEN(A29))),(4-1)*LEN(A29)+1,LEN(A29))) | Q29: =TRIM(MID(SUBSTITUTE(A29,"_",REPT(" ",LEN(A29))),(5-1)*LEN(A29)+1,LEN(A29))) | R29: =TRIM(MID(SUBSTITUTE(A29,"_",REPT(" ",LEN(A29))),(6-1)*LEN(A29)+1,LEN(A29))) | S29: =TRIM(MID(SUBSTITUTE(A29,"_",REPT(" ",LEN(A29))),(7-1)*LEN(A29)+1,LEN(A29))) | T29: =TRIM(MID(SUBSTITUTE(A29,"_",REPT(" ",LEN(A29))),(8-1)*LEN(A29)+1,LEN(A29))) | U29: =TRIM(MID(SUBSTITUTE(A29,"_",REPT(" ",LEN(A29))),(9-1)*LEN(A29)+1,LEN(A29))) | V29: =TRIM(MID(SUBSTITUTE(A29,"_",REPT(" ",LEN(A29))),(10-1)*LEN(A29)+1,LEN(A29))) | W29: =TRIM(MID(SUBSTITUTE(A29,"_",REPT(" ",LEN(A29))),(11-1)*LEN(A29)+1,LEN(A29))) | X29: =TRIM(MID(SUBSTITUTE(A29,"_",REPT(" ",LEN(A29))),(12-1)*LEN(A29)+1,LEN(A29)))
B30: =IF(AND(D30="YES",I30="YES",E30="YES",F30="YES",G30="YES",H30="Yes"),"YES","NO") -> NO | C30: =IFERROR(VLOOKUP(M30,Lookups!$A$3:$B$87,2,FALSE),"NO") -> NO | D30: =IFERROR(VLOOKUP(N30,Lookups!$D$2:$E$211,2,FALSE),"NO") -> NO | E30: =IFERROR(VLOOKUP(P30,Lookups!$I$3:$J$8,2,FALSE),"NO") -> NO | F30: =IFERROR(VLOOKUP(Q30,Lookups!$L$3:$M$7,2,FALSE),"NO") -> NO | G30: =IFERROR(VLOOKUP(R30,Lookups!$O$3:$P$21,2,FALSE),"NO") -> NO | H30: =IFERROR(VLOOKUP(S30,Lookups!$S$3:$T$6,2,FALSE),"NO") -> NO | I30: =IFERROR(VLOOKUP(T30,Lookups!$V$3:$W$15,2,FALSE),"NO") -> NO | J30: =IFERROR(VLOOKUP(U30,Lookups!$Z$3:$AA$9,2,FALSE),"NO") -> NO | K30: =IFERROR(VLOOKUP(V30,Lookups!$AC$3:$AD$12,2,FALSE),"NO") -> NO | L30: =IFERROR(VLOOKUP(W30,Lookups!$AH$3:$AI$74,2,FALSE),"NO") -> NO | M30: =TRIM(MID(SUBSTITUTE(A30,"_",REPT(" ",LEN(A30))),(1-1)*LEN(A30)+1,LEN(A30))) | N30: =TRIM(MID(SUBSTITUTE(A30,"_",REPT(" ",LEN(A30))),(2-1)*LEN(A30)+1,LEN(A30))) | O30: =TRIM(MID(SUBSTITUTE(A30,"_",REPT(" ",LEN(A30))),(3-1)*LEN(A30)+1,LEN(A30))) | P30: =TRIM(MID(SUBSTITUTE(A30,"_",REPT(" ",LEN(A30))),(4-1)*LEN(A30)+1,LEN(A30))) | Q30: =TRIM(MID(SUBSTITUTE(A30,"_",REPT(" ",LEN(A30))),(5-1)*LEN(A30)+1,LEN(A30))) | R30: =TRIM(MID(SUBSTITUTE(A30,"_",REPT(" ",LEN(A30))),(6-1)*LEN(A30)+1,LEN(A30))) | S30: =TRIM(MID(SUBSTITUTE(A30,"_",REPT(" ",LEN(A30))),(7-1)*LEN(A30)+1,LEN(A30))) | T30: =TRIM(MID(SUBSTITUTE(A30,"_",REPT(" ",LEN(A30))),(8-1)*LEN(A30)+1,LEN(A30))) | U30: =TRIM(MID(SUBSTITUTE(A30,"_",REPT(" ",LEN(A30))),(9-1)*LEN(A30)+1,LEN(A30))) | V30: =TRIM(MID(SUBSTITUTE(A30,"_",REPT(" ",LEN(A30))),(10-1)*LEN(A30)+1,LEN(A30))) | W30: =TRIM(MID(SUBSTITUTE(A30,"_",REPT(" ",LEN(A30))),(11-1)*LEN(A30)+1,LEN(A30))) | X30: =TRIM(MID(SUBSTITUTE(A30,"_",REPT(" ",LEN(A30))),(12-1)*LEN(A30)+1,LEN(A30)))
B31: =IF(AND(D31="YES",I31="YES",E31="YES",F31="YES",G31="YES",H31="Yes"),"YES","NO") -> NO | C31: =IFERROR(VLOOKUP(M31,Lookups!$A$3:$B$87,2,FALSE),"NO") -> NO | D31: =IFERROR(VLOOKUP(N31,Lookups!$D$2:$E$211,2,FALSE),"NO") -> NO | E31: =IFERROR(VLOOKUP(P31,Lookups!$I$3:$J$8,2,FALSE),"NO") -> NO | F31: =IFERROR(VLOOKUP(Q31,Lookups!$L$3:$M$7,2,FALSE),"NO") -> NO | G31: =IFERROR(VLOOKUP(R31,Lookups!$O$3:$P$21,2,FALSE),"NO") -> NO | H31: =IFERROR(VLOOKUP(S31,Lookups!$S$3:$T$6,2,FALSE),"NO") -> NO | I31: =IFERROR(VLOOKUP(T31,Lookups!$V$3:$W$15,2,FALSE),"NO") -> NO | J31: =IFERROR(VLOOKUP(U31,Lookups!$Z$3:$AA$9,2,FALSE),"NO") -> NO | K31: =IFERROR(VLOOKUP(V31,Lookups!$AC$3:$AD$12,2,FALSE),"NO") -> NO | L31: =IFERROR(VLOOKUP(W31,Lookups!$AH$3:$AI$74,2,FALSE),"NO") -> NO | M31: =TRIM(MID(SUBSTITUTE(A31,"_",REPT(" ",LEN(A31))),(1-1)*LEN(A31)+1,LEN(A31))) | N31: =TRIM(MID(SUBSTITUTE(A31,"_",REPT(" ",LEN(A31))),(2-1)*LEN(A31)+1,LEN(A31))) | O31: =TRIM(MID(SUBSTITUTE(A31,"_",REPT(" ",LEN(A31))),(3-1)*LEN(A31)+1,LEN(A31))) | P31: =TRIM(MID(SUBSTITUTE(A31,"_",REPT(" ",LEN(A31))),(4-1)*LEN(A31)+1,LEN(A31))) | Q31: =TRIM(MID(SUBSTITUTE(A31,"_",REPT(" ",LEN(A31))),(5-1)*LEN(A31)+1,LEN(A31))) | R31: =TRIM(MID(SUBSTITUTE(A31,"_",REPT(" ",LEN(A31))),(6-1)*LEN(A31)+1,LEN(A31))) | S31: =TRIM(MID(SUBSTITUTE(A31,"_",REPT(" ",LEN(A31))),(7-1)*LEN(A31)+1,LEN(A31))) | T31: =TRIM(MID(SUBSTITUTE(A31,"_",REPT(" ",LEN(A31))),(8-1)*LEN(A31)+1,LEN(A31))) | U31: =TRIM(MID(SUBSTITUTE(A31,"_",REPT(" ",LEN(A31))),(9-1)*LEN(A31)+1,LEN(A31))) | V31: =TRIM(MID(SUBSTITUTE(A31,"_",REPT(" ",LEN(A31))),(10-1)*LEN(A31)+1,LEN(A31))) | W31: =TRIM(MID(SUBSTITUTE(A31,"_",REPT(" ",LEN(A31))),(11-1)*LEN(A31)+1,LEN(A31))) | X31: =TRIM(MID(SUBSTITUTE(A31,"_",REPT(" ",LEN(A31))),(12-1)*LEN(A31)+1,LEN(A31)))
B32: =IF(AND(D32="YES",I32="YES",E32="YES",F32="YES",G32="YES",H32="Yes"),"YES","NO") -> NO | C32: =IFERROR(VLOOKUP(M32,Lookups!$A$3:$B$87,2,FALSE),"NO") -> NO | D32: =IFERROR(VLOOKUP(N32,Lookups!$D$2:$E$211,2,FALSE),"NO") -> NO | E32: =IFERROR(VLOOKUP(P32,Lookups!$I$3:$J$8,2,FALSE),"NO") -> NO | F32: =IFERROR(VLOOKUP(Q32,Lookups!$L$3:$M$7,2,FALSE),"NO") -> NO | G32: =IFERROR(VLOOKUP(R32,Lookups!$O$3:$P$21,2,FALSE),"NO") -> NO | H32: =IFERROR(VLOOKUP(S32,Lookups!$S$3:$T$6,2,FALSE),"NO") -> NO | I32: =IFERROR(VLOOKUP(T32,Lookups!$V$3:$W$15,2,FALSE),"NO") -> NO | J32: =IFERROR(VLOOKUP(U32,Lookups!$Z$3:$AA$9,2,FALSE),"NO") -> NO | K32: =IFERROR(VLOOKUP(V32,Lookups!$AC$3:$AD$12,2,FALSE),"NO") -> NO | L32: =IFERROR(VLOOKUP(W32,Lookups!$AH$3:$AI$74,2,FALSE),"NO") -> NO | M32: =TRIM(MID(SUBSTITUTE(A32,"_",REPT(" ",LEN(A32))),(1-1)*LEN(A32)+1,LEN(A32))) | N32: =TRIM(MID(SUBSTITUTE(A32,"_",REPT(" ",LEN(A32))),(2-1)*LEN(A32)+1,LEN(A32))) | O32: =TRIM(MID(SUBSTITUTE(A32,"_",REPT(" ",LEN(A32))),(3-1)*LEN(A32)+1,LEN(A32))) | P32: =TRIM(MID(SUBSTITUTE(A32,"_",REPT(" ",LEN(A32))),(4-1)*LEN(A32)+1,LEN(A32))) | Q32: =TRIM(MID(SUBSTITUTE(A32,"_",REPT(" ",LEN(A32))),(5-1)*LEN(A32)+1,LEN(A32))) | R32: =TRIM(MID(SUBSTITUTE(A32,"_",REPT(" ",LEN(A32))),(6-1)*LEN(A32)+1,LEN(A32))) | S32: =TRIM(MID(SUBSTITUTE(A32,"_",REPT(" ",LEN(A32))),(7-1)*LEN(A32)+1,LEN(A32))) | T32: =TRIM(MID(SUBSTITUTE(A32,"_",REPT(" ",LEN(A32))),(8-1)*LEN(A32)+1,LEN(A32))) | U32: =TRIM(MID(SUBSTITUTE(A32,"_",REPT(" ",LEN(A32))),(9-1)*LEN(A32)+1,LEN(A32))) | V32: =TRIM(MID(SUBSTITUTE(A32,"_",REPT(" ",LEN(A32))),(10-1)*LEN(A32)+1,LEN(A32))) | W32: =TRIM(MID(SUBSTITUTE(A32,"_",REPT(" ",LEN(A32))),(11-1)*LEN(A32)+1,LEN(A32))) | X32: =TRIM(MID(SUBSTITUTE(A32,"_",REPT(" ",LEN(A32))),(12-1)*LEN(A32)+1,LEN(A32)))
B33: =IF(AND(D33="YES",I33="YES",E33="YES",F33="YES",G33="YES",H33="Yes"),"YES","NO") -> NO | C33: =IFERROR(VLOOKUP(M33,Lookups!$A$3:$B$87,2,FALSE),"NO") -> NO | D33: =IFERROR(VLOOKUP(N33,Lookups!$D$2:$E$211,2,FALSE),"NO") -> NO | E33: =IFERROR(VLOOKUP(P33,Lookups!$I$3:$J$8,2,FALSE),"NO") -> NO | F33: =IFERROR(VLOOKUP(Q33,Lookups!$L$3:$M$7,2,FALSE),"NO") -> NO | G33: =IFERROR(VLOOKUP(R33,Lookups!$O$3:$P$21,2,FALSE),"NO") -> NO | H33: =IFERROR(VLOOKUP(S33,Lookups!$S$3:$T$6,2,FALSE),"NO") -> NO | I33: =IFERROR(VLOOKUP(T33,Lookups!$V$3:$W$15,2,FALSE),"NO") -> NO | J33: =IFERROR(VLOOKUP(U33,Lookups!$Z$3:$AA$9,2,FALSE),"NO") -> NO | K33: =IFERROR(VLOOKUP(V33,Lookups!$AC$3:$AD$12,2,FALSE),"NO") -> NO | L33: =IFERROR(VLOOKUP(W33,Lookups!$AH$3:$AI$74,2,FALSE),"NO") -> NO | M33: =TRIM(MID(SUBSTITUTE(A33,"_",REPT(" ",LEN(A33))),(1-1)*LEN(A33)+1,LEN(A33))) | N33: =TRIM(MID(SUBSTITUTE(A33,"_",REPT(" ",LEN(A33))),(2-1)*LEN(A33)+1,LEN(A33))) | O33: =TRIM(MID(SUBSTITUTE(A33,"_",REPT(" ",LEN(A33))),(3-1)*LEN(A33)+1,LEN(A33))) | P33: =TRIM(MID(SUBSTITUTE(A33,"_",REPT(" ",LEN(A33))),(4-1)*LEN(A33)+1,LEN(A33))) | Q33: =TRIM(MID(SUBSTITUTE(A33,"_",REPT(" ",LEN(A33))),(5-1)*LEN(A33)+1,LEN(A33))) | R33: =TRIM(MID(SUBSTITUTE(A33,"_",REPT(" ",LEN(A33))),(6-1)*LEN(A33)+1,LEN(A33))) | S33: =TRIM(MID(SUBSTITUTE(A33,"_",REPT(" ",LEN(A33))),(7-1)*LEN(A33)+1,LEN(A33))) | T33: =TRIM(MID(SUBSTITUTE(A33,"_",REPT(" ",LEN(A33))),(8-1)*LEN(A33)+1,LEN(A33))) | U33: =TRIM(MID(SUBSTITUTE(A33,"_",REPT(" ",LEN(A33))),(9-1)*LEN(A33)+1,LEN(A33))) | V33: =TRIM(MID(SUBSTITUTE(A33,"_",REPT(" ",LEN(A33))),(10-1)*LEN(A33)+1,LEN(A33))) | W33: =TRIM(MID(SUBSTITUTE(A33,"_",REPT(" ",LEN(A33))),(11-1)*LEN(A33)+1,LEN(A33))) | X33: =TRIM(MID(SUBSTITUTE(A33,"_",REPT(" ",LEN(A33))),(12-1)*LEN(A33)+1,LEN(A33)))
B34: =IF(AND(D34="YES",I34="YES",E34="YES",F34="YES",G34="YES",H34="Yes"),"YES","NO") -> NO | C34: =IFERROR(VLOOKUP(M34,Lookups!$A$3:$B$87,2,FALSE),"NO") -> NO | D34: =IFERROR(VLOOKUP(N34,Lookups!$D$2:$E$211,2,FALSE),"NO") -> NO | E34: =IFERROR(VLOOKUP(P34,Lookups!$I$3:$J$8,2,FALSE),"NO") -> NO | F34: =IFERROR(VLOOKUP(Q34,Lookups!$L$3:$M$7,2,FALSE),"NO") -> NO | G34: =IFERROR(VLOOKUP(R34,Lookups!$O$3:$P$21,2,FALSE),"NO") -> NO | H34: =IFERROR(VLOOKUP(S34,Lookups!$S$3:$T$6,2,FALSE),"NO") -> NO | I34: =IFERROR(VLOOKUP(T34,Lookups!$V$3:$W$15,2,FALSE),"NO") -> NO | J34: =IFERROR(VLOOKUP(U34,Lookups!$Z$3:$AA$9,2,FALSE),"NO") -> NO | K34: =IFERROR(VLOOKUP(V34,Lookups!$AC$3:$AD$12,2,FALSE),"NO") -> NO | L34: =IFERROR(VLOOKUP(W34,Lookups!$AH$3:$AI$74,2,FALSE),"NO") -> NO | M34: =TRIM(MID(SUBSTITUTE(A34,"_",REPT(" ",LEN(A34))),(1-1)*LEN(A34)+1,LEN(A34))) | N34: =TRIM(MID(SUBSTITUTE(A34,"_",REPT(" ",LEN(A34))),(2-1)*LEN(A34)+1,LEN(A34))) | O34: =TRIM(MID(SUBSTITUTE(A34,"_",REPT(" ",LEN(A34))),(3-1)*LEN(A34)+1,LEN(A34))) | P34: =TRIM(MID(SUBSTITUTE(A34,"_",REPT(" ",LEN(A34))),(4-1)*LEN(A34)+1,LEN(A34))) | Q34: =TRIM(MID(SUBSTITUTE(A34,"_",REPT(" ",LEN(A34))),(5-1)*LEN(A34)+1,LEN(A34))) | R34: =TRIM(MID(SUBSTITUTE(A34,"_",REPT(" ",LEN(A34))),(6-1)*LEN(A34)+1,LEN(A34))) | S34: =TRIM(MID(SUBSTITUTE(A34,"_",REPT(" ",LEN(A34))),(7-1)*LEN(A34)+1,LEN(A34))) | T34: =TRIM(MID(SUBSTITUTE(A34,"_",REPT(" ",LEN(A34))),(8-1)*LEN(A34)+1,LEN(A34))) | U34: =TRIM(MID(SUBSTITUTE(A34,"_",REPT(" ",LEN(A34))),(9-1)*LEN(A34)+1,LEN(A34))) | V34: =TRIM(MID(SUBSTITUTE(A34,"_",REPT(" ",LEN(A34))),(10-1)*LEN(A34)+1,LEN(A34))) | W34: =TRIM(MID(SUBSTITUTE(A34,"_",REPT(" ",LEN(A34))),(11-1)*LEN(A34)+1,LEN(A34))) | X34: =TRIM(MID(SUBSTITUTE(A34,"_",REPT(" ",LEN(A34))),(12-1)*LEN(A34)+1,LEN(A34)))
B35: =IF(AND(D35="YES",I35="YES",E35="YES",F35="YES",G35="YES",H35="Yes"),"YES","NO") -> NO | C35: =IFERROR(VLOOKUP(M35,Lookups!$A$3:$B$87,2,FALSE),"NO") -> NO | D35: =IFERROR(VLOOKUP(N35,Lookups!$D$2:$E$211,2,FALSE),"NO") -> NO | E35: =IFERROR(VLOOKUP(P35,Lookups!$I$3:$J$8,2,FALSE),"NO") -> NO | F35: =IFERROR(VLOOKUP(Q35,Lookups!$L$3:$M$7,2,FALSE),"NO") -> NO | G35: =IFERROR(VLOOKUP(R35,Lookups!$O$3:$P$21,2,FALSE),"NO") -> NO | H35: =IFERROR(VLOOKUP(S35,Lookups!$S$3:$T$6,2,FALSE),"NO") -> NO | I35: =IFERROR(VLOOKUP(T35,Lookups!$V$3:$W$15,2,FALSE),"NO") -> NO | J35: =IFERROR(VLOOKUP(U35,Lookups!$Z$3:$AA$9,2,FALSE),"NO") -> NO | K35: =IFERROR(VLOOKUP(V35,Lookups!$AC$3:$AD$12,2,FALSE),"NO") -> NO | L35: =IFERROR(VLOOKUP(W35,Lookups!$AH$3:$AI$74,2,FALSE),"NO") -> NO | M35: =TRIM(MID(SUBSTITUTE(A35,"_",REPT(" ",LEN(A35))),(1-1)*LEN(A35)+1,LEN(A35))) | N35: =TRIM(MID(SUBSTITUTE(A35,"_",REPT(" ",LEN(A35))),(2-1)*LEN(A35)+1,LEN(A35))) | O35: =TRIM(MID(SUBSTITUTE(A35,"_",REPT(" ",LEN(A35))),(3-1)*LEN(A35)+1,LEN(A35))) | P35: =TRIM(MID(SUBSTITUTE(A35,"_",REPT(" ",LEN(A35))),(4-1)*LEN(A35)+1,LEN(A35))) | Q35: =TRIM(MID(SUBSTITUTE(A35,"_",REPT(" ",LEN(A35))),(5-1)*LEN(A35)+1,LEN(A35))) | R35: =TRIM(MID(SUBSTITUTE(A35,"_",REPT(" ",LEN(A35))),(6-1)*LEN(A35)+1,LEN(A35))) | S35: =TRIM(MID(SUBSTITUTE(A35,"_",REPT(" ",LEN(A35))),(7-1)*LEN(A35)+1,LEN(A35))) | T35: =TRIM(MID(SUBSTITUTE(A35,"_",REPT(" ",LEN(A35))),(8-1)*LEN(A35)+1,LEN(A35))) | U35: =TRIM(MID(SUBSTITUTE(A35,"_",REPT(" ",LEN(A35))),(9-1)*LEN(A35)+1,LEN(A35))) | V35: =TRIM(MID(SUBSTITUTE(A35,"_",REPT(" ",LEN(A35))),(10-1)*LEN(A35)+1,LEN(A35))) | W35: =TRIM(MID(SUBSTITUTE(A35,"_",REPT(" ",LEN(A35))),(11-1)*LEN(A35)+1,LEN(A35))) | X35: =TRIM(MID(SUBSTITUTE(A35,"_",REPT(" ",LEN(A35))),(12-1)*LEN(A35)+1,LEN(A35)))
B36: =IF(AND(D36="YES",I36="YES",E36="YES",F36="YES",G36="YES",H36="Yes"),"YES","NO") -> NO | C36: =IFERROR(VLOOKUP(M36,Lookups!$A$3:$B$87,2,FALSE),"NO") -> NO | D36: =IFERROR(VLOOKUP(N36,Lookups!$D$2:$E$211,2,FALSE),"NO") -> NO | E36: =IFERROR(VLOOKUP(P36,Lookups!$I$3:$J$8,2,FALSE),"NO") -> NO | F36: =IFERROR(VLOOKUP(Q36,Lookups!$L$3:$M$7,2,FALSE),"NO") -> NO | G36: =IFERROR(VLOOKUP(R36,Lookups!$O$3:$P$21,2,FALSE),"NO") -> NO | H36: =IFERROR(VLOOKUP(S36,Lookups!$S$3:$T$6,2,FALSE),"NO") -> NO | I36: =IFERROR(VLOOKUP(T36,Lookups!$V$3:$W$15,2,FALSE),"NO") -> NO | J36: =IFERROR(VLOOKUP(U36,Lookups!$Z$3:$AA$9,2,FALSE),"NO") -> NO | K36: =IFERROR(VLOOKUP(V36,Lookups!$AC$3:$AD$12,2,FALSE),"NO") -> NO | L36: =IFERROR(VLOOKUP(W36,Lookups!$AH$3:$AI$74,2,FALSE),"NO") -> NO | M36: =TRIM(MID(SUBSTITUTE(A36,"_",REPT(" ",LEN(A36))),(1-1)*LEN(A36)+1,LEN(A36))) | N36: =TRIM(MID(SUBSTITUTE(A36,"_",REPT(" ",LEN(A36))),(2-1)*LEN(A36)+1,LEN(A36))) | O36: =TRIM(MID(SUBSTITUTE(A36,"_",REPT(" ",LEN(A36))),(3-1)*LEN(A36)+1,LEN(A36))) | P36: =TRIM(MID(SUBSTITUTE(A36,"_",REPT(" ",LEN(A36))),(4-1)*LEN(A36)+1,LEN(A36))) | Q36: =TRIM(MID(SUBSTITUTE(A36,"_",REPT(" ",LEN(A36))),(5-1)*LEN(A36)+1,LEN(A36))) | R36: =TRIM(MID(SUBSTITUTE(A36,"_",REPT(" ",LEN(A36))),(6-1)*LEN(A36)+1,LEN(A36))) | S36: =TRIM(MID(SUBSTITUTE(A36,"_",REPT(" ",LEN(A36))),(7-1)*LEN(A36)+1,LEN(A36))) | T36: =TRIM(MID(SUBSTITUTE(A36,"_",REPT(" ",LEN(A36))),(8-1)*LEN(A36)+1,LEN(A36))) | U36: =TRIM(MID(SUBSTITUTE(A36,"_",REPT(" ",LEN(A36))),(9-1)*LEN(A36)+1,LEN(A36))) | V36: =TRIM(MID(SUBSTITUTE(A36,"_",REPT(" ",LEN(A36))),(10-1)*LEN(A36)+1,LEN(A36))) | W36: =TRIM(MID(SUBSTITUTE(A36,"_",REPT(" ",LEN(A36))),(11-1)*LEN(A36)+1,LEN(A36))) | X36: =TRIM(MID(SUBSTITUTE(A36,"_",REPT(" ",LEN(A36))),(12-1)*LEN(A36)+1,LEN(A36)))
B37: =IF(AND(D37="YES",I37="YES",E37="YES",F37="YES",G37="YES",H37="Yes"),"YES","NO") -> NO | C37: =IFERROR(VLOOKUP(M37,Lookups!$A$3:$B$87,2,FALSE),"NO") -> NO | D37: =IFERROR(VLOOKUP(N37,Lookups!$D$2:$E$211,2,FALSE),"NO") -> NO | E37: =IFERROR(VLOOKUP(P37,Lookups!$I$3:$J$8,2,FALSE),"NO") -> NO | F37: =IFERROR(VLOOKUP(Q37,Lookups!$L$3:$M$7,2,FALSE),"NO") -> NO | G37: =IFERROR(VLOOKUP(R37,Lookups!$O$3:$P$21,2,FALSE),"NO") -> NO | H37: =IFERROR(VLOOKUP(S37,Lookups!$S$3:$T$6,2,FALSE),"NO") -> NO | I37: =IFERROR(VLOOKUP(T37,Lookups!$V$3:$W$15,2,FALSE),"NO") -> NO | J37: =IFERROR(VLOOKUP(U37,Lookups!$Z$3:$AA$9,2,FALSE),"NO") -> NO | K37: =IFERROR(VLOOKUP(V37,Lookups!$AC$3:$AD$12,2,FALSE),"NO") -> NO | L37: =IFERROR(VLOOKUP(W37,Lookups!$AH$3:$AI$74,2,FALSE),"NO") -> NO | M37: =TRIM(MID(SUBSTITUTE(A37,"_",REPT(" ",LEN(A37))),(1-1)*LEN(A37)+1,LEN(A37))) | N37: =TRIM(MID(SUBSTITUTE(A37,"_",REPT(" ",LEN(A37))),(2-1)*LEN(A37)+1,LEN(A37))) | O37: =TRIM(MID(SUBSTITUTE(A37,"_",REPT(" ",LEN(A37))),(3-1)*LEN(A37)+1,LEN(A37))) | P37: =TRIM(MID(SUBSTITUTE(A37,"_",REPT(" ",LEN(A37))),(4-1)*LEN(A37)+1,LEN(A37))) | Q37: =TRIM(MID(SUBSTITUTE(A37,"_",REPT(" ",LEN(A37))),(5-1)*LEN(A37)+1,LEN(A37))) | R37: =TRIM(MID(SUBSTITUTE(A37,"_",REPT(" ",LEN(A37))),(6-1)*LEN(A37)+1,LEN(A37))) | S37: =TRIM(MID(SUBSTITUTE(A37,"_",REPT(" ",LEN(A37))),(7-1)*LEN(A37)+1,LEN(A37))) | T37: =TRIM(MID(SUBSTITUTE(A37,"_",REPT(" ",LEN(A37))),(8-1)*LEN(A37)+1,LEN(A37))) | U37: =TRIM(MID(SUBSTITUTE(A37,"_",REPT(" ",LEN(A37))),(9-1)*LEN(A37)+1,LEN(A37))) | V37: =TRIM(MID(SUBSTITUTE(A37,"_",REPT(" ",LEN(A37))),(10-1)*LEN(A37)+1,LEN(A37))) | W37: =TRIM(MID(SUBSTITUTE(A37,"_",REPT(" ",LEN(A37))),(11-1)*LEN(A37)+1,LEN(A37))) | X37: =TRIM(MID(SUBSTITUTE(A37,"_",REPT(" ",LEN(A37))),(12-1)*LEN(A37)+1,LEN(A37)))
B38: =IF(AND(D38="YES",I38="YES",E38="YES",F38="YES",G38="YES",H38="Yes"),"YES","NO") -> NO | C38: =IFERROR(VLOOKUP(M38,Lookups!$A$3:$B$87,2,FALSE),"NO") -> NO | D38: =IFERROR(VLOOKUP(N38,Lookups!$D$2:$E$211,2,FALSE),"NO") -> NO | E38: =IFERROR(VLOOKUP(P38,Lookups!$I$3:$J$8,2,FALSE),"NO") -> NO | F38: =IFERROR(VLOOKUP(Q38,Lookups!$L$3:$M$7,2,FALSE),"NO") -> NO | G38: =IFERROR(VLOOKUP(R38,Lookups!$O$3:$P$21,2,FALSE),"NO") -> NO | H38: =IFERROR(VLOOKUP(S38,Lookups!$S$3:$T$6,2,FALSE),"NO") -> NO | I38: =IFERROR(VLOOKUP(T38,Lookups!$V$3:$W$15,2,FALSE),"NO") -> NO | J38: =IFERROR(VLOOKUP(U38,Lookups!$Z$3:$AA$9,2,FALSE),"NO") -> NO | K38: =IFERROR(VLOOKUP(V38,Lookups!$AC$3:$AD$12,2,FALSE),"NO") -> NO | L38: =IFERROR(VLOOKUP(W38,Lookups!$AH$3:$AI$74,2,FALSE),"NO") -> NO | M38: =TRIM(MID(SUBSTITUTE(A38,"_",REPT(" ",LEN(A38))),(1-1)*LEN(A38)+1,LEN(A38))) | N38: =TRIM(MID(SUBSTITUTE(A38,"_",REPT(" ",LEN(A38))),(2-1)*LEN(A38)+1,LEN(A38))) | O38: =TRIM(MID(SUBSTITUTE(A38,"_",REPT(" ",LEN(A38))),(3-1)*LEN(A38)+1,LEN(A38))) | P38: =TRIM(MID(SUBSTITUTE(A38,"_",REPT(" ",LEN(A38))),(4-1)*LEN(A38)+1,LEN(A38))) | Q38: =TRIM(MID(SUBSTITUTE(A38,"_",REPT(" ",LEN(A38))),(5-1)*LEN(A38)+1,LEN(A38))) | R38: =TRIM(MID(SUBSTITUTE(A38,"_",REPT(" ",LEN(A38))),(6-1)*LEN(A38)+1,LEN(A38))) | S38: =TRIM(MID(SUBSTITUTE(A38,"_",REPT(" ",LEN(A38))),(7-1)*LEN(A38)+1,LEN(A38))) | T38: =TRIM(MID(SUBSTITUTE(A38,"_",REPT(" ",LEN(A38))),(8-1)*LEN(A38)+1,LEN(A38))) | U38: =TRIM(MID(SUBSTITUTE(A38,"_",REPT(" ",LEN(A38))),(9-1)*LEN(A38)+1,LEN(A38))) | V38: =TRIM(MID(SUBSTITUTE(A38,"_",REPT(" ",LEN(A38))),(10-1)*LEN(A38)+1,LEN(A38))) | W38: =TRIM(MID(SUBSTITUTE(A38,"_",REPT(" ",LEN(A38))),(11-1)*LEN(A38)+1,LEN(A38))) | X38: =TRIM(MID(SUBSTITUTE(A38,"_",REPT(" ",LEN(A38))),(12-1)*LEN(A38)+1,LEN(A38)))
B39: =IF(AND(D39="YES",I39="YES",E39="YES",F39="YES",G39="YES",H39="Yes"),"YES","NO") -> NO | C39: =IFERROR(VLOOKUP(M39,Lookups!$A$3:$B$87,2,FALSE),"NO") -> NO | D39: =IFERROR(VLOOKUP(N39,Lookups!$D$2:$E$211,2,FALSE),"NO") -> NO | E39: =IFERROR(VLOOKUP(P39,Lookups!$I$3:$J$8,2,FALSE),"NO") -> NO | F39: =IFERROR(VLOOKUP(Q39,Lookups!$L$3:$M$7,2,FALSE),"NO") -> NO | G39: =IFERROR(VLOOKUP(R39,Lookups!$O$3:$P$21,2,FALSE),"NO") -> NO | H39: =IFERROR(VLOOKUP(S39,Lookups!$S$3:$T$6,2,FALSE),"NO") -> NO | I39: =IFERROR(VLOOKUP(T39,Lookups!$V$3:$W$15,2,FALSE),"NO") -> NO | J39: =IFERROR(VLOOKUP(U39,Lookups!$Z$3:$AA$9,2,FALSE),"NO") -> NO | K39: =IFERROR(VLOOKUP(V39,Lookups!$AC$3:$AD$12,2,FALSE),"NO") -> NO | L39: =IFERROR(VLOOKUP(W39,Lookups!$AH$3:$AI$74,2,FALSE),"NO") -> NO | M39: =TRIM(MID(SUBSTITUTE(A39,"_",REPT(" ",LEN(A39))),(1-1)*LEN(A39)+1,LEN(A39))) | N39: =TRIM(MID(SUBSTITUTE(A39,"_",REPT(" ",LEN(A39))),(2-1)*LEN(A39)+1,LEN(A39))) | O39: =TRIM(MID(SUBSTITUTE(A39,"_",REPT(" ",LEN(A39))),(3-1)*LEN(A39)+1,LEN(A39))) | P39: =TRIM(MID(SUBSTITUTE(A39,"_",REPT(" ",LEN(A39))),(4-1)*LEN(A39)+1,LEN(A39))) | Q39: =TRIM(MID(SUBSTITUTE(A39,"_",REPT(" ",LEN(A39))),(5-1)*LEN(A39)+1,LEN(A39))) | R39: =TRIM(MID(SUBSTITUTE(A39,"_",REPT(" ",LEN(A39))),(6-1)*LEN(A39)+1,LEN(A39))) | S39: =TRIM(MID(SUBSTITUTE(A39,"_",REPT(" ",LEN(A39))),(7-1)*LEN(A39)+1,LEN(A39))) | T39: =TRIM(MID(SUBSTITUTE(A39,"_",REPT(" ",LEN(A39))),(8-1)*LEN(A39)+1,LEN(A39))) | U39: =TRIM(MID(SUBSTITUTE(A39,"_",REPT(" ",LEN(A39))),(9-1)*LEN(A39)+1,LEN(A39))) | V39: =TRIM(MID(SUBSTITUTE(A39,"_",REPT(" ",LEN(A39))),(10-1)*LEN(A39)+1,LEN(A39))) | W39: =TRIM(MID(SUBSTITUTE(A39,"_",REPT(" ",LEN(A39))),(11-1)*LEN(A39)+1,LEN(A39))) | X39: =TRIM(MID(SUBSTITUTE(A39,"_",REPT(" ",LEN(A39))),(12-1)*LEN(A39)+1,LEN(A39)))
... B65: =IF(AND(D65="YES",I65="YES",E65="YES",F65="YES",G65="YES",H65="Yes"),"YES","NO") -> NO | C65: =IFERROR(VLOOKUP(M65,Lookups!$A$3:$B$87,2,FALSE),"NO") -> NO | D65: =IFERROR(VLOOKUP(N65,Lookups!$D$2:$E$211,2,FALSE),"NO") -> NO | E65: =IFERROR(VLOOKUP(P65,Lookups!$I$3:$J$8,2,FALSE),"NO") -> NO | F65: =IFERROR(VLOOKUP(Q65,Lookups!$L$3:$M$7,2,FALSE),"NO") -> NO | G65: =IFERROR(VLOOKUP(R65,Lookups!$O$3:$P$21,2,FALSE),"NO") -> NO | H65: =IFERROR(VLOOKUP(S65,Lookups!$S$3:$T$6,2,FALSE),"NO") -> NO | I65: =IFERROR(VLOOKUP(T65,Lookups!$V$3:$W$15,2,FALSE),"NO") -> NO | J65: =IFERROR(VLOOKUP(U65,Lookups!$Z$3:$AA$9,2,FALSE),"NO") -> NO | K65: =IFERROR(VLOOKUP(V65,Lookups!$AC$3:$AD$12,2,FALSE),"NO") -> NO | L65: =IFERROR(VLOOKUP(W65,Lookups!$AH$3:$AI$74,2,FALSE),"NO") -> NO | M65: =TRIM(MID(SUBSTITUTE(A65,"_",REPT(" ",LEN(A65))),(1-1)*LEN(A65)+1,LEN(A65))) | N65: =TRIM(MID(SUBSTITUTE(A65,"_",REPT(" ",LEN(A65))),(2-1)*LEN(A65)+1,LEN(A65))) | O65: =TRIM(MID(SUBSTITUTE(A65,"_",REPT(" ",LEN(A65))),(3-1)*LEN(A65)+1,LEN(A65))) | P65: =TRIM(MID(SUBSTITUTE(A65,"_",REPT(" ",LEN(A65))),(4-1)*LEN(A65)+1,LEN(A65))) | Q65: =TRIM(MID(SUBSTITUTE(A65,"_",REPT(" ",LEN(A65))),(5-1)*LEN(A65)+1,LEN(A65))) | R65: =TRIM(MID(SUBSTITUTE(A65,"_",REPT(" ",LEN(A65))),(6-1)*LEN(A65)+1,LEN(A65))) | S65: =TRIM(MID(SUBSTITUTE(A65,"_",REPT(" ",LEN(A65))),(7-1)*LEN(A65)+1,LEN(A65))) | T65: =TRIM(MID(SUBSTITUTE(A65,"_",REPT(" ",LEN(A65))),(8-1)*LEN(A65)+1,LEN(A65))) | U65: =TRIM(MID(SUBSTITUTE(A65,"_",REPT(" ",LEN(A65))),(9-1)*LEN(A65)+1,LEN(A65))) | V65: =TRIM(MID(SUBSTITUTE(A65,"_",REPT(" ",LEN(A65))),(10-1)*LEN(A65)+1,LEN(A65))) | W65: =TRIM(MID(SUBSTITUTE(A65,"_",REPT(" ",LEN(A65))),(11-1)*LEN(A65)+1,LEN(A65))) | X65: =TRIM(MID(SUBSTITUTE(A65,"_",REPT(" ",LEN(A65))),(12-1)*LEN(A65)+1,LEN(A65)))
A66: M&M_CPM_Google_VCR_Custom Segment Targeting_A/BT_Positioning_PMP Deal targeting_video 15s_P3_ENG P1Y4KJ9 | B66: =IF(AND(D66="YES",I66="YES",E66="YES",F66="YES",G66="YES",H66="Yes"),"YES","NO") -> NO | C66: =IFERROR(VLOOKUP(M66,Lookups!$A$3:$B$87,2,FALSE),"NO") -> NO | D66: =IFERROR(VLOOKUP(N66,Lookups!$D$2:$E$211,2,FALSE),"NO") -> NO | E66: =IFERROR(VLOOKUP(P66,Lookups!$I$3:$J$8,2,FALSE),"NO") -> NO | F66: =IFERROR(VLOOKUP(Q66,Lookups!$L$3:$M$7,2,FALSE),"NO") -> NO | G66: =IFERROR(VLOOKUP(R66,Lookups!$O$3:$P$21,2,FALSE),"NO") -> NO | H66: =IFERROR(VLOOKUP(S66,Lookups!$S$3:$T$6,2,FALSE),"NO") -> NO | I66: =IFERROR(VLOOKUP(T66,Lookups!$V$3:$W$15,2,FALSE),"NO") -> NO | J66: =IFERROR(VLOOKUP(U66,Lookups!$Z$3:$AA$9,2,FALSE),"NO") -> NO | K66: =IFERROR(VLOOKUP(V66,Lookups!$AC$3:$AD$12,2,FALSE),"NO") -> NO | L66: =IFERROR(VLOOKUP(W66,Lookups!$AH$3:$AI$74,2,FALSE),"NO") -> NO | M66: =TRIM(MID(SUBSTITUTE(A66,"_",REPT(" ",LEN(A66))),(1-1)*LEN(A66)+1,LEN(A66))) -> M&M | N66: =TRIM(MID(SUBSTITUTE(A66,"_",REPT(" ",LEN(A66))),(2-1)*LEN(A66)+1,LEN(A66))) -> CPM | O66: =TRIM(MID(SUBSTITUTE(A66,"_",REPT(" ",LEN(A66))),(3-1)*LEN(A66)+1,LEN(A66))) -> Google | P66: =TRIM(MID(SUBSTITUTE(A66,"_",REPT(" ",LEN(A66))),(4-1)*LEN(A66)+1,LEN(A66))) -> VCR | Q66: =TRIM(MID(SUBSTITUTE(A66,"_",REPT(" ",LEN(A66))),(5-1)*LEN(A66)+1,LEN(A66))) -> Custom Segment Targeting | R66: =TRIM(MID(SUBSTITUTE(A66,"_",REPT(" ",LEN(A66))),(6-1)*LEN(A66)+1,LEN(A66))) -> A/BT | S66: =TRIM(MID(SUBSTITUTE(A66,"_",REPT(" ",LEN(A66))),(7-1)*LEN(A66)+1,LEN(A66))) -> Positioning | T66: =TRIM(MID(SUBSTITUTE(A66,"_",REPT(" ",LEN(A66))),(8-1)*LEN(A66)+1,LEN(A66))) -> PMP Deal targeting | U66: =TRIM(MID(SUBSTITUTE(A66,"_",REPT(" ",LEN(A66))),(9-1)*LEN(A66)+1,LEN(A66))) -> video 15s | V66: =TRIM(MID(SUBSTITUTE(A66,"_",REPT(" ",LEN(A66))),(10-1)*LEN(A66)+1,LEN(A66))) -> P3 | W66: =TRIM(MID(SUBSTITUTE(A66,"_",REPT(" ",LEN(A66))),(11-1)*LEN(A66)+1,LEN(A66))) -> ENG P1Y4KJ9 | X66: =TRIM(MID(SUBSTITUTE(A66,"_",REPT(" ",LEN(A66))),(12-1)*LEN(A66)+1,LEN(A66)))
A67: M&M_CPM_Google_Reach_Custom Segment Targeting_A/BT_Behavioral_Affinity and In-Market targeting_Youtube 6s Bumper_P3_FR P1Y4H6H | B67: =IF(AND(D67="YES",I67="YES",E67="YES",F67="YES",G67="YES",H67="Yes"),"YES","NO") -> NO | C67: =IFERROR(VLOOKUP(M67,Lookups!$A$3:$B$87,2,FALSE),"NO") -> NO | D67: =IFERROR(VLOOKUP(N67,Lookups!$D$2:$E$211,2,FALSE),"NO") -> NO | E67: =IFERROR(VLOOKUP(P67,Lookups!$I$3:$J$8,2,FALSE),"NO") -> NO | F67: =IFERROR(VLOOKUP(Q67,Lookups!$L$3:$M$7,2,FALSE),"NO") -> NO | G67: =IFERROR(VLOOKUP(R67,Lookups!$O$3:$P$21,2,FALSE),"NO") -> NO | H67: =IFERROR(VLOOKUP(S67,Lookups!$S$3:$T$6,2,FALSE),"NO") -> NO | I67: =IFERROR(VLOOKUP(T67,Lookups!$V$3:$W$15,2,FALSE),"NO") -> NO | J67: =IFERROR(VLOOKUP(U67,Lookups!$Z$3:$AA$9,2,FALSE),"NO") -> NO | K67: =IFERROR(VLOOKUP(V67,Lookups!$AC$3:$AD$12,2,FALSE),"NO") -> NO | L67: =IFERROR(VLOOKUP(W67,Lookups!$AH$3:$AI$74,2,FALSE),"NO") -> NO | M67: =TRIM(MID(SUBSTITUTE(A67,"_",REPT(" ",LEN(A67))),(1-1)*LEN(A67)+1,LEN(A67))) -> M&M | N67: =TRIM(MID(SUBSTITUTE(A67,"_",REPT(" ",LEN(A67))),(2-1)*LEN(A67)+1,LEN(A67))) -> CPM | O67: =TRIM(MID(SUBSTITUTE(A67,"_",REPT(" ",LEN(A67))),(3-1)*LEN(A67)+1,LEN(A67))) -> Google | P67: =TRIM(MID(SUBSTITUTE(A67,"_",REPT(" ",LEN(A67))),(4-1)*LEN(A67)+1,LEN(A67))) -> Reach | Q67: =TRIM(MID(SUBSTITUTE(A67,"_",REPT(" ",LEN(A67))),(5-1)*LEN(A67)+1,LEN(A67))) -> Custom Segment Targeting | R67: =TRIM(MID(SUBSTITUTE(A67,"_",REPT(" ",LEN(A67))),(6-1)*LEN(A67)+1,LEN(A67))) -> A/BT | S67: =TRIM(MID(SUBSTITUTE(A67,"_",REPT(" ",LEN(A67))),(7-1)*LEN(A67)+1,LEN(A67))) -> Behavioral | T67: =TRIM(MID(SUBSTITUTE(A67,"_",REPT(" ",LEN(A67))),(8-1)*LEN(A67)+1,LEN(A67))) -> Affinity and In-Market targeting | U67: =TRIM(MID(SUBSTITUTE(A67,"_",REPT(" ",LEN(A67))),(9-1)*LEN(A67)+1,LEN(A67))) -> Youtube 6s Bumper | V67: =TRIM(MID(SUBSTITUTE(A67,"_",REPT(" ",LEN(A67))),(10-1)*LEN(A67)+1,LEN(A67))) -> P3 | W67: =TRIM(MID(SUBSTITUTE(A67,"_",REPT(" ",LEN(A67))),(11-1)*LEN(A67)+1,LEN(A67))) -> FR P1Y4H6H | X67: =TRIM(MID(SUBSTITUTE(A67,"_",REPT(" ",LEN(A67))),(12-1)*LEN(A67)+1,LEN(A67)))
A68: M&M_CPM_Google_VCR_Custom Segment Targeting_A/BT_Positioning_PMP Deal targeting_video 15s_P3_FR P1Y4KJ7 | B68: =IF(AND(D68="YES",I68="YES",E68="YES",F68="YES",G68="YES",H68="Yes"),"YES","NO") -> NO | C68: =IFERROR(VLOOKUP(M68,Lookups!$A$3:$B$87,2,FALSE),"NO") -> NO | D68: =IFERROR(VLOOKUP(N68,Lookups!$D$2:$E$211,2,FALSE),"NO") -> NO | E68: =IFERROR(VLOOKUP(P68,Lookups!$I$3:$J$8,2,FALSE),"NO") -> NO | F68: =IFERROR(VLOOKUP(Q68,Lookups!$L$3:$M$7,2,FALSE),"NO") -> NO | G68: =IFERROR(VLOOKUP(R68,Lookups!$O$3:$P$21,2,FALSE),"NO") -> NO | H68: =IFERROR(VLOOKUP(S68,Lookups!$S$3:$T$6,2,FALSE),"NO") -> NO | I68: =IFERROR(VLOOKUP(T68,Lookups!$V$3:$W$15,2,FALSE),"NO") -> NO | J68: =IFERROR(VLOOKUP(U68,Lookups!$Z$3:$AA$9,2,FALSE),"NO") -> NO | K68: =IFERROR(VLOOKUP(V68,Lookups!$AC$3:$AD$12,2,FALSE),"NO") -> NO | L68: =IFERROR(VLOOKUP(W68,Lookups!$AH$3:$AI$74,2,FALSE),"NO") -> NO | M68: =TRIM(MID(SUBSTITUTE(A68,"_",REPT(" ",LEN(A68))),(1-1)*LEN(A68)+1,LEN(A68))) -> M&M | N68: =TRIM(MID(SUBSTITUTE(A68,"_",REPT(" ",LEN(A68))),(2-1)*LEN(A68)+1,LEN(A68))) -> CPM | O68: =TRIM(MID(SUBSTITUTE(A68,"_",REPT(" ",LEN(A68))),(3-1)*LEN(A68)+1,LEN(A68))) -> Google | P68: =TRIM(MID(SUBSTITUTE(A68,"_",REPT(" ",LEN(A68))),(4-1)*LEN(A68)+1,LEN(A68))) -> VCR | Q68: =TRIM(MID(SUBSTITUTE(A68,"_",REPT(" ",LEN(A68))),(5-1)*LEN(A68)+1,LEN(A68))) -> Custom Segment Targeting | R68: =TRIM(MID(SUBSTITUTE(A68,"_",REPT(" ",LEN(A68))),(6-1)*LEN(A68)+1,LEN(A68))) -> A/BT | S68: =TRIM(MID(SUBSTITUTE(A68,"_",REPT(" ",LEN(A68))),(7-1)*LEN(A68)+1,LEN(A68))) -> Positioning | T68: =TRIM(MID(SUBSTITUTE(A68,"_",REPT(" ",LEN(A68))),(8-1)*LEN(A68)+1,LEN(A68))) -> PMP Deal targeting | U68: =TRIM(MID(SUBSTITUTE(A68,"_",REPT(" ",LEN(A68))),(9-1)*LEN(A68)+1,LEN(A68))) -> video 15s | V68: =TRIM(MID(SUBSTITUTE(A68,"_",REPT(" ",LEN(A68))),(10-1)*LEN(A68)+1,LEN(A68))) -> P3 | W68: =TRIM(MID(SUBSTITUTE(A68,"_",REPT(" ",LEN(A68))),(11-1)*LEN(A68)+1,LEN(A68))) -> FR P1Y4KJ7 | X68: =TRIM(MID(SUBSTITUTE(A68,"_",REPT(" ",LEN(A68))),(12-1)*LEN(A68)+1,LEN(A68)))
A69: M&M_CPM_Google_VCR_Custom Segment Targeting_A/BT_Behavioral_ Affinity and In-Market targeting_Instream 15s_P3_ENG P1Y4KC3 | B69: =IF(AND(D69="YES",I69="YES",E69="YES",F69="YES",G69="YES",H69="Yes"),"YES","NO") -> NO | C69: =IFERROR(VLOOKUP(M69,Lookups!$A$3:$B$87,2,FALSE),"NO") -> NO | D69: =IFERROR(VLOOKUP(N69,Lookups!$D$2:$E$211,2,FALSE),"NO") -> NO | E69: =IFERROR(VLOOKUP(P69,Lookups!$I$3:$J$8,2,FALSE),"NO") -> NO | F69: =IFERROR(VLOOKUP(Q69,Lookups!$L$3:$M$7,2,FALSE),"NO") -> NO | G69: =IFERROR(VLOOKUP(R69,Lookups!$O$3:$P$21,2,FALSE),"NO") -> NO | H69: =IFERROR(VLOOKUP(S69,Lookups!$S$3:$T$6,2,FALSE),"NO") -> NO | I69: =IFERROR(VLOOKUP(T69,Lookups!$V$3:$W$15,2,FALSE),"NO") -> NO | J69: =IFERROR(VLOOKUP(U69,Lookups!$Z$3:$AA$9,2,FALSE),"NO") -> NO | K69: =IFERROR(VLOOKUP(V69,Lookups!$AC$3:$AD$12,2,FALSE),"NO") -> NO | L69: =IFERROR(VLOOKUP(W69,Lookups!$AH$3:$AI$74,2,FALSE),"NO") -> NO | M69: =TRIM(MID(SUBSTITUTE(A69,"_",REPT(" ",LEN(A69))),(1-1)*LEN(A69)+1,LEN(A69))) -> M&M | N69: =TRIM(MID(SUBSTITUTE(A69,"_",REPT(" ",LEN(A69))),(2-1)*LEN(A69)+1,LEN(A69))) -> CPM | O69: =TRIM(MID(SUBSTITUTE(A69,"_",REPT(" ",LEN(A69))),(3-1)*LEN(A69)+1,LEN(A69))) -> Google | P69: =TRIM(MID(SUBSTITUTE(A69,"_",REPT(" ",LEN(A69))),(4-1)*LEN(A69)+1,LEN(A69))) -> VCR | Q69: =TRIM(MID(SUBSTITUTE(A69,"_",REPT(" ",LEN(A69))),(5-1)*LEN(A69)+1,LEN(A69))) -> Custom Segment Targeting | R69: =TRIM(MID(SUBSTITUTE(A69,"_",REPT(" ",LEN(A69))),(6-1)*LEN(A69)+1,LEN(A69))) -> A/BT | S69: =TRIM(MID(SUBSTITUTE(A69,"_",REPT(" ",LEN(A69))),(7-1)*LEN(A69)+1,LEN(A69))) -> Behavioral | T69: =TRIM(MID(SUBSTITUTE(A69,"_",REPT(" ",LEN(A69))),(8-1)*LEN(A69)+1,LEN(A69))) -> Affinity and In-Market targeting | U69: =TRIM(MID(SUBSTITUTE(A69,"_",REPT(" ",LEN(A69))),(9-1)*LEN(A69)+1,LEN(A69))) -> Instream 15s | V69: =TRIM(MID(SUBSTITUTE(A69,"_",REPT(" ",LEN(A69))),(10-1)*LEN(A69)+1,LEN(A69))) -> P3 | W69: =TRIM(MID(SUBSTITUTE(A69,"_",REPT(" ",LEN(A69))),(11-1)*LEN(A69)+1,LEN(A69))) -> ENG P1Y4KC3 | X69: =TRIM(MID(SUBSTITUTE(A69,"_",REPT(" ",LEN(A69))),(12-1)*LEN(A69)+1,LEN(A69)))
B70: =IF(AND(D70="YES",I70="YES",E70="YES",F70="YES",G70="YES",H70="Yes"),"YES","NO") -> NO | C70: =IFERROR(VLOOKUP(M70,Lookups!$A$3:$B$87,2,FALSE),"NO") -> NO | D70: =IFERROR(VLOOKUP(N70,Lookups!$D$2:$E$211,2,FALSE),"NO") -> NO | E70: =IFERROR(VLOOKUP(P70,Lookups!$I$3:$J$8,2,FALSE),"NO") -> NO | F70: =IFERROR(VLOOKUP(Q70,Lookups!$L$3:$M$7,2,FALSE),"NO") -> NO | G70: =IFERROR(VLOOKUP(R70,Lookups!$O$3:$P$21,2,FALSE),"NO") -> NO | H70: =IFERROR(VLOOKUP(S70,Lookups!$S$3:$T$6,2,FALSE),"NO") -> NO | I70: =IFERROR(VLOOKUP(T70,Lookups!$V$3:$W$15,2,FALSE),"NO") -> NO | J70: =IFERROR(VLOOKUP(U70,Lookups!$Z$3:$AA$9,2,FALSE),"NO") -> NO | K70: =IFERROR(VLOOKUP(V70,Lookups!$AC$3:$AD$12,2,FALSE),"NO") -> NO | L70: =IFERROR(VLOOKUP(W70,Lookups!$AH$3:$AI$74,2,FALSE),"NO") -> NO | M70: =TRIM(MID(SUBSTITUTE(A70,"_",REPT(" ",LEN(A70))),(1-1)*LEN(A70)+1,LEN(A70))) | N70: =TRIM(MID(SUBSTITUTE(A70,"_",REPT(" ",LEN(A70))),(2-1)*LEN(A70)+1,LEN(A70))) | O70: =TRIM(MID(SUBSTITUTE(A70,"_",REPT(" ",LEN(A70))),(3-1)*LEN(A70)+1,LEN(A70))) | P70: =TRIM(MID(SUBSTITUTE(A70,"_",REPT(" ",LEN(A70))),(4-1)*LEN(A70)+1,LEN(A70))) | Q70: =TRIM(MID(SUBSTITUTE(A70,"_",REPT(" ",LEN(A70))),(5-1)*LEN(A70)+1,LEN(A70))) | R70: =TRIM(MID(SUBSTITUTE(A70,"_",REPT(" ",LEN(A70))),(6-1)*LEN(A70)+1,LEN(A70))) | S70: =TRIM(MID(SUBSTITUTE(A70,"_",REPT(" ",LEN(A70))),(7-1)*LEN(A70)+1,LEN(A70))) | T70: =TRIM(MID(SUBSTITUTE(A70,"_",REPT(" ",LEN(A70))),(8-1)*LEN(A70)+1,LEN(A70))) | U70: =TRIM(MID(SUBSTITUTE(A70,"_",REPT(" ",LEN(A70))),(9-1)*LEN(A70)+1,LEN(A70))) | V70: =TRIM(MID(SUBSTITUTE(A70,"_",REPT(" ",LEN(A70))),(10-1)*LEN(A70)+1,LEN(A70))) | W70: =TRIM(MID(SUBSTITUTE(A70,"_",REPT(" ",LEN(A70))),(11-1)*LEN(A70)+1,LEN(A70))) | X70: =TRIM(MID(SUBSTITUTE(A70,"_",REPT(" ",LEN(A70))),(12-1)*LEN(A70)+1,LEN(A70)))
B71: =IF(AND(D71="YES",I71="YES",E71="YES",F71="YES",G71="YES",H71="Yes"),"YES","NO") -> NO | C71: =IFERROR(VLOOKUP(M71,Lookups!$A$3:$B$87,2,FALSE),"NO") -> NO | D71: =IFERROR(VLOOKUP(N71,Lookups!$D$2:$E$211,2,FALSE),"NO") -> NO | E71: =IFERROR(VLOOKUP(P71,Lookups!$I$3:$J$8,2,FALSE),"NO") -> NO | F71: =IFERROR(VLOOKUP(Q71,Lookups!$L$3:$M$7,2,FALSE),"NO") -> NO | G71: =IFERROR(VLOOKUP(R71,Lookups!$O$3:$P$21,2,FALSE),"NO") -> NO | H71: =IFERROR(VLOOKUP(S71,Lookups!$S$3:$T$6,2,FALSE),"NO") -> NO | I71: =IFERROR(VLOOKUP(T71,Lookups!$V$3:$W$15,2,FALSE),"NO") -> NO | J71: =IFERROR(VLOOKUP(U71,Lookups!$Z$3:$AA$9,2,FALSE),"NO") -> NO | K71: =IFERROR(VLOOKUP(V71,Lookups!$AC$3:$AD$12,2,FALSE),"NO") -> NO | L71: =IFERROR(VLOOKUP(W71,Lookups!$AH$3:$AI$74,2,FALSE),"NO") -> NO | M71: =TRIM(MID(SUBSTITUTE(A71,"_",REPT(" ",LEN(A71))),(1-1)*LEN(A71)+1,LEN(A71))) | N71: =TRIM(MID(SUBSTITUTE(A71,"_",REPT(" ",LEN(A71))),(2-1)*LEN(A71)+1,LEN(A71))) | O71: =TRIM(MID(SUBSTITUTE(A71,"_",REPT(" ",LEN(A71))),(3-1)*LEN(A71)+1,LEN(A71))) | P71: =TRIM(MID(SUBSTITUTE(A71,"_",REPT(" ",LEN(A71))),(4-1)*LEN(A71)+1,LEN(A71))) | Q71: =TRIM(MID(SUBSTITUTE(A71,"_",REPT(" ",LEN(A71))),(5-1)*LEN(A71)+1,LEN(A71))) | R71: =TRIM(MID(SUBSTITUTE(A71,"_",REPT(" ",LEN(A71))),(6-1)*LEN(A71)+1,LEN(A71))) | S71: =TRIM(MID(SUBSTITUTE(A71,"_",REPT(" ",LEN(A71))),(7-1)*LEN(A71)+1,LEN(A71))) | T71: =TRIM(MID(SUBSTITUTE(A71,"_",REPT(" ",LEN(A71))),(8-1)*LEN(A71)+1,LEN(A71))) | U71: =TRIM(MID(SUBSTITUTE(A71,"_",REPT(" ",LEN(A71))),(9-1)*LEN(A71)+1,LEN(A71))) | V71: =TRIM(MID(SUBSTITUTE(A71,"_",REPT(" ",LEN(A71))),(10-1)*LEN(A71)+1,LEN(A71))) | W71: =TRIM(MID(SUBSTITUTE(A71,"_",REPT(" ",LEN(A71))),(11-1)*LEN(A71)+1,LEN(A71))) | X71: =TRIM(MID(SUBSTITUTE(A71,"_",REPT(" ",LEN(A71))),(12-1)*LEN(A71)+1,LEN(A71)))
B72: =IF(AND(D72="YES",I72="YES",E72="YES",F72="YES",G72="YES",H72="Yes"),"YES","NO") -> NO | C72: =IFERROR(VLOOKUP(M72,Lookups!$A$3:$B$87,2,FALSE),"NO") -> NO | D72: =IFERROR(VLOOKUP(N72,Lookups!$D$2:$E$211,2,FALSE),"NO") -> NO | E72: =IFERROR(VLOOKUP(P72,Lookups!$I$3:$J$8,2,FALSE),"NO") -> NO | F72: =IFERROR(VLOOKUP(Q72,Lookups!$L$3:$M$7,2,FALSE),"NO") -> NO | G72: =IFERROR(VLOOKUP(R72,Lookups!$O$3:$P$21,2,FALSE),"NO") -> NO | H72: =IFERROR(VLOOKUP(S72,Lookups!$S$3:$T$6,2,FALSE),"NO") -> NO | I72: =IFERROR(VLOOKUP(T72,Lookups!$V$3:$W$15,2,FALSE),"NO") -> NO | J72: =IFERROR(VLOOKUP(U72,Lookups!$Z$3:$AA$9,2,FALSE),"NO") -> NO | K72: =IFERROR(VLOOKUP(V72,Lookups!$AC$3:$AD$12,2,FALSE),"NO") -> NO | L72: =IFERROR(VLOOKUP(W72,Lookups!$AH$3:$AI$74,2,FALSE),"NO") -> NO | M72: =TRIM(MID(SUBSTITUTE(A72,"_",REPT(" ",LEN(A72))),(1-1)*LEN(A72)+1,LEN(A72))) | N72: =TRIM(MID(SUBSTITUTE(A72,"_",REPT(" ",LEN(A72))),(2-1)*LEN(A72)+1,LEN(A72))) | O72: =TRIM(MID(SUBSTITUTE(A72,"_",REPT(" ",LEN(A72))),(3-1)*LEN(A72)+1,LEN(A72))) | P72: =TRIM(MID(SUBSTITUTE(A72,"_",REPT(" ",LEN(A72))),(4-1)*LEN(A72)+1,LEN(A72))) | Q72: =TRIM(MID(SUBSTITUTE(A72,"_",REPT(" ",LEN(A72))),(5-1)*LEN(A72)+1,LEN(A72))) | R72: =TRIM(MID(SUBSTITUTE(A72,"_",REPT(" ",LEN(A72))),(6-1)*LEN(A72)+1,LEN(A72))) | S72: =TRIM(MID(SUBSTITUTE(A72,"_",REPT(" ",LEN(A72))),(7-1)*LEN(A72)+1,LEN(A72))) | T72: =TRIM(MID(SUBSTITUTE(A72,"_",REPT(" ",LEN(A72))),(8-1)*LEN(A72)+1,LEN(A72))) | U72: =TRIM(MID(SUBSTITUTE(A72,"_",REPT(" ",LEN(A72))),(9-1)*LEN(A72)+1,LEN(A72))) | V72: =TRIM(MID(SUBSTITUTE(A72,"_",REPT(" ",LEN(A72))),(10-1)*LEN(A72)+1,LEN(A72))) | W72: =TRIM(MID(SUBSTITUTE(A72,"_",REPT(" ",LEN(A72))),(11-1)*LEN(A72)+1,LEN(A72))) | X72: =TRIM(MID(SUBSTITUTE(A72,"_",REPT(" ",LEN(A72))),(12-1)*LEN(A72)+1,LEN(A72)))
B73: =IF(AND(D73="YES",I73="YES",E73="YES",F73="YES",G73="YES",H73="Yes"),"YES","NO") -> NO | C73: =IFERROR(VLOOKUP(M73,Lookups!$A$3:$B$87,2,FALSE),"NO") -> NO | D73: =IFERROR(VLOOKUP(N73,Lookups!$D$2:$E$211,2,FALSE),"NO") -> NO | E73: =IFERROR(VLOOKUP(P73,Lookups!$I$3:$J$8,2,FALSE),"NO") -> NO | F73: =IFERROR(VLOOKUP(Q73,Lookups!$L$3:$M$7,2,FALSE),"NO") -> NO | G73: =IFERROR(VLOOKUP(R73,Lookups!$O$3:$P$21,2,FALSE),"NO") -> NO | H73: =IFERROR(VLOOKUP(S73,Lookups!$S$3:$T$6,2,FALSE),"NO") -> NO | I73: =IFERROR(VLOOKUP(T73,Lookups!$V$3:$W$15,2,FALSE),"NO") -> NO | J73: =IFERROR(VLOOKUP(U73,Lookups!$Z$3:$AA$9,2,FALSE),"NO") -> NO | K73: =IFERROR(VLOOKUP(V73,Lookups!$AC$3:$AD$12,2,FALSE),"NO") -> NO | L73: =IFERROR(VLOOKUP(W73,Lookups!$AH$3:$AI$74,2,FALSE),"NO") -> NO | M73: =TRIM(MID(SUBSTITUTE(A73,"_",REPT(" ",LEN(A73))),(1-1)*LEN(A73)+1,LEN(A73))) | N73: =TRIM(MID(SUBSTITUTE(A73,"_",REPT(" ",LEN(A73))),(2-1)*LEN(A73)+1,LEN(A73))) | O73: =TRIM(MID(SUBSTITUTE(A73,"_",REPT(" ",LEN(A73))),(3-1)*LEN(A73)+1,LEN(A73))) | P73: =TRIM(MID(SUBSTITUTE(A73,"_",REPT(" ",LEN(A73))),(4-1)*LEN(A73)+1,LEN(A73))) | Q73: =TRIM(MID(SUBSTITUTE(A73,"_",REPT(" ",LEN(A73))),(5-1)*LEN(A73)+1,LEN(A73))) | R73: =TRIM(MID(SUBSTITUTE(A73,"_",REPT(" ",LEN(A73))),(6-1)*LEN(A73)+1,LEN(A73))) | S73: =TRIM(MID(SUBSTITUTE(A73,"_",REPT(" ",LEN(A73))),(7-1)*LEN(A73)+1,LEN(A73))) | T73: =TRIM(MID(SUBSTITUTE(A73,"_",REPT(" ",LEN(A73))),(8-1)*LEN(A73)+1,LEN(A73))) | U73: =TRIM(MID(SUBSTITUTE(A73,"_",REPT(" ",LEN(A73))),(9-1)*LEN(A73)+1,LEN(A73))) | V73: =TRIM(MID(SUBSTITUTE(A73,"_",REPT(" ",LEN(A73))),(10-1)*LEN(A73)+1,LEN(A73))) | W73: =TRIM(MID(SUBSTITUTE(A73,"_",REPT(" ",LEN(A73))),(11-1)*LEN(A73)+1,LEN(A73))) | X73: =TRIM(MID(SUBSTITUTE(A73,"_",REPT(" ",LEN(A73))),(12-1)*LEN(A73)+1,LEN(A73)))
B74: =IF(AND(D74="YES",I74="YES",E74="YES",F74="YES",G74="YES",H74="Yes"),"YES","NO") -> NO | C74: =IFERROR(VLOOKUP(M74,Lookups!$A$3:$B$87,2,FALSE),"NO") -> NO | D74: =IFERROR(VLOOKUP(N74,Lookups!$D$2:$E$211,2,FALSE),"NO") -> NO | E74: =IFERROR(VLOOKUP(P74,Lookups!$I$3:$J$8,2,FALSE),"NO") -> NO | F74: =IFERROR(VLOOKUP(Q74,Lookups!$L$3:$M$7,2,FALSE),"NO") -> NO | G74: =IFERROR(VLOOKUP(R74,Lookups!$O$3:$P$21,2,FALSE),"NO") -> NO | H74: =IFERROR(VLOOKUP(S74,Lookups!$S$3:$T$6,2,FALSE),"NO") -> NO | I74: =IFERROR(VLOOKUP(T74,Lookups!$V$3:$W$15,2,FALSE),"NO") -> NO | J74: =IFERROR(VLOOKUP(U74,Lookups!$Z$3:$AA$9,2,FALSE),"NO") -> NO | K74: =IFERROR(VLOOKUP(V74,Lookups!$AC$3:$AD$12,2,FALSE),"NO") -> NO | L74: =IFERROR(VLOOKUP(W74,Lookups!$AH$3:$AI$74,2,FALSE),"NO") -> NO | M74: =TRIM(MID(SUBSTITUTE(A74,"_",REPT(" ",LEN(A74))),(1-1)*LEN(A74)+1,LEN(A74))) | N74: =TRIM(MID(SUBSTITUTE(A74,"_",REPT(" ",LEN(A74))),(2-1)*LEN(A74)+1,LEN(A74))) | O74: =TRIM(MID(SUBSTITUTE(A74,"_",REPT(" ",LEN(A74))),(3-1)*LEN(A74)+1,LEN(A74))) | P74: =TRIM(MID(SUBSTITUTE(A74,"_",REPT(" ",LEN(A74))),(4-1)*LEN(A74)+1,LEN(A74))) | Q74: =TRIM(MID(SUBSTITUTE(A74,"_",REPT(" ",LEN(A74))),(5-1)*LEN(A74)+1,LEN(A74))) | R74: =TRIM(MID(SUBSTITUTE(A74,"_",REPT(" ",LEN(A74))),(6-1)*LEN(A74)+1,LEN(A74))) | S74: =TRIM(MID(SUBSTITUTE(A74,"_",REPT(" ",LEN(A74))),(7-1)*LEN(A74)+1,LEN(A74))) | T74: =TRIM(MID(SUBSTITUTE(A74,"_",REPT(" ",LEN(A74))),(8-1)*LEN(A74)+1,LEN(A74))) | U74: =TRIM(MID(SUBSTITUTE(A74,"_",REPT(" ",LEN(A74))),(9-1)*LEN(A74)+1,LEN(A74))) | V74: =TRIM(MID(SUBSTITUTE(A74,"_",REPT(" ",LEN(A74))),(10-1)*LEN(A74)+1,LEN(A74))) | W74: =TRIM(MID(SUBSTITUTE(A74,"_",REPT(" ",LEN(A74))),(11-1)*LEN(A74)+1,LEN(A74))) | X74: =TRIM(MID(SUBSTITUTE(A74,"_",REPT(" ",LEN(A74))),(12-1)*LEN(A74)+1,LEN(A74)))
B75: =IF(AND(D75="YES",I75="YES",E75="YES",F75="YES",G75="YES",H75="Yes"),"YES","NO") -> NO | C75: =IFERROR(VLOOKUP(M75,Lookups!$A$3:$B$87,2,FALSE),"NO") -> NO | D75: =IFERROR(VLOOKUP(N75,Lookups!$D$2:$E$211,2,FALSE),"NO") -> NO | E75: =IFERROR(VLOOKUP(P75,Lookups!$I$3:$J$8,2,FALSE),"NO") -> NO | F75: =IFERROR(VLOOKUP(Q75,Lookups!$L$3:$M$7,2,FALSE),"NO") -> NO | G75: =IFERROR(VLOOKUP(R75,Lookups!$O$3:$P$21,2,FALSE),"NO") -> NO | H75: =IFERROR(VLOOKUP(S75,Lookups!$S$3:$T$6,2,FALSE),"NO") -> NO | I75: =IFERROR(VLOOKUP(T75,Lookups!$V$3:$W$15,2,FALSE),"NO") -> NO | J75: =IFERROR(VLOOKUP(U75,Lookups!$Z$3:$AA$9,2,FALSE),"NO") -> NO | K75: =IFERROR(VLOOKUP(V75,Lookups!$AC$3:$AD$12,2,FALSE),"NO") -> NO | L75: =IFERROR(VLOOKUP(W75,Lookups!$AH$3:$AI$74,2,FALSE),"NO") -> NO | M75: =TRIM(MID(SUBSTITUTE(A75,"_",REPT(" ",LEN(A75))),(1-1)*LEN(A75)+1,LEN(A75))) | N75: =TRIM(MID(SUBSTITUTE(A75,"_",REPT(" ",LEN(A75))),(2-1)*LEN(A75)+1,LEN(A75))) | O75: =TRIM(MID(SUBSTITUTE(A75,"_",REPT(" ",LEN(A75))),(3-1)*LEN(A75)+1,LEN(A75))) | P75: =TRIM(MID(SUBSTITUTE(A75,"_",REPT(" ",LEN(A75))),(4-1)*LEN(A75)+1,LEN(A75))) | Q75: =TRIM(MID(SUBSTITUTE(A75,"_",REPT(" ",LEN(A75))),(5-1)*LEN(A75)+1,LEN(A75))) | R75: =TRIM(MID(SUBSTITUTE(A75,"_",REPT(" ",LEN(A75))),(6-1)*LEN(A75)+1,LEN(A75))) | S75: =TRIM(MID(SUBSTITUTE(A75,"_",REPT(" ",LEN(A75))),(7-1)*LEN(A75)+1,LEN(A75))) | T75: =TRIM(MID(SUBSTITUTE(A75,"_",REPT(" ",LEN(A75))),(8-1)*LEN(A75)+1,LEN(A75))) | U75: =TRIM(MID(SUBSTITUTE(A75,"_",REPT(" ",LEN(A75))),(9-1)*LEN(A75)+1,LEN(A75))) | V75: =TRIM(MID(SUBSTITUTE(A75,"_",REPT(" ",LEN(A75))),(10-1)*LEN(A75)+1,LEN(A75))) | W75: =TRIM(MID(SUBSTITUTE(A75,"_",REPT(" ",LEN(A75))),(11-1)*LEN(A75)+1,LEN(A75))) | X75: =TRIM(MID(SUBSTITUTE(A75,"_",REPT(" ",LEN(A75))),(12-1)*LEN(A75)+1,LEN(A75)))
B76: =IF(AND(D76="YES",I76="YES",E76="YES",F76="YES",G76="YES",H76="Yes"),"YES","NO") -> NO | C76: =IFERROR(VLOOKUP(M76,Lookups!$A$3:$B$87,2,FALSE),"NO") -> NO | D76: =IFERROR(VLOOKUP(N76,Lookups!$D$2:$E$211,2,FALSE),"NO") -> NO | E76: =IFERROR(VLOOKUP(P76,Lookups!$I$3:$J$8,2,FALSE),"NO") -> NO | F76: =IFERROR(VLOOKUP(Q76,Lookups!$L$3:$M$7,2,FALSE),"NO") -> NO | G76: =IFERROR(VLOOKUP(R76,Lookups!$O$3:$P$21,2,FALSE),"NO") -> NO | H76: =IFERROR(VLOOKUP(S76,Lookups!$S$3:$T$6,2,FALSE),"NO") -> NO | I76: =IFERROR(VLOOKUP(T76,Lookups!$V$3:$W$15,2,FALSE),"NO") -> NO | J76: =IFERROR(VLOOKUP(U76,Lookups!$Z$3:$AA$9,2,FALSE),"NO") -> NO | K76: =IFERROR(VLOOKUP(V76,Lookups!$AC$3:$AD$12,2,FALSE),"NO") -> NO | L76: =IFERROR(VLOOKUP(W76,Lookups!$AH$3:$AI$74,2,FALSE),"NO") -> NO | M76: =TRIM(MID(SUBSTITUTE(A76,"_",REPT(" ",LEN(A76))),(1-1)*LEN(A76)+1,LEN(A76))) | N76: =TRIM(MID(SUBSTITUTE(A76,"_",REPT(" ",LEN(A76))),(2-1)*LEN(A76)+1,LEN(A76))) | O76: =TRIM(MID(SUBSTITUTE(A76,"_",REPT(" ",LEN(A76))),(3-1)*LEN(A76)+1,LEN(A76))) | P76: =TRIM(MID(SUBSTITUTE(A76,"_",REPT(" ",LEN(A76))),(4-1)*LEN(A76)+1,LEN(A76))) | Q76: =TRIM(MID(SUBSTITUTE(A76,"_",REPT(" ",LEN(A76))),(5-1)*LEN(A76)+1,LEN(A76))) | R76: =TRIM(MID(SUBSTITUTE(A76,"_",REPT(" ",LEN(A76))),(6-1)*LEN(A76)+1,LEN(A76))) | S76: =TRIM(MID(SUBSTITUTE(A76,"_",REPT(" ",LEN(A76))),(7-1)*LEN(A76)+1,LEN(A76))) | T76: =TRIM(MID(SUBSTITUTE(A76,"_",REPT(" ",LEN(A76))),(8-1)*LEN(A76)+1,LEN(A76))) | U76: =TRIM(MID(SUBSTITUTE(A76,"_",REPT(" ",LEN(A76))),(9-1)*LEN(A76)+1,LEN(A76))) | V76: =TRIM(MID(SUBSTITUTE(A76,"_",REPT(" ",LEN(A76))),(10-1)*LEN(A76)+1,LEN(A76))) | W76: =TRIM(MID(SUBSTITUTE(A76,"_",REPT(" ",LEN(A76))),(11-1)*LEN(A76)+1,LEN(A76))) | X76: =TRIM(MID(SUBSTITUTE(A76,"_",REPT(" ",LEN(A76))),(12-1)*LEN(A76)+1,LEN(A76)))
B77: =IF(AND(D77="YES",I77="YES",E77="YES",F77="YES",G77="YES",H77="Yes"),"YES","NO") -> NO | C77: =IFERROR(VLOOKUP(M77,Lookups!$A$3:$B$87,2,FALSE),"NO") -> NO | D77: =IFERROR(VLOOKUP(N77,Lookups!$D$2:$E$211,2,FALSE),"NO") -> NO | E77: =IFERROR(VLOOKUP(P77,Lookups!$I$3:$J$8,2,FALSE),"NO") -> NO | F77: =IFERROR(VLOOKUP(Q77,Lookups!$L$3:$M$7,2,FALSE),"NO") -> NO | G77: =IFERROR(VLOOKUP(R77,Lookups!$O$3:$P$21,2,FALSE),"NO") -> NO | H77: =IFERROR(VLOOKUP(S77,Lookups!$S$3:$T$6,2,FALSE),"NO") -> NO | I77: =IFERROR(VLOOKUP(T77,Lookups!$V$3:$W$15,2,FALSE),"NO") -> NO | J77: =IFERROR(VLOOKUP(U77,Lookups!$Z$3:$AA$9,2,FALSE),"NO") -> NO | K77: =IFERROR(VLOOKUP(V77,Lookups!$AC$3:$AD$12,2,FALSE),"NO") -> NO | L77: =IFERROR(VLOOKUP(W77,Lookups!$AH$3:$AI$74,2,FALSE),"NO") -> NO | M77: =TRIM(MID(SUBSTITUTE(A77,"_",REPT(" ",LEN(A77))),(1-1)*LEN(A77)+1,LEN(A77))) | N77: =TRIM(MID(SUBSTITUTE(A77,"_",REPT(" ",LEN(A77))),(2-1)*LEN(A77)+1,LEN(A77))) | O77: =TRIM(MID(SUBSTITUTE(A77,"_",REPT(" ",LEN(A77))),(3-1)*LEN(A77)+1,LEN(A77))) | P77: =TRIM(MID(SUBSTITUTE(A77,"_",REPT(" ",LEN(A77))),(4-1)*LEN(A77)+1,LEN(A77))) | Q77: =TRIM(MID(SUBSTITUTE(A77,"_",REPT(" ",LEN(A77))),(5-1)*LEN(A77)+1,LEN(A77))) | R77: =TRIM(MID(SUBSTITUTE(A77,"_",REPT(" ",LEN(A77))),(6-1)*LEN(A77)+1,LEN(A77))) | S77: =TRIM(MID(SUBSTITUTE(A77,"_",REPT(" ",LEN(A77))),(7-1)*LEN(A77)+1,LEN(A77))) | T77: =TRIM(MID(SUBSTITUTE(A77,"_",REPT(" ",LEN(A77))),(8-1)*LEN(A77)+1,LEN(A77))) | U77: =TRIM(MID(SUBSTITUTE(A77,"_",REPT(" ",LEN(A77))),(9-1)*LEN(A77)+1,LEN(A77))) | V77: =TRIM(MID(SUBSTITUTE(A77,"_",REPT(" ",LEN(A77))),(10-1)*LEN(A77)+1,LEN(A77))) | W77: =TRIM(MID(SUBSTITUTE(A77,"_",REPT(" ",LEN(A77))),(11-1)*LEN(A77)+1,LEN(A77))) | X77: =TRIM(MID(SUBSTITUTE(A77,"_",REPT(" ",LEN(A77))),(12-1)*LEN(A77)+1,LEN(A77)))
B78: =IF(AND(D78="YES",I78="YES",E78="YES",F78="YES",G78="YES",H78="Yes"),"YES","NO") -> NO | C78: =IFERROR(VLOOKUP(M78,Lookups!$A$3:$B$87,2,FALSE),"NO") -> NO | D78: =IFERROR(VLOOKUP(N78,Lookups!$D$2:$E$211,2,FALSE),"NO") -> NO | E78: =IFERROR(VLOOKUP(P78,Lookups!$I$3:$J$8,2,FALSE),"NO") -> NO | F78: =IFERROR(VLOOKUP(Q78,Lookups!$L$3:$M$7,2,FALSE),"NO") -> NO | G78: =IFERROR(VLOOKUP(R78,Lookups!$O$3:$P$21,2,FALSE),"NO") -> NO | H78: =IFERROR(VLOOKUP(S78,Lookups!$S$3:$T$6,2,FALSE),"NO") -> NO | I78: =IFERROR(VLOOKUP(T78,Lookups!$V$3:$W$15,2,FALSE),"NO") -> NO | J78: =IFERROR(VLOOKUP(U78,Lookups!$Z$3:$AA$9,2,FALSE),"NO") -> NO | K78: =IFERROR(VLOOKUP(V78,Lookups!$AC$3:$AD$12,2,FALSE),"NO") -> NO | L78: =IFERROR(VLOOKUP(W78,Lookups!$AH$3:$AI$74,2,FALSE),"NO") -> NO | M78: =TRIM(MID(SUBSTITUTE(A78,"_",REPT(" ",LEN(A78))),(1-1)*LEN(A78)+1,LEN(A78))) | N78: =TRIM(MID(SUBSTITUTE(A78,"_",REPT(" ",LEN(A78))),(2-1)*LEN(A78)+1,LEN(A78))) | O78: =TRIM(MID(SUBSTITUTE(A78,"_",REPT(" ",LEN(A78))),(3-1)*LEN(A78)+1,LEN(A78))) | P78: =TRIM(MID(SUBSTITUTE(A78,"_",REPT(" ",LEN(A78))),(4-1)*LEN(A78)+1,LEN(A78))) | Q78: =TRIM(MID(SUBSTITUTE(A78,"_",REPT(" ",LEN(A78))),(5-1)*LEN(A78)+1,LEN(A78))) | R78: =TRIM(MID(SUBSTITUTE(A78,"_",REPT(" ",LEN(A78))),(6-1)*LEN(A78)+1,LEN(A78))) | S78: =TRIM(MID(SUBSTITUTE(A78,"_",REPT(" ",LEN(A78))),(7-1)*LEN(A78)+1,LEN(A78))) | T78: =TRIM(MID(SUBSTITUTE(A78,"_",REPT(" ",LEN(A78))),(8-1)*LEN(A78)+1,LEN(A78))) | U78: =TRIM(MID(SUBSTITUTE(A78,"_",REPT(" ",LEN(A78))),(9-1)*LEN(A78)+1,LEN(A78))) | V78: =TRIM(MID(SUBSTITUTE(A78,"_",REPT(" ",LEN(A78))),(10-1)*LEN(A78)+1,LEN(A78))) | W78: =TRIM(MID(SUBSTITUTE(A78,"_",REPT(" ",LEN(A78))),(11-1)*LEN(A78)+1,LEN(A78))) | X78: =TRIM(MID(SUBSTITUTE(A78,"_",REPT(" ",LEN(A78))),(12-1)*LEN(A78)+1,LEN(A78)))
B79: =IF(AND(D79="YES",I79="YES",E79="YES",F79="YES",G79="YES",H79="Yes"),"YES","NO") -> NO | C79: =IFERROR(VLOOKUP(M79,Lookups!$A$3:$B$87,2,FALSE),"NO") -> NO | D79: =IFERROR(VLOOKUP(N79,Lookups!$D$2:$E$211,2,FALSE),"NO") -> NO | E79: =IFERROR(VLOOKUP(P79,Lookups!$I$3:$J$8,2,FALSE),"NO") -> NO | F79: =IFERROR(VLOOKUP(Q79,Lookups!$L$3:$M$7,2,FALSE),"NO") -> NO | G79: =IFERROR(VLOOKUP(R79,Lookups!$O$3:$P$21,2,FALSE),"NO") -> NO | H79: =IFERROR(VLOOKUP(S79,Lookups!$S$3:$T$6,2,FALSE),"NO") -> NO | I79: =IFERROR(VLOOKUP(T79,Lookups!$V$3:$W$15,2,FALSE),"NO") -> NO | J79: =IFERROR(VLOOKUP(U79,Lookups!$Z$3:$AA$9,2,FALSE),"NO") -> NO | K79: =IFERROR(VLOOKUP(V79,Lookups!$AC$3:$AD$12,2,FALSE),"NO") -> NO | L79: =IFERROR(VLOOKUP(W79,Lookups!$AH$3:$AI$74,2,FALSE),"NO") -> NO | M79: =TRIM(MID(SUBSTITUTE(A79,"_",REPT(" ",LEN(A79))),(1-1)*LEN(A79)+1,LEN(A79))) | N79: =TRIM(MID(SUBSTITUTE(A79,"_",REPT(" ",LEN(A79))),(2-1)*LEN(A79)+1,LEN(A79))) | O79: =TRIM(MID(SUBSTITUTE(A79,"_",REPT(" ",LEN(A79))),(3-1)*LEN(A79)+1,LEN(A79))) | P79: =TRIM(MID(SUBSTITUTE(A79,"_",REPT(" ",LEN(A79))),(4-1)*LEN(A79)+1,LEN(A79))) | Q79: =TRIM(MID(SUBSTITUTE(A79,"_",REPT(" ",LEN(A79))),(5-1)*LEN(A79)+1,LEN(A79))) | R79: =TRIM(MID(SUBSTITUTE(A79,"_",REPT(" ",LEN(A79))),(6-1)*LEN(A79)+1,LEN(A79))) | S79: =TRIM(MID(SUBSTITUTE(A79,"_",REPT(" ",LEN(A79))),(7-1)*LEN(A79)+1,LEN(A79))) | T79: =TRIM(MID(SUBSTITUTE(A79,"_",REPT(" ",LEN(A79))),(8-1)*LEN(A79)+1,LEN(A79))) | U79: =TRIM(MID(SUBSTITUTE(A79,"_",REPT(" ",LEN(A79))),(9-1)*LEN(A79)+1,LEN(A79))) | V79: =TRIM(MID(SUBSTITUTE(A79,"_",REPT(" ",LEN(A79))),(10-1)*LEN(A79)+1,LEN(A79))) | W79: =TRIM(MID(SUBSTITUTE(A79,"_",REPT(" ",LEN(A79))),(11-1)*LEN(A79)+1,LEN(A79))) | X79: =TRIM(MID(SUBSTITUTE(A79,"_",REPT(" ",LEN(A79))),(12-1)*LEN(A79)+1,LEN(A79)))
B80: =IF(AND(D80="YES",I80="YES",E80="YES",F80="YES",G80="YES",H80="Yes"),"YES","NO") -> NO | C80: =IFERROR(VLOOKUP(M80,Lookups!$A$3:$B$87,2,FALSE),"NO") -> NO | D80: =IFERROR(VLOOKUP(N80,Lookups!$D$2:$E$211,2,FALSE),"NO") -> NO | E80: =IFERROR(VLOOKUP(P80,Lookups!$I$3:$J$8,2,FALSE),"NO") -> NO | F80: =IFERROR(VLOOKUP(Q80,Lookups!$L$3:$M$7,2,FALSE),"NO") -> NO | G80: =IFERROR(VLOOKUP(R80,Lookups!$O$3:$P$21,2,FALSE),"NO") -> NO | H80: =IFERROR(VLOOKUP(S80,Lookups!$S$3:$T$6,2,FALSE),"NO") -> NO | I80: =IFERROR(VLOOKUP(T80,Lookups!$V$3:$W$15,2,FALSE),"NO") -> NO | J80: =IFERROR(VLOOKUP(U80,Lookups!$Z$3:$AA$9,2,FALSE),"NO") -> NO | K80: =IFERROR(VLOOKUP(V80,Lookups!$AC$3:$AD$12,2,FALSE),"NO") -> NO | L80: =IFERROR(VLOOKUP(W80,Lookups!$AH$3:$AI$74,2,FALSE),"NO") -> NO | M80: =TRIM(MID(SUBSTITUTE(A80,"_",REPT(" ",LEN(A80))),(1-1)*LEN(A80)+1,LEN(A80))) | N80: =TRIM(MID(SUBSTITUTE(A80,"_",REPT(" ",LEN(A80))),(2-1)*LEN(A80)+1,LEN(A80))) | O80: =TRIM(MID(SUBSTITUTE(A80,"_",REPT(" ",LEN(A80))),(3-1)*LEN(A80)+1,LEN(A80))) | P80: =TRIM(MID(SUBSTITUTE(A80,"_",REPT(" ",LEN(A80))),(4-1)*LEN(A80)+1,LEN(A80))) | Q80: =TRIM(MID(SUBSTITUTE(A80,"_",REPT(" ",LEN(A80))),(5-1)*LEN(A80)+1,LEN(A80))) | R80: =TRIM(MID(SUBSTITUTE(A80,"_",REPT(" ",LEN(A80))),(6-1)*LEN(A80)+1,LEN(A80))) | S80: =TRIM(MID(SUBSTITUTE(A80,"_",REPT(" ",LEN(A80))),(7-1)*LEN(A80)+1,LEN(A80))) | T80: =TRIM(MID(SUBSTITUTE(A80,"_",REPT(" ",LEN(A80))),(8-1)*LEN(A80)+1,LEN(A80))) | U80: =TRIM(MID(SUBSTITUTE(A80,"_",REPT(" ",LEN(A80))),(9-1)*LEN(A80)+1,LEN(A80))) | V80: =TRIM(MID(SUBSTITUTE(A80,"_",REPT(" ",LEN(A80))),(10-1)*LEN(A80)+1,LEN(A80))) | W80: =TRIM(MID(SUBSTITUTE(A80,"_",REPT(" ",LEN(A80))),(11-1)*LEN(A80)+1,LEN(A80))) | X80: =TRIM(MID(SUBSTITUTE(A80,"_",REPT(" ",LEN(A80))),(12-1)*LEN(A80)+1,LEN(A80)))
B81: =IF(AND(D81="YES",I81="YES",E81="YES",F81="YES",G81="YES",H81="Yes"),"YES","NO") -> NO | C81: =IFERROR(VLOOKUP(M81,Lookups!$A$3:$B$87,2,FALSE),"NO") -> NO | D81: =IFERROR(VLOOKUP(N81,Lookups!$D$2:$E$211,2,FALSE),"NO") -> NO | E81: =IFERROR(VLOOKUP(P81,Lookups!$I$3:$J$8,2,FALSE),"NO") -> NO | F81: =IFERROR(VLOOKUP(Q81,Lookups!$L$3:$M$7,2,FALSE),"NO") -> NO | G81: =IFERROR(VLOOKUP(R81,Lookups!$O$3:$P$21,2,FALSE),"NO") -> NO | H81: =IFERROR(VLOOKUP(S81,Lookups!$S$3:$T$6,2,FALSE),"NO") -> NO | I81: =IFERROR(VLOOKUP(T81,Lookups!$V$3:$W$15,2,FALSE),"NO") -> NO | J81: =IFERROR(VLOOKUP(U81,Lookups!$Z$3:$AA$9,2,FALSE),"NO") -> NO | K81: =IFERROR(VLOOKUP(V81,Lookups!$AC$3:$AD$12,2,FALSE),"NO") -> NO | L81: =IFERROR(VLOOKUP(W81,Lookups!$AH$3:$AI$74,2,FALSE),"NO") -> NO | M81: =TRIM(MID(SUBSTITUTE(A81,"_",REPT(" ",LEN(A81))),(1-1)*LEN(A81)+1,LEN(A81))) | N81: =TRIM(MID(SUBSTITUTE(A81,"_",REPT(" ",LEN(A81))),(2-1)*LEN(A81)+1,LEN(A81))) | O81: =TRIM(MID(SUBSTITUTE(A81,"_",REPT(" ",LEN(A81))),(3-1)*LEN(A81)+1,LEN(A81))) | P81: =TRIM(MID(SUBSTITUTE(A81,"_",REPT(" ",LEN(A81))),(4-1)*LEN(A81)+1,LEN(A81))) | Q81: =TRIM(MID(SUBSTITUTE(A81,"_",REPT(" ",LEN(A81))),(5-1)*LEN(A81)+1,LEN(A81))) | R81: =TRIM(MID(SUBSTITUTE(A81,"_",REPT(" ",LEN(A81))),(6-1)*LEN(A81)+1,LEN(A81))) | S81: =TRIM(MID(SUBSTITUTE(A81,"_",REPT(" ",LEN(A81))),(7-1)*LEN(A81)+1,LEN(A81))) | T81: =TRIM(MID(SUBSTITUTE(A81,"_",REPT(" ",LEN(A81))),(8-1)*LEN(A81)+1,LEN(A81))) | U81: =TRIM(MID(SUBSTITUTE(A81,"_",REPT(" ",LEN(A81))),(9-1)*LEN(A81)+1,LEN(A81))) | V81: =TRIM(MID(SUBSTITUTE(A81,"_",REPT(" ",LEN(A81))),(10-1)*LEN(A81)+1,LEN(A81))) | W81: =TRIM(MID(SUBSTITUTE(A81,"_",REPT(" ",LEN(A81))),(11-1)*LEN(A81)+1,LEN(A81))) | X81: =TRIM(MID(SUBSTITUTE(A81,"_",REPT(" ",LEN(A81))),(12-1)*LEN(A81)+1,LEN(A81)))
... B109: =IF(AND(D109="YES",I109="YES",E109="YES",F109="YES",G109="YES",H109="Yes"),"YES","NO") -> NO | C109: =IFERROR(VLOOKUP(M109,Lookups!$A$3:$B$87,2,FALSE),"NO") -> NO | D109: =IFERROR(VLOOKUP(N109,Lookups!$D$2:$E$211,2,FALSE),"NO") -> NO | E109: =IFERROR(VLOOKUP(P109,Lookups!$I$3:$J$8,2,FALSE),"NO") -> NO | F109: =IFERROR(VLOOKUP(Q109,Lookups!$L$3:$M$7,2,FALSE),"NO") -> NO | G109: =IFERROR(VLOOKUP(R109,Lookups!$O$3:$P$21,2,FALSE),"NO") -> NO | H109: =IFERROR(VLOOKUP(S109,Lookups!$S$3:$T$6,2,FALSE),"NO") -> NO | I109: =IFERROR(VLOOKUP(T109,Lookups!$V$3:$W$15,2,FALSE),"NO") -> NO | J109: =IFERROR(VLOOKUP(U109,Lookups!$Z$3:$AA$9,2,FALSE),"NO") -> NO | K109: =IFERROR(VLOOKUP(V109,Lookups!$AC$3:$AD$12,2,FALSE),"NO") -> NO | L109: =IFERROR(VLOOKUP(W109,Lookups!$AH$3:$AI$74,2,FALSE),"NO") -> NO | M109: =TRIM(MID(SUBSTITUTE(A109,"_",REPT(" ",LEN(A109))),(1-1)*LEN(A109)+1,LEN(A109))) | N109: =TRIM(MID(SUBSTITUTE(A109,"_",REPT(" ",LEN(A109))),(2-1)*LEN(A109)+1,LEN(A109))) | O109: =TRIM(MID(SUBSTITUTE(A109,"_",REPT(" ",LEN(A109))),(3-1)*LEN(A109)+1,LEN(A109))) | P109: =TRIM(MID(SUBSTITUTE(A109,"_",REPT(" ",LEN(A109))),(4-1)*LEN(A109)+1,LEN(A109))) | Q109: =TRIM(MID(SUBSTITUTE(A109,"_",REPT(" ",LEN(A109))),(5-1)*LEN(A109)+1,LEN(A109))) | R109: =TRIM(MID(SUBSTITUTE(A109,"_",REPT(" ",LEN(A109))),(6-1)*LEN(A109)+1,LEN(A109))) | S109: =TRIM(MID(SUBSTITUTE(A109,"_",REPT(" ",LEN(A109))),(7-1)*LEN(A109)+1,LEN(A109))) | T109: =TRIM(MID(SUBSTITUTE(A109,"_",REPT(" ",LEN(A109))),(8-1)*LEN(A109)+1,LEN(A109))) | U109: =TRIM(MID(SUBSTITUTE(A109,"_",REPT(" ",LEN(A109))),(9-1)*LEN(A109)+1,LEN(A109))) | V109: =TRIM(MID(SUBSTITUTE(A109,"_",REPT(" ",LEN(A109))),(10-1)*LEN(A109)+1,LEN(A109))) | W109: =TRIM(MID(SUBSTITUTE(A109,"_",REPT(" ",LEN(A109))),(11-1)*LEN(A109)+1,LEN(A109))) | X109: =TRIM(MID(SUBSTITUTE(A109,"_",REPT(" ",LEN(A109))),(12-1)*LEN(A109)+1,LEN(A109)))
A110: Cesar_CPCV_Instream_Google_CPV_Custom Segment Targeting_A/BT_Behavoural_YouTube_Instream_P2_15s_ENG P1XFMWX | B110: =IF(AND(D110="YES",I110="YES",E110="YES",F110="YES",G110="YES",H110="Yes"),"YES","NO") -> NO | C110: =IFERROR(VLOOKUP(M110,Lookups!$A$3:$B$87,2,FALSE),"NO") -> NO | D110: =IFERROR(VLOOKUP(N110,Lookups!$D$2:$E$211,2,FALSE),"NO") -> NO | E110: =IFERROR(VLOOKUP(P110,Lookups!$I$3:$J$8,2,FALSE),"NO") -> NO | F110: =IFERROR(VLOOKUP(Q110,Lookups!$L$3:$M$7,2,FALSE),"NO") -> NO | G110: =IFERROR(VLOOKUP(R110,Lookups!$O$3:$P$21,2,FALSE),"NO") -> NO | H110: =IFERROR(VLOOKUP(S110,Lookups!$S$3:$T$6,2,FALSE),"NO") -> NO | I110: =IFERROR(VLOOKUP(T110,Lookups!$V$3:$W$15,2,FALSE),"NO") -> NO | J110: =IFERROR(VLOOKUP(U110,Lookups!$Z$3:$AA$9,2,FALSE),"NO") -> NO | K110: =IFERROR(VLOOKUP(V110,Lookups!$AC$3:$AD$12,2,FALSE),"NO") -> NO | L110: =IFERROR(VLOOKUP(W110,Lookups!$AH$3:$AI$74,2,FALSE),"NO") -> NO | M110: =TRIM(MID(SUBSTITUTE(A110,"_",REPT(" ",LEN(A110))),(1-1)*LEN(A110)+1,LEN(A110))) -> Cesar | N110: =TRIM(MID(SUBSTITUTE(A110,"_",REPT(" ",LEN(A110))),(2-1)*LEN(A110)+1,LEN(A110))) -> CPCV | O110: =TRIM(MID(SUBSTITUTE(A110,"_",REPT(" ",LEN(A110))),(3-1)*LEN(A110)+1,LEN(A110))) -> Instream | P110: =TRIM(MID(SUBSTITUTE(A110,"_",REPT(" ",LEN(A110))),(4-1)*LEN(A110)+1,LEN(A110))) -> Google | Q110: =TRIM(MID(SUBSTITUTE(A110,"_",REPT(" ",LEN(A110))),(5-1)*LEN(A110)+1,LEN(A110))) -> CPV | R110: =TRIM(MID(SUBSTITUTE(A110,"_",REPT(" ",LEN(A110))),(6-1)*LEN(A110)+1,LEN(A110))) -> Custom Segment Targeting | S110: =TRIM(MID(SUBSTITUTE(A110,"_",REPT(" ",LEN(A110))),(7-1)*LEN(A110)+1,LEN(A110))) -> A/BT | T110: =TRIM(MID(SUBSTITUTE(A110,"_",REPT(" ",LEN(A110))),(8-1)*LEN(A110)+1,LEN(A110))) -> Behavoural | U110: =TRIM(MID(SUBSTITUTE(A110,"_",REPT(" ",LEN(A110))),(9-1)*LEN(A110)+1,LEN(A110))) -> YouTube | V110: =TRIM(MID(SUBSTITUTE(A110,"_",REPT(" ",LEN(A110))),(10-1)*LEN(A110)+1,LEN(A110))) -> Instream | W110: =TRIM(MID(SUBSTITUTE(A110,"_",REPT(" ",LEN(A110))),(11-1)*LEN(A110)+1,LEN(A110))) -> P2 | X110: =TRIM(MID(SUBSTITUTE(A110,"_",REPT(" ",LEN(A110))),(12-1)*LEN(A110)+1,LEN(A110))) -> 15s
A111: Cesar_CPCV_Instream_Google_CPV_Custom Segment Targeting_A/BT_Behavoural_YouTube_Instream_P2_15s_FRE P1XFP42 | B111: =IF(AND(D111="YES",I111="YES",E111="YES",F111="YES",G111="YES",H111="Yes"),"YES","NO") -> NO | C111: =IFERROR(VLOOKUP(M111,Lookups!$A$3:$B$87,2,FALSE),"NO") -> NO | D111: =IFERROR(VLOOKUP(N111,Lookups!$D$2:$E$211,2,FALSE),"NO") -> NO | E111: =IFERROR(VLOOKUP(P111,Lookups!$I$3:$J$8,2,FALSE),"NO") -> NO | F111: =IFERROR(VLOOKUP(Q111,Lookups!$L$3:$M$7,2,FALSE),"NO") -> NO | G111: =IFERROR(VLOOKUP(R111,Lookups!$O$3:$P$21,2,FALSE),"NO") -> NO | H111: =IFERROR(VLOOKUP(S111,Lookups!$S$3:$T$6,2,FALSE),"NO") -> NO | I111: =IFERROR(VLOOKUP(T111,Lookups!$V$3:$W$15,2,FALSE),"NO") -> NO | J111: =IFERROR(VLOOKUP(U111,Lookups!$Z$3:$AA$9,2,FALSE),"NO") -> NO | K111: =IFERROR(VLOOKUP(V111,Lookups!$AC$3:$AD$12,2,FALSE),"NO") -> NO | L111: =IFERROR(VLOOKUP(W111,Lookups!$AH$3:$AI$74,2,FALSE),"NO") -> NO | M111: =TRIM(MID(SUBSTITUTE(A111,"_",REPT(" ",LEN(A111))),(1-1)*LEN(A111)+1,LEN(A111))) -> Cesar | N111: =TRIM(MID(SUBSTITUTE(A111,"_",REPT(" ",LEN(A111))),(2-1)*LEN(A111)+1,LEN(A111))) -> CPCV | O111: =TRIM(MID(SUBSTITUTE(A111,"_",REPT(" ",LEN(A111))),(3-1)*LEN(A111)+1,LEN(A111))) -> Instream | P111: =TRIM(MID(SUBSTITUTE(A111,"_",REPT(" ",LEN(A111))),(4-1)*LEN(A111)+1,LEN(A111))) -> Google | Q111: =TRIM(MID(SUBSTITUTE(A111,"_",REPT(" ",LEN(A111))),(5-1)*LEN(A111)+1,LEN(A111))) -> CPV | R111: =TRIM(MID(SUBSTITUTE(A111,"_",REPT(" ",LEN(A111))),(6-1)*LEN(A111)+1,LEN(A111))) -> Custom Segment Targeting | S111: =TRIM(MID(SUBSTITUTE(A111,"_",REPT(" ",LEN(A111))),(7-1)*LEN(A111)+1,LEN(A111))) -> A/BT | T111: =TRIM(MID(SUBSTITUTE(A111,"_",REPT(" ",LEN(A111))),(8-1)*LEN(A111)+1,LEN(A111))) -> Behavoural | U111: =TRIM(MID(SUBSTITUTE(A111,"_",REPT(" ",LEN(A111))),(9-1)*LEN(A111)+1,LEN(A111))) -> YouTube | V111: =TRIM(MID(SUBSTITUTE(A111,"_",REPT(" ",LEN(A111))),(10-1)*LEN(A111)+1,LEN(A111))) -> Instream | W111: =TRIM(MID(SUBSTITUTE(A111,"_",REPT(" ",LEN(A111))),(11-1)*LEN(A111)+1,LEN(A111))) -> P2 | X111: =TRIM(MID(SUBSTITUTE(A111,"_",REPT(" ",LEN(A111))),(12-1)*LEN(A111)+1,LEN(A111))) -> 15s
A112: Temptations_CPCV_Instream_Google_CPV_Custom Segment Targeting_A/BT_Behavoural_YouTube_Instream_P2_15s_ENG P1XH68L | B112: =IF(AND(D112="YES",I112="YES",E112="YES",F112="YES",G112="YES",H112="Yes"),"YES","NO") -> NO | C112: =IFERROR(VLOOKUP(M112,Lookups!$A$3:$B$87,2,FALSE),"NO") -> NO | D112: =IFERROR(VLOOKUP(N112,Lookups!$D$2:$E$211,2,FALSE),"NO") -> NO | E112: =IFERROR(VLOOKUP(P112,Lookups!$I$3:$J$8,2,FALSE),"NO") -> NO | F112: =IFERROR(VLOOKUP(Q112,Lookups!$L$3:$M$7,2,FALSE),"NO") -> NO | G112: =IFERROR(VLOOKUP(R112,Lookups!$O$3:$P$21,2,FALSE),"NO") -> NO | H112: =IFERROR(VLOOKUP(S112,Lookups!$S$3:$T$6,2,FALSE),"NO") -> NO | I112: =IFERROR(VLOOKUP(T112,Lookups!$V$3:$W$15,2,FALSE),"NO") -> NO | J112: =IFERROR(VLOOKUP(U112,Lookups!$Z$3:$AA$9,2,FALSE),"NO") -> NO | K112: =IFERROR(VLOOKUP(V112,Lookups!$AC$3:$AD$12,2,FALSE),"NO") -> NO | L112: =IFERROR(VLOOKUP(W112,Lookups!$AH$3:$AI$74,2,FALSE),"NO") -> NO | M112: =TRIM(MID(SUBSTITUTE(A112,"_",REPT(" ",LEN(A112))),(1-1)*LEN(A112)+1,LEN(A112))) -> Temptations | N112: =TRIM(MID(SUBSTITUTE(A112,"_",REPT(" ",LEN(A112))),(2-1)*LEN(A112)+1,LEN(A112))) -> CPCV | O112: =TRIM(MID(SUBSTITUTE(A112,"_",REPT(" ",LEN(A112))),(3-1)*LEN(A112)+1,LEN(A112))) -> Instream | P112: =TRIM(MID(SUBSTITUTE(A112,"_",REPT(" ",LEN(A112))),(4-1)*LEN(A112)+1,LEN(A112))) -> Google | Q112: =TRIM(MID(SUBSTITUTE(A112,"_",REPT(" ",LEN(A112))),(5-1)*LEN(A112)+1,LEN(A112))) -> CPV | R112: =TRIM(MID(SUBSTITUTE(A112,"_",REPT(" ",LEN(A112))),(6-1)*LEN(A112)+1,LEN(A112))) -> Custom Segment Targeting | S112: =TRIM(MID(SUBSTITUTE(A112,"_",REPT(" ",LEN(A112))),(7-1)*LEN(A112)+1,LEN(A112))) -> A/BT | T112: =TRIM(MID(SUBSTITUTE(A112,"_",REPT(" ",LEN(A112))),(8-1)*LEN(A112)+1,LEN(A112))) -> Behavoural | U112: =TRIM(MID(SUBSTITUTE(A112,"_",REPT(" ",LEN(A112))),(9-1)*LEN(A112)+1,LEN(A112))) -> YouTube | V112: =TRIM(MID(SUBSTITUTE(A112,"_",REPT(" ",LEN(A112))),(10-1)*LEN(A112)+1,LEN(A112))) -> Instream | W112: =TRIM(MID(SUBSTITUTE(A112,"_",REPT(" ",LEN(A112))),(11-1)*LEN(A112)+1,LEN(A112))) -> P2 | X112: =TRIM(MID(SUBSTITUTE(A112,"_",REPT(" ",LEN(A112))),(12-1)*LEN(A112)+1,LEN(A112))) -> 15s
A113: Temptations_CPCV_Instream_Google_CPV_Custom Segment Targeting_A/BT_Behavoural_YouTube_Instream_P2_15s_FRE P1XH695 | B113: =IF(AND(D113="YES",I113="YES",E113="YES",F113="YES",G113="YES",H113="Yes"),"YES","NO") -> NO | C113: =IFERROR(VLOOKUP(M113,Lookups!$A$3:$B$87,2,FALSE),"NO") -> NO | D113: =IFERROR(VLOOKUP(N113,Lookups!$D$2:$E$211,2,FALSE),"NO") -> NO | E113: =IFERROR(VLOOKUP(P113,Lookups!$I$3:$J$8,2,FALSE),"NO") -> NO | F113: =IFERROR(VLOOKUP(Q113,Lookups!$L$3:$M$7,2,FALSE),"NO") -> NO | G113: =IFERROR(VLOOKUP(R113,Lookups!$O$3:$P$21,2,FALSE),"NO") -> NO | H113: =IFERROR(VLOOKUP(S113,Lookups!$S$3:$T$6,2,FALSE),"NO") -> NO | I113: =IFERROR(VLOOKUP(T113,Lookups!$V$3:$W$15,2,FALSE),"NO") -> NO | J113: =IFERROR(VLOOKUP(U113,Lookups!$Z$3:$AA$9,2,FALSE),"NO") -> NO | K113: =IFERROR(VLOOKUP(V113,Lookups!$AC$3:$AD$12,2,FALSE),"NO") -> NO | L113: =IFERROR(VLOOKUP(W113,Lookups!$AH$3:$AI$74,2,FALSE),"NO") -> NO | M113: =TRIM(MID(SUBSTITUTE(A113,"_",REPT(" ",LEN(A113))),(1-1)*LEN(A113)+1,LEN(A113))) -> Temptations | N113: =TRIM(MID(SUBSTITUTE(A113,"_",REPT(" ",LEN(A113))),(2-1)*LEN(A113)+1,LEN(A113))) -> CPCV | O113: =TRIM(MID(SUBSTITUTE(A113,"_",REPT(" ",LEN(A113))),(3-1)*LEN(A113)+1,LEN(A113))) -> Instream | P113: =TRIM(MID(SUBSTITUTE(A113,"_",REPT(" ",LEN(A113))),(4-1)*LEN(A113)+1,LEN(A113))) -> Google | Q113: =TRIM(MID(SUBSTITUTE(A113,"_",REPT(" ",LEN(A113))),(5-1)*LEN(A113)+1,LEN(A113))) -> CPV | R113: =TRIM(MID(SUBSTITUTE(A113,"_",REPT(" ",LEN(A113))),(6-1)*LEN(A113)+1,LEN(A113))) -> Custom Segment Targeting | S113: =TRIM(MID(SUBSTITUTE(A113,"_",REPT(" ",LEN(A113))),(7-1)*LEN(A113)+1,LEN(A113))) -> A/BT | T113: =TRIM(MID(SUBSTITUTE(A113,"_",REPT(" ",LEN(A113))),(8-1)*LEN(A113)+1,LEN(A113))) -> Behavoural | U113: =TRIM(MID(SUBSTITUTE(A113,"_",REPT(" ",LEN(A113))),(9-1)*LEN(A113)+1,LEN(A113))) -> YouTube | V113: =TRIM(MID(SUBSTITUTE(A113,"_",REPT(" ",LEN(A113))),(10-1)*LEN(A113)+1,LEN(A113))) -> Instream | W113: =TRIM(MID(SUBSTITUTE(A113,"_",REPT(" ",LEN(A113))),(11-1)*LEN(A113)+1,LEN(A113))) -> P2 | X113: =TRIM(MID(SUBSTITUTE(A113,"_",REPT(" ",LEN(A113))),(12-1)*LEN(A113)+1,LEN(A113))) -> 15s
B114: =IF(AND(D114="YES",I114="YES",E114="YES",F114="YES",G114="YES",H114="Yes"),"YES","NO") -> NO | C114: =IFERROR(VLOOKUP(M114,Lookups!$A$3:$B$87,2,FALSE),"NO") -> NO | D114: =IFERROR(VLOOKUP(N114,Lookups!$D$2:$E$211,2,FALSE),"NO") -> NO | E114: =IFERROR(VLOOKUP(P114,Lookups!$I$3:$J$8,2,FALSE),"NO") -> NO | F114: =IFERROR(VLOOKUP(Q114,Lookups!$L$3:$M$7,2,FALSE),"NO") -> NO | G114: =IFERROR(VLOOKUP(R114,Lookups!$O$3:$P$21,2,FALSE),"NO") -> NO | H114: =IFERROR(VLOOKUP(S114,Lookups!$S$3:$T$6,2,FALSE),"NO") -> NO | I114: =IFERROR(VLOOKUP(T114,Lookups!$V$3:$W$15,2,FALSE),"NO") -> NO | J114: =IFERROR(VLOOKUP(U114,Lookups!$Z$3:$AA$9,2,FALSE),"NO") -> NO | K114: =IFERROR(VLOOKUP(V114,Lookups!$AC$3:$AD$12,2,FALSE),"NO") -> NO | L114: =IFERROR(VLOOKUP(W114,Lookups!$AH$3:$AI$74,2,FALSE),"NO") -> NO | M114: =TRIM(MID(SUBSTITUTE(A114,"_",REPT(" ",LEN(A114))),(1-1)*LEN(A114)+1,LEN(A114))) | N114: =TRIM(MID(SUBSTITUTE(A114,"_",REPT(" ",LEN(A114))),(2-1)*LEN(A114)+1,LEN(A114))) | O114: =TRIM(MID(SUBSTITUTE(A114,"_",REPT(" ",LEN(A114))),(3-1)*LEN(A114)+1,LEN(A114))) | P114: =TRIM(MID(SUBSTITUTE(A114,"_",REPT(" ",LEN(A114))),(4-1)*LEN(A114)+1,LEN(A114))) | Q114: =TRIM(MID(SUBSTITUTE(A114,"_",REPT(" ",LEN(A114))),(5-1)*LEN(A114)+1,LEN(A114))) | R114: =TRIM(MID(SUBSTITUTE(A114,"_",REPT(" ",LEN(A114))),(6-1)*LEN(A114)+1,LEN(A114))) | S114: =TRIM(MID(SUBSTITUTE(A114,"_",REPT(" ",LEN(A114))),(7-1)*LEN(A114)+1,LEN(A114))) | T114: =TRIM(MID(SUBSTITUTE(A114,"_",REPT(" ",LEN(A114))),(8-1)*LEN(A114)+1,LEN(A114))) | U114: =TRIM(MID(SUBSTITUTE(A114,"_",REPT(" ",LEN(A114))),(9-1)*LEN(A114)+1,LEN(A114))) | V114: =TRIM(MID(SUBSTITUTE(A114,"_",REPT(" ",LEN(A114))),(10-1)*LEN(A114)+1,LEN(A114))) | W114: =TRIM(MID(SUBSTITUTE(A114,"_",REPT(" ",LEN(A114))),(11-1)*LEN(A114)+1,LEN(A114))) | X114: =TRIM(MID(SUBSTITUTE(A114,"_",REPT(" ",LEN(A114))),(12-1)*LEN(A114)+1,LEN(A114)))
B115: =IF(AND(D115="YES",I115="YES",E115="YES",F115="YES",G115="YES",H115="Yes"),"YES","NO") -> NO | C115: =IFERROR(VLOOKUP(M115,Lookups!$A$3:$B$87,2,FALSE),"NO") -> NO | D115: =IFERROR(VLOOKUP(N115,Lookups!$D$2:$E$211,2,FALSE),"NO") -> NO | E115: =IFERROR(VLOOKUP(P115,Lookups!$I$3:$J$8,2,FALSE),"NO") -> NO | F115: =IFERROR(VLOOKUP(Q115,Lookups!$L$3:$M$7,2,FALSE),"NO") -> NO | G115: =IFERROR(VLOOKUP(R115,Lookups!$O$3:$P$21,2,FALSE),"NO") -> NO | H115: =IFERROR(VLOOKUP(S115,Lookups!$S$3:$T$6,2,FALSE),"NO") -> NO | I115: =IFERROR(VLOOKUP(T115,Lookups!$V$3:$W$15,2,FALSE),"NO") -> NO | J115: =IFERROR(VLOOKUP(U115,Lookups!$Z$3:$AA$9,2,FALSE),"NO") -> NO | K115: =IFERROR(VLOOKUP(V115,Lookups!$AC$3:$AD$12,2,FALSE),"NO") -> NO | L115: =IFERROR(VLOOKUP(W115,Lookups!$AH$3:$AI$74,2,FALSE),"NO") -> NO | M115: =TRIM(MID(SUBSTITUTE(A115,"_",REPT(" ",LEN(A115))),(1-1)*LEN(A115)+1,LEN(A115))) | N115: =TRIM(MID(SUBSTITUTE(A115,"_",REPT(" ",LEN(A115))),(2-1)*LEN(A115)+1,LEN(A115))) | O115: =TRIM(MID(SUBSTITUTE(A115,"_",REPT(" ",LEN(A115))),(3-1)*LEN(A115)+1,LEN(A115))) | P115: =TRIM(MID(SUBSTITUTE(A115,"_",REPT(" ",LEN(A115))),(4-1)*LEN(A115)+1,LEN(A115))) | Q115: =TRIM(MID(SUBSTITUTE(A115,"_",REPT(" ",LEN(A115))),(5-1)*LEN(A115)+1,LEN(A115))) | R115: =TRIM(MID(SUBSTITUTE(A115,"_",REPT(" ",LEN(A115))),(6-1)*LEN(A115)+1,LEN(A115))) | S115: =TRIM(MID(SUBSTITUTE(A115,"_",REPT(" ",LEN(A115))),(7-1)*LEN(A115)+1,LEN(A115))) | T115: =TRIM(MID(SUBSTITUTE(A115,"_",REPT(" ",LEN(A115))),(8-1)*LEN(A115)+1,LEN(A115))) | U115: =TRIM(MID(SUBSTITUTE(A115,"_",REPT(" ",LEN(A115))),(9-1)*LEN(A115)+1,LEN(A115))) | V115: =TRIM(MID(SUBSTITUTE(A115,"_",REPT(" ",LEN(A115))),(10-1)*LEN(A115)+1,LEN(A115))) | W115: =TRIM(MID(SUBSTITUTE(A115,"_",REPT(" ",LEN(A115))),(11-1)*LEN(A115)+1,LEN(A115))) | X115: =TRIM(MID(SUBSTITUTE(A115,"_",REPT(" ",LEN(A115))),(12-1)*LEN(A115)+1,LEN(A115)))
B116: =IF(AND(D116="YES",I116="YES",E116="YES",F116="YES",G116="YES",H116="Yes"),"YES","NO") -> NO | C116: =IFERROR(VLOOKUP(M116,Lookups!$A$3:$B$87,2,FALSE),"NO") -> NO | D116: =IFERROR(VLOOKUP(N116,Lookups!$D$2:$E$211,2,FALSE),"NO") -> NO | E116: =IFERROR(VLOOKUP(P116,Lookups!$I$3:$J$8,2,FALSE),"NO") -> NO | F116: =IFERROR(VLOOKUP(Q116,Lookups!$L$3:$M$7,2,FALSE),"NO") -> NO | G116: =IFERROR(VLOOKUP(R116,Lookups!$O$3:$P$21,2,FALSE),"NO") -> NO | H116: =IFERROR(VLOOKUP(S116,Lookups!$S$3:$T$6,2,FALSE),"NO") -> NO | I116: =IFERROR(VLOOKUP(T116,Lookups!$V$3:$W$15,2,FALSE),"NO") -> NO | J116: =IFERROR(VLOOKUP(U116,Lookups!$Z$3:$AA$9,2,FALSE),"NO") -> NO | K116: =IFERROR(VLOOKUP(V116,Lookups!$AC$3:$AD$12,2,FALSE),"NO") -> NO | L116: =IFERROR(VLOOKUP(W116,Lookups!$AH$3:$AI$74,2,FALSE),"NO") -> NO | M116: =TRIM(MID(SUBSTITUTE(A116,"_",REPT(" ",LEN(A116))),(1-1)*LEN(A116)+1,LEN(A116))) | N116: =TRIM(MID(SUBSTITUTE(A116,"_",REPT(" ",LEN(A116))),(2-1)*LEN(A116)+1,LEN(A116))) | O116: =TRIM(MID(SUBSTITUTE(A116,"_",REPT(" ",LEN(A116))),(3-1)*LEN(A116)+1,LEN(A116))) | P116: =TRIM(MID(SUBSTITUTE(A116,"_",REPT(" ",LEN(A116))),(4-1)*LEN(A116)+1,LEN(A116))) | Q116: =TRIM(MID(SUBSTITUTE(A116,"_",REPT(" ",LEN(A116))),(5-1)*LEN(A116)+1,LEN(A116))) | R116: =TRIM(MID(SUBSTITUTE(A116,"_",REPT(" ",LEN(A116))),(6-1)*LEN(A116)+1,LEN(A116))) | S116: =TRIM(MID(SUBSTITUTE(A116,"_",REPT(" ",LEN(A116))),(7-1)*LEN(A116)+1,LEN(A116))) | T116: =TRIM(MID(SUBSTITUTE(A116,"_",REPT(" ",LEN(A116))),(8-1)*LEN(A116)+1,LEN(A116))) | U116: =TRIM(MID(SUBSTITUTE(A116,"_",REPT(" ",LEN(A116))),(9-1)*LEN(A116)+1,LEN(A116))) | V116: =TRIM(MID(SUBSTITUTE(A116,"_",REPT(" ",LEN(A116))),(10-1)*LEN(A116)+1,LEN(A116))) | W116: =TRIM(MID(SUBSTITUTE(A116,"_",REPT(" ",LEN(A116))),(11-1)*LEN(A116)+1,LEN(A116))) | X116: =TRIM(MID(SUBSTITUTE(A116,"_",REPT(" ",LEN(A116))),(12-1)*LEN(A116)+1,LEN(A116)))
B117: =IF(AND(D117="YES",I117="YES",E117="YES",F117="YES",G117="YES",H117="Yes"),"YES","NO") -> NO | C117: =IFERROR(VLOOKUP(M117,Lookups!$A$3:$B$87,2,FALSE),"NO") -> NO | D117: =IFERROR(VLOOKUP(N117,Lookups!$D$2:$E$211,2,FALSE),"NO") -> NO | E117: =IFERROR(VLOOKUP(P117,Lookups!$I$3:$J$8,2,FALSE),"NO") -> NO | F117: =IFERROR(VLOOKUP(Q117,Lookups!$L$3:$M$7,2,FALSE),"NO") -> NO | G117: =IFERROR(VLOOKUP(R117,Lookups!$O$3:$P$21,2,FALSE),"NO") -> NO | H117: =IFERROR(VLOOKUP(S117,Lookups!$S$3:$T$6,2,FALSE),"NO") -> NO | I117: =IFERROR(VLOOKUP(T117,Lookups!$V$3:$W$15,2,FALSE),"NO") -> NO | J117: =IFERROR(VLOOKUP(U117,Lookups!$Z$3:$AA$9,2,FALSE),"NO") -> NO | K117: =IFERROR(VLOOKUP(V117,Lookups!$AC$3:$AD$12,2,FALSE),"NO") -> NO | L117: =IFERROR(VLOOKUP(W117,Lookups!$AH$3:$AI$74,2,FALSE),"NO") -> NO | M117: =TRIM(MID(SUBSTITUTE(A117,"_",REPT(" ",LEN(A117))),(1-1)*LEN(A117)+1,LEN(A117))) | N117: =TRIM(MID(SUBSTITUTE(A117,"_",REPT(" ",LEN(A117))),(2-1)*LEN(A117)+1,LEN(A117))) | O117: =TRIM(MID(SUBSTITUTE(A117,"_",REPT(" ",LEN(A117))),(3-1)*LEN(A117)+1,LEN(A117))) | P117: =TRIM(MID(SUBSTITUTE(A117,"_",REPT(" ",LEN(A117))),(4-1)*LEN(A117)+1,LEN(A117))) | Q117: =TRIM(MID(SUBSTITUTE(A117,"_",REPT(" ",LEN(A117))),(5-1)*LEN(A117)+1,LEN(A117))) | R117: =TRIM(MID(SUBSTITUTE(A117,"_",REPT(" ",LEN(A117))),(6-1)*LEN(A117)+1,LEN(A117))) | S117: =TRIM(MID(SUBSTITUTE(A117,"_",REPT(" ",LEN(A117))),(7-1)*LEN(A117)+1,LEN(A117))) | T117: =TRIM(MID(SUBSTITUTE(A117,"_",REPT(" ",LEN(A117))),(8-1)*LEN(A117)+1,LEN(A117))) | U117: =TRIM(MID(SUBSTITUTE(A117,"_",REPT(" ",LEN(A117))),(9-1)*LEN(A117)+1,LEN(A117))) | V117: =TRIM(MID(SUBSTITUTE(A117,"_",REPT(" ",LEN(A117))),(10-1)*LEN(A117)+1,LEN(A117))) | W117: =TRIM(MID(SUBSTITUTE(A117,"_",REPT(" ",LEN(A117))),(11-1)*LEN(A117)+1,LEN(A117))) | X117: =TRIM(MID(SUBSTITUTE(A117,"_",REPT(" ",LEN(A117))),(12-1)*LEN(A117)+1,LEN(A117)))
B118: =IF(AND(D118="YES",I118="YES",E118="YES",F118="YES",G118="YES",H118="Yes"),"YES","NO") -> NO | C118: =IFERROR(VLOOKUP(M118,Lookups!$A$3:$B$87,2,FALSE),"NO") -> NO | D118: =IFERROR(VLOOKUP(N118,Lookups!$D$2:$E$211,2,FALSE),"NO") -> NO | E118: =IFERROR(VLOOKUP(P118,Lookups!$I$3:$J$8,2,FALSE),"NO") -> NO | F118: =IFERROR(VLOOKUP(Q118,Lookups!$L$3:$M$7,2,FALSE),"NO") -> NO | G118: =IFERROR(VLOOKUP(R118,Lookups!$O$3:$P$21,2,FALSE),"NO") -> NO | H118: =IFERROR(VLOOKUP(S118,Lookups!$S$3:$T$6,2,FALSE),"NO") -> NO | I118: =IFERROR(VLOOKUP(T118,Lookups!$V$3:$W$15,2,FALSE),"NO") -> NO | J118: =IFERROR(VLOOKUP(U118,Lookups!$Z$3:$AA$9,2,FALSE),"NO") -> NO | K118: =IFERROR(VLOOKUP(V118,Lookups!$AC$3:$AD$12,2,FALSE),"NO") -> NO | L118: =IFERROR(VLOOKUP(W118,Lookups!$AH$3:$AI$74,2,FALSE),"NO") -> NO | M118: =TRIM(MID(SUBSTITUTE(A118,"_",REPT(" ",LEN(A118))),(1-1)*LEN(A118)+1,LEN(A118))) | N118: =TRIM(MID(SUBSTITUTE(A118,"_",REPT(" ",LEN(A118))),(2-1)*LEN(A118)+1,LEN(A118))) | O118: =TRIM(MID(SUBSTITUTE(A118,"_",REPT(" ",LEN(A118))),(3-1)*LEN(A118)+1,LEN(A118))) | P118: =TRIM(MID(SUBSTITUTE(A118,"_",REPT(" ",LEN(A118))),(4-1)*LEN(A118)+1,LEN(A118))) | Q118: =TRIM(MID(SUBSTITUTE(A118,"_",REPT(" ",LEN(A118))),(5-1)*LEN(A118)+1,LEN(A118))) | R118: =TRIM(MID(SUBSTITUTE(A118,"_",REPT(" ",LEN(A118))),(6-1)*LEN(A118)+1,LEN(A118))) | S118: =TRIM(MID(SUBSTITUTE(A118,"_",REPT(" ",LEN(A118))),(7-1)*LEN(A118)+1,LEN(A118))) | T118: =TRIM(MID(SUBSTITUTE(A118,"_",REPT(" ",LEN(A118))),(8-1)*LEN(A118)+1,LEN(A118))) | U118: =TRIM(MID(SUBSTITUTE(A118,"_",REPT(" ",LEN(A118))),(9-1)*LEN(A118)+1,LEN(A118))) | V118: =TRIM(MID(SUBSTITUTE(A118,"_",REPT(" ",LEN(A118))),(10-1)*LEN(A118)+1,LEN(A118))) | W118: =TRIM(MID(SUBSTITUTE(A118,"_",REPT(" ",LEN(A118))),(11-1)*LEN(A118)+1,LEN(A118))) | X118: =TRIM(MID(SUBSTITUTE(A118,"_",REPT(" ",LEN(A118))),(12-1)*LEN(A118)+1,LEN(A118)))
B119: =IF(AND(D119="YES",I119="YES",E119="YES",F119="YES",G119="YES",H119="Yes"),"YES","NO") -> NO | C119: =IFERROR(VLOOKUP(M119,Lookups!$A$3:$B$87,2,FALSE),"NO") -> NO | D119: =IFERROR(VLOOKUP(N119,Lookups!$D$2:$E$211,2,FALSE),"NO") -> NO | E119: =IFERROR(VLOOKUP(P119,Lookups!$I$3:$J$8,2,FALSE),"NO") -> NO | F119: =IFERROR(VLOOKUP(Q119,Lookups!$L$3:$M$7,2,FALSE),"NO") -> NO | G119: =IFERROR(VLOOKUP(R119,Lookups!$O$3:$P$21,2,FALSE),"NO") -> NO | H119: =IFERROR(VLOOKUP(S119,Lookups!$S$3:$T$6,2,FALSE),"NO") -> NO | I119: =IFERROR(VLOOKUP(T119,Lookups!$V$3:$W$15,2,FALSE),"NO") -> NO | J119: =IFERROR(VLOOKUP(U119,Lookups!$Z$3:$AA$9,2,FALSE),"NO") -> NO | K119: =IFERROR(VLOOKUP(V119,Lookups!$AC$3:$AD$12,2,FALSE),"NO") -> NO | L119: =IFERROR(VLOOKUP(W119,Lookups!$AH$3:$AI$74,2,FALSE),"NO") -> NO | M119: =TRIM(MID(SUBSTITUTE(A119,"_",REPT(" ",LEN(A119))),(1-1)*LEN(A119)+1,LEN(A119))) | N119: =TRIM(MID(SUBSTITUTE(A119,"_",REPT(" ",LEN(A119))),(2-1)*LEN(A119)+1,LEN(A119))) | O119: =TRIM(MID(SUBSTITUTE(A119,"_",REPT(" ",LEN(A119))),(3-1)*LEN(A119)+1,LEN(A119))) | P119: =TRIM(MID(SUBSTITUTE(A119,"_",REPT(" ",LEN(A119))),(4-1)*LEN(A119)+1,LEN(A119))) | Q119: =TRIM(MID(SUBSTITUTE(A119,"_",REPT(" ",LEN(A119))),(5-1)*LEN(A119)+1,LEN(A119))) | R119: =TRIM(MID(SUBSTITUTE(A119,"_",REPT(" ",LEN(A119))),(6-1)*LEN(A119)+1,LEN(A119))) | S119: =TRIM(MID(SUBSTITUTE(A119,"_",REPT(" ",LEN(A119))),(7-1)*LEN(A119)+1,LEN(A119))) | T119: =TRIM(MID(SUBSTITUTE(A119,"_",REPT(" ",LEN(A119))),(8-1)*LEN(A119)+1,LEN(A119))) | U119: =TRIM(MID(SUBSTITUTE(A119,"_",REPT(" ",LEN(A119))),(9-1)*LEN(A119)+1,LEN(A119))) | V119: =TRIM(MID(SUBSTITUTE(A119,"_",REPT(" ",LEN(A119))),(10-1)*LEN(A119)+1,LEN(A119))) | W119: =TRIM(MID(SUBSTITUTE(A119,"_",REPT(" ",LEN(A119))),(11-1)*LEN(A119)+1,LEN(A119))) | X119: =TRIM(MID(SUBSTITUTE(A119,"_",REPT(" ",LEN(A119))),(12-1)*LEN(A119)+1,LEN(A119)))
B120: =IF(AND(D120="YES",I120="YES",E120="YES",F120="YES",G120="YES",H120="Yes"),"YES","NO") -> NO | C120: =IFERROR(VLOOKUP(M120,Lookups!$A$3:$B$87,2,FALSE),"NO") -> NO | D120: =IFERROR(VLOOKUP(N120,Lookups!$D$2:$E$211,2,FALSE),"NO") -> NO | E120: =IFERROR(VLOOKUP(P120,Lookups!$I$3:$J$8,2,FALSE),"NO") -> NO | F120: =IFERROR(VLOOKUP(Q120,Lookups!$L$3:$M$7,2,FALSE),"NO") -> NO | G120: =IFERROR(VLOOKUP(R120,Lookups!$O$3:$P$21,2,FALSE),"NO") -> NO | H120: =IFERROR(VLOOKUP(S120,Lookups!$S$3:$T$6,2,FALSE),"NO") -> NO | I120: =IFERROR(VLOOKUP(T120,Lookups!$V$3:$W$15,2,FALSE),"NO") -> NO | J120: =IFERROR(VLOOKUP(U120,Lookups!$Z$3:$AA$9,2,FALSE),"NO") -> NO | K120: =IFERROR(VLOOKUP(V120,Lookups!$AC$3:$AD$12,2,FALSE),"NO") -> NO | L120: =IFERROR(VLOOKUP(W120,Lookups!$AH$3:$AI$74,2,FALSE),"NO") -> NO | M120: =TRIM(MID(SUBSTITUTE(A120,"_",REPT(" ",LEN(A120))),(1-1)*LEN(A120)+1,LEN(A120))) | N120: =TRIM(MID(SUBSTITUTE(A120,"_",REPT(" ",LEN(A120))),(2-1)*LEN(A120)+1,LEN(A120))) | O120: =TRIM(MID(SUBSTITUTE(A120,"_",REPT(" ",LEN(A120))),(3-1)*LEN(A120)+1,LEN(A120))) | P120: =TRIM(MID(SUBSTITUTE(A120,"_",REPT(" ",LEN(A120))),(4-1)*LEN(A120)+1,LEN(A120))) | Q120: =TRIM(MID(SUBSTITUTE(A120,"_",REPT(" ",LEN(A120))),(5-1)*LEN(A120)+1,LEN(A120))) | R120: =TRIM(MID(SUBSTITUTE(A120,"_",REPT(" ",LEN(A120))),(6-1)*LEN(A120)+1,LEN(A120))) | S120: =TRIM(MID(SUBSTITUTE(A120,"_",REPT(" ",LEN(A120))),(7-1)*LEN(A120)+1,LEN(A120))) | T120: =TRIM(MID(SUBSTITUTE(A120,"_",REPT(" ",LEN(A120))),(8-1)*LEN(A120)+1,LEN(A120))) | U120: =TRIM(MID(SUBSTITUTE(A120,"_",REPT(" ",LEN(A120))),(9-1)*LEN(A120)+1,LEN(A120))) | V120: =TRIM(MID(SUBSTITUTE(A120,"_",REPT(" ",LEN(A120))),(10-1)*LEN(A120)+1,LEN(A120))) | W120: =TRIM(MID(SUBSTITUTE(A120,"_",REPT(" ",LEN(A120))),(11-1)*LEN(A120)+1,LEN(A120))) | X120: =TRIM(MID(SUBSTITUTE(A120,"_",REPT(" ",LEN(A120))),(12-1)*LEN(A120)+1,LEN(A120)))
B121: =IF(AND(D121="YES",I121="YES",E121="YES",F121="YES",G121="YES",H121="Yes"),"YES","NO") -> NO | C121: =IFERROR(VLOOKUP(M121,Lookups!$A$3:$B$87,2,FALSE),"NO") -> NO | D121: =IFERROR(VLOOKUP(N121,Lookups!$D$2:$E$211,2,FALSE),"NO") -> NO | E121: =IFERROR(VLOOKUP(P121,Lookups!$I$3:$J$8,2,FALSE),"NO") -> NO | F121: =IFERROR(VLOOKUP(Q121,Lookups!$L$3:$M$7,2,FALSE),"NO") -> NO | G121: =IFERROR(VLOOKUP(R121,Lookups!$O$3:$P$21,2,FALSE),"NO") -> NO | H121: =IFERROR(VLOOKUP(S121,Lookups!$S$3:$T$6,2,FALSE),"NO") -> NO | I121: =IFERROR(VLOOKUP(T121,Lookups!$V$3:$W$15,2,FALSE),"NO") -> NO | J121: =IFERROR(VLOOKUP(U121,Lookups!$Z$3:$AA$9,2,FALSE),"NO") -> NO | K121: =IFERROR(VLOOKUP(V121,Lookups!$AC$3:$AD$12,2,FALSE),"NO") -> NO | L121: =IFERROR(VLOOKUP(W121,Lookups!$AH$3:$AI$74,2,FALSE),"NO") -> NO | M121: =TRIM(MID(SUBSTITUTE(A121,"_",REPT(" ",LEN(A121))),(1-1)*LEN(A121)+1,LEN(A121))) | N121: =TRIM(MID(SUBSTITUTE(A121,"_",REPT(" ",LEN(A121))),(2-1)*LEN(A121)+1,LEN(A121))) | O121: =TRIM(MID(SUBSTITUTE(A121,"_",REPT(" ",LEN(A121))),(3-1)*LEN(A121)+1,LEN(A121))) | P121: =TRIM(MID(SUBSTITUTE(A121,"_",REPT(" ",LEN(A121))),(4-1)*LEN(A121)+1,LEN(A121))) | Q121: =TRIM(MID(SUBSTITUTE(A121,"_",REPT(" ",LEN(A121))),(5-1)*LEN(A121)+1,LEN(A121))) | R121: =TRIM(MID(SUBSTITUTE(A121,"_",REPT(" ",LEN(A121))),(6-1)*LEN(A121)+1,LEN(A121))) | S121: =TRIM(MID(SUBSTITUTE(A121,"_",REPT(" ",LEN(A121))),(7-1)*LEN(A121)+1,LEN(A121))) | T121: =TRIM(MID(SUBSTITUTE(A121,"_",REPT(" ",LEN(A121))),(8-1)*LEN(A121)+1,LEN(A121))) | U121: =TRIM(MID(SUBSTITUTE(A121,"_",REPT(" ",LEN(A121))),(9-1)*LEN(A121)+1,LEN(A121))) | V121: =TRIM(MID(SUBSTITUTE(A121,"_",REPT(" ",LEN(A121))),(10-1)*LEN(A121)+1,LEN(A121))) | W121: =TRIM(MID(SUBSTITUTE(A121,"_",REPT(" ",LEN(A121))),(11-1)*LEN(A121)+1,LEN(A121))) | X121: =TRIM(MID(SUBSTITUTE(A121,"_",REPT(" ",LEN(A121))),(12-1)*LEN(A121)+1,LEN(A121)))
B122: =IF(AND(D122="YES",I122="YES",E122="YES",F122="YES",G122="YES",H122="Yes"),"YES","NO") -> NO | C122: =IFERROR(VLOOKUP(M122,Lookups!$A$3:$B$87,2,FALSE),"NO") -> NO | D122: =IFERROR(VLOOKUP(N122,Lookups!$D$2:$E$211,2,FALSE),"NO") -> NO | E122: =IFERROR(VLOOKUP(P122,Lookups!$I$3:$J$8,2,FALSE),"NO") -> NO | F122: =IFERROR(VLOOKUP(Q122,Lookups!$L$3:$M$7,2,FALSE),"NO") -> NO | G122: =IFERROR(VLOOKUP(R122,Lookups!$O$3:$P$21,2,FALSE),"NO") -> NO | H122: =IFERROR(VLOOKUP(S122,Lookups!$S$3:$T$6,2,FALSE),"NO") -> NO | I122: =IFERROR(VLOOKUP(T122,Lookups!$V$3:$W$15,2,FALSE),"NO") -> NO | J122: =IFERROR(VLOOKUP(U122,Lookups!$Z$3:$AA$9,2,FALSE),"NO") -> NO | K122: =IFERROR(VLOOKUP(V122,Lookups!$AC$3:$AD$12,2,FALSE),"NO") -> NO | L122: =IFERROR(VLOOKUP(W122,Lookups!$AH$3:$AI$74,2,FALSE),"NO") -> NO | M122: =TRIM(MID(SUBSTITUTE(A122,"_",REPT(" ",LEN(A122))),(1-1)*LEN(A122)+1,LEN(A122))) | N122: =TRIM(MID(SUBSTITUTE(A122,"_",REPT(" ",LEN(A122))),(2-1)*LEN(A122)+1,LEN(A122))) | O122: =TRIM(MID(SUBSTITUTE(A122,"_",REPT(" ",LEN(A122))),(3-1)*LEN(A122)+1,LEN(A122))) | P122: =TRIM(MID(SUBSTITUTE(A122,"_",REPT(" ",LEN(A122))),(4-1)*LEN(A122)+1,LEN(A122))) | Q122: =TRIM(MID(SUBSTITUTE(A122,"_",REPT(" ",LEN(A122))),(5-1)*LEN(A122)+1,LEN(A122))) | R122: =TRIM(MID(SUBSTITUTE(A122,"_",REPT(" ",LEN(A122))),(6-1)*LEN(A122)+1,LEN(A122))) | S122: =TRIM(MID(SUBSTITUTE(A122,"_",REPT(" ",LEN(A122))),(7-1)*LEN(A122)+1,LEN(A122))) | T122: =TRIM(MID(SUBSTITUTE(A122,"_",REPT(" ",LEN(A122))),(8-1)*LEN(A122)+1,LEN(A122))) | U122: =TRIM(MID(SUBSTITUTE(A122,"_",REPT(" ",LEN(A122))),(9-1)*LEN(A122)+1,LEN(A122))) | V122: =TRIM(MID(SUBSTITUTE(A122,"_",REPT(" ",LEN(A122))),(10-1)*LEN(A122)+1,LEN(A122))) | W122: =TRIM(MID(SUBSTITUTE(A122,"_",REPT(" ",LEN(A122))),(11-1)*LEN(A122)+1,LEN(A122))) | X122: =TRIM(MID(SUBSTITUTE(A122,"_",REPT(" ",LEN(A122))),(12-1)*LEN(A122)+1,LEN(A122)))
B123: =IF(AND(D123="YES",I123="YES",E123="YES",F123="YES",G123="YES",H123="Yes"),"YES","NO") -> NO | C123: =IFERROR(VLOOKUP(M123,Lookups!$A$3:$B$87,2,FALSE),"NO") -> NO | D123: =IFERROR(VLOOKUP(N123,Lookups!$D$2:$E$211,2,FALSE),"NO") -> NO | E123: =IFERROR(VLOOKUP(P123,Lookups!$I$3:$J$8,2,FALSE),"NO") -> NO | F123: =IFERROR(VLOOKUP(Q123,Lookups!$L$3:$M$7,2,FALSE),"NO") -> NO | G123: =IFERROR(VLOOKUP(R123,Lookups!$O$3:$P$21,2,FALSE),"NO") -> NO | H123: =IFERROR(VLOOKUP(S123,Lookups!$S$3:$T$6,2,FALSE),"NO") -> NO | I123: =IFERROR(VLOOKUP(T123,Lookups!$V$3:$W$15,2,FALSE),"NO") -> NO | J123: =IFERROR(VLOOKUP(U123,Lookups!$Z$3:$AA$9,2,FALSE),"NO") -> NO | K123: =IFERROR(VLOOKUP(V123,Lookups!$AC$3:$AD$12,2,FALSE),"NO") -> NO | L123: =IFERROR(VLOOKUP(W123,Lookups!$AH$3:$AI$74,2,FALSE),"NO") -> NO | M123: =TRIM(MID(SUBSTITUTE(A123,"_",REPT(" ",LEN(A123))),(1-1)*LEN(A123)+1,LEN(A123))) | N123: =TRIM(MID(SUBSTITUTE(A123,"_",REPT(" ",LEN(A123))),(2-1)*LEN(A123)+1,LEN(A123))) | O123: =TRIM(MID(SUBSTITUTE(A123,"_",REPT(" ",LEN(A123))),(3-1)*LEN(A123)+1,LEN(A123))) | P123: =TRIM(MID(SUBSTITUTE(A123,"_",REPT(" ",LEN(A123))),(4-1)*LEN(A123)+1,LEN(A123))) | Q123: =TRIM(MID(SUBSTITUTE(A123,"_",REPT(" ",LEN(A123))),(5-1)*LEN(A123)+1,LEN(A123))) | R123: =TRIM(MID(SUBSTITUTE(A123,"_",REPT(" ",LEN(A123))),(6-1)*LEN(A123)+1,LEN(A123))) | S123: =TRIM(MID(SUBSTITUTE(A123,"_",REPT(" ",LEN(A123))),(7-1)*LEN(A123)+1,LEN(A123))) | T123: =TRIM(MID(SUBSTITUTE(A123,"_",REPT(" ",LEN(A123))),(8-1)*LEN(A123)+1,LEN(A123))) | U123: =TRIM(MID(SUBSTITUTE(A123,"_",REPT(" ",LEN(A123))),(9-1)*LEN(A123)+1,LEN(A123))) | V123: =TRIM(MID(SUBSTITUTE(A123,"_",REPT(" ",LEN(A123))),(10-1)*LEN(A123)+1,LEN(A123))) | W123: =TRIM(MID(SUBSTITUTE(A123,"_",REPT(" ",LEN(A123))),(11-1)*LEN(A123)+1,LEN(A123))) | X123: =TRIM(MID(SUBSTITUTE(A123,"_",REPT(" ",LEN(A123))),(12-1)*LEN(A123)+1,LEN(A123)))
B124: =IF(AND(D124="YES",I124="YES",E124="YES",F124="YES",G124="YES",H124="Yes"),"YES","NO") -> NO | C124: =IFERROR(VLOOKUP(M124,Lookups!$A$3:$B$87,2,FALSE),"NO") -> NO | D124: =IFERROR(VLOOKUP(N124,Lookups!$D$2:$E$211,2,FALSE),"NO") -> NO | E124: =IFERROR(VLOOKUP(P124,Lookups!$I$3:$J$8,2,FALSE),"NO") -> NO | F124: =IFERROR(VLOOKUP(Q124,Lookups!$L$3:$M$7,2,FALSE),"NO") -> NO | G124: =IFERROR(VLOOKUP(R124,Lookups!$O$3:$P$21,2,FALSE),"NO") -> NO | H124: =IFERROR(VLOOKUP(S124,Lookups!$S$3:$T$6,2,FALSE),"NO") -> NO | I124: =IFERROR(VLOOKUP(T124,Lookups!$V$3:$W$15,2,FALSE),"NO") -> NO | J124: =IFERROR(VLOOKUP(U124,Lookups!$Z$3:$AA$9,2,FALSE),"NO") -> NO | K124: =IFERROR(VLOOKUP(V124,Lookups!$AC$3:$AD$12,2,FALSE),"NO") -> NO | L124: =IFERROR(VLOOKUP(W124,Lookups!$AH$3:$AI$74,2,FALSE),"NO") -> NO | M124: =TRIM(MID(SUBSTITUTE(A124,"_",REPT(" ",LEN(A124))),(1-1)*LEN(A124)+1,LEN(A124))) | N124: =TRIM(MID(SUBSTITUTE(A124,"_",REPT(" ",LEN(A124))),(2-1)*LEN(A124)+1,LEN(A124))) | O124: =TRIM(MID(SUBSTITUTE(A124,"_",REPT(" ",LEN(A124))),(3-1)*LEN(A124)+1,LEN(A124))) | P124: =TRIM(MID(SUBSTITUTE(A124,"_",REPT(" ",LEN(A124))),(4-1)*LEN(A124)+1,LEN(A124))) | Q124: =TRIM(MID(SUBSTITUTE(A124,"_",REPT(" ",LEN(A124))),(5-1)*LEN(A124)+1,LEN(A124))) | R124: =TRIM(MID(SUBSTITUTE(A124,"_",REPT(" ",LEN(A124))),(6-1)*LEN(A124)+1,LEN(A124))) | S124: =TRIM(MID(SUBSTITUTE(A124,"_",REPT(" ",LEN(A124))),(7-1)*LEN(A124)+1,LEN(A124))) | T124: =TRIM(MID(SUBSTITUTE(A124,"_",REPT(" ",LEN(A124))),(8-1)*LEN(A124)+1,LEN(A124))) | U124: =TRIM(MID(SUBSTITUTE(A124,"_",REPT(" ",LEN(A124))),(9-1)*LEN(A124)+1,LEN(A124))) | V124: =TRIM(MID(SUBSTITUTE(A124,"_",REPT(" ",LEN(A124))),(10-1)*LEN(A124)+1,LEN(A124))) | W124: =TRIM(MID(SUBSTITUTE(A124,"_",REPT(" ",LEN(A124))),(11-1)*LEN(A124)+1,LEN(A124))) | X124: =TRIM(MID(SUBSTITUTE(A124,"_",REPT(" ",LEN(A124))),(12-1)*LEN(A124)+1,LEN(A124)))
B125: =IF(AND(D125="YES",I125="YES",E125="YES",F125="YES",G125="YES",H125="Yes"),"YES","NO") -> NO | C125: =IFERROR(VLOOKUP(M125,Lookups!$A$3:$B$87,2,FALSE),"NO") -> NO | D125: =IFERROR(VLOOKUP(N125,Lookups!$D$2:$E$211,2,FALSE),"NO") -> NO | E125: =IFERROR(VLOOKUP(P125,Lookups!$I$3:$J$8,2,FALSE),"NO") -> NO | F125: =IFERROR(VLOOKUP(Q125,Lookups!$L$3:$M$7,2,FALSE),"NO") -> NO | G125: =IFERROR(VLOOKUP(R125,Lookups!$O$3:$P$21,2,FALSE),"NO") -> NO | H125: =IFERROR(VLOOKUP(S125,Lookups!$S$3:$T$6,2,FALSE),"NO") -> NO | I125: =IFERROR(VLOOKUP(T125,Lookups!$V$3:$W$15,2,FALSE),"NO") -> NO | J125: =IFERROR(VLOOKUP(U125,Lookups!$Z$3:$AA$9,2,FALSE),"NO") -> NO | K125: =IFERROR(VLOOKUP(V125,Lookups!$AC$3:$AD$12,2,FALSE),"NO") -> NO | L125: =IFERROR(VLOOKUP(W125,Lookups!$AH$3:$AI$74,2,FALSE),"NO") -> NO | M125: =TRIM(MID(SUBSTITUTE(A125,"_",REPT(" ",LEN(A125))),(1-1)*LEN(A125)+1,LEN(A125))) | N125: =TRIM(MID(SUBSTITUTE(A125,"_",REPT(" ",LEN(A125))),(2-1)*LEN(A125)+1,LEN(A125))) | O125: =TRIM(MID(SUBSTITUTE(A125,"_",REPT(" ",LEN(A125))),(3-1)*LEN(A125)+1,LEN(A125))) | P125: =TRIM(MID(SUBSTITUTE(A125,"_",REPT(" ",LEN(A125))),(4-1)*LEN(A125)+1,LEN(A125))) | Q125: =TRIM(MID(SUBSTITUTE(A125,"_",REPT(" ",LEN(A125))),(5-1)*LEN(A125)+1,LEN(A125))) | R125: =TRIM(MID(SUBSTITUTE(A125,"_",REPT(" ",LEN(A125))),(6-1)*LEN(A125)+1,LEN(A125))) | S125: =TRIM(MID(SUBSTITUTE(A125,"_",REPT(" ",LEN(A125))),(7-1)*LEN(A125)+1,LEN(A125))) | T125: =TRIM(MID(SUBSTITUTE(A125,"_",REPT(" ",LEN(A125))),(8-1)*LEN(A125)+1,LEN(A125))) | U125: =TRIM(MID(SUBSTITUTE(A125,"_",REPT(" ",LEN(A125))),(9-1)*LEN(A125)+1,LEN(A125))) | V125: =TRIM(MID(SUBSTITUTE(A125,"_",REPT(" ",LEN(A125))),(10-1)*LEN(A125)+1,LEN(A125))) | W125: =TRIM(MID(SUBSTITUTE(A125,"_",REPT(" ",LEN(A125))),(11-1)*LEN(A125)+1,LEN(A125))) | X125: =TRIM(MID(SUBSTITUTE(A125,"_",REPT(" ",LEN(A125))),(12-1)*LEN(A125)+1,LEN(A125)))
... B4688: =IF(AND(D4688="YES",I4688="YES",E4688="YES",F4688="YES",G4688="YES",H4688="Yes"),"YES","NO") -> NO | C4688: =IFERROR(VLOOKUP(M4688,Lookups!$A$3:$B$87,2,FALSE),"NO") -> NO | D4688: =IFERROR(VLOOKUP(N4688,Lookups!$D$2:$E$211,2,FALSE),"NO") -> NO | E4688: =IFERROR(VLOOKUP(P4688,Lookups!$I$3:$J$8,2,FALSE),"NO") -> NO | F4688: =IFERROR(VLOOKUP(Q4688,Lookups!$L$3:$M$7,2,FALSE),"NO") -> NO | G4688: =IFERROR(VLOOKUP(R4688,Lookups!$O$3:$P$21,2,FALSE),"NO") -> NO | H4688: =IFERROR(VLOOKUP(S4688,Lookups!$S$3:$T$6,2,FALSE),"NO") -> NO | I4688: =IFERROR(VLOOKUP(T4688,Lookups!$V$3:$W$15,2,FALSE),"NO") -> NO | J4688: =IFERROR(VLOOKUP(U4688,Lookups!$Z$3:$AA$9,2,FALSE),"NO") -> NO | K4688: =IFERROR(VLOOKUP(V4688,Lookups!$AC$3:$AD$12,2,FALSE),"NO") -> NO | L4688: =IFERROR(VLOOKUP(W4688,Lookups!$AH$3:$AI$74,2,FALSE),"NO") -> NO | M4688: =TRIM(MID(SUBSTITUTE(A4688,"_",REPT(" ",LEN(A4688))),(1-1)*LEN(A4688)+1,LEN(A4688))) | N4688: =TRIM(MID(SUBSTITUTE(A4688,"_",REPT(" ",LEN(A4688))),(2-1)*LEN(A4688)+1,LEN(A4688))) | O4688: =TRIM(MID(SUBSTITUTE(A4688,"_",REPT(" ",LEN(A4688))),(3-1)*LEN(A4688)+1,LEN(A4688))) | P4688: =TRIM(MID(SUBSTITUTE(A4688,"_",REPT(" ",LEN(A4688))),(4-1)*LEN(A4688)+1,LEN(A4688))) | Q4688: =TRIM(MID(SUBSTITUTE(A4688,"_",REPT(" ",LEN(A4688))),(5-1)*LEN(A4688)+1,LEN(A4688))) | R4688: =TRIM(MID(SUBSTITUTE(A4688,"_",REPT(" ",LEN(A4688))),(6-1)*LEN(A4688)+1,LEN(A4688))) | S4688: =TRIM(MID(SUBSTITUTE(A4688,"_",REPT(" ",LEN(A4688))),(7-1)*LEN(A4688)+1,LEN(A4688))) | T4688: =TRIM(MID(SUBSTITUTE(A4688,"_",REPT(" ",LEN(A4688))),(8-1)*LEN(A4688)+1,LEN(A4688))) | U4688: =TRIM(MID(SUBSTITUTE(A4688,"_",REPT(" ",LEN(A4688))),(9-1)*LEN(A4688)+1,LEN(A4688))) | V4688: =TRIM(MID(SUBSTITUTE(A4688,"_",REPT(" ",LEN(A4688))),(10-1)*LEN(A4688)+1,LEN(A4688))) | W4688: =TRIM(MID(SUBSTITUTE(A4688,"_",REPT(" ",LEN(A4688))),(11-1)*LEN(A4688)+1,LEN(A4688))) | X4688: =TRIM(MID(SUBSTITUTE(A4688,"_",REPT(" ",LEN(A4688))),(12-1)*LEN(A4688)+1,LEN(A4688)))

Sheet Lookups
A1: Sub-Product Validity | D1: Sub-Product Validity | H1: Segment | L1: Region | O1: Portfolio | R1: Business Channel | V1: Media Channel | Y1: Objective | AC1: Addressable Code | AH1: Start and End
A2: Market Code | B2: Yes | D2: Sub-Product | E2: Sub-Product | I2: Segment | J2: Valid | L2: Region | M2: Valid | O2: Portfolio | P2: Valid | S2: Business Channel | T2: Valid | V2: Media Channel | W2: Primary Targeting Segment | Y2: Objective | Z2: Objective | AA2: Valid | AC2: Addressable Code | AD2: Valid | AH2: Start and End | AI2: Valid
A3: AE | B3: Yes | D3: ois | E3: YES | I3: mw | J3: YES | L3: apac | M3: YES | O3: CT | P3: YES | S3: Brand | T3: YES | V3: affiliates | W3: YES | Z3: awareness | AA3: YES | AC3: bid-adr | AD3: Yes | AH3: 0122 | AI3: Yes
A4: AL | B4: Yes | D4: gm5 | E4: YES | I4: pn | J4: YES | L4: eur | M4: YES | O4: DMM | P4: YES | S4: D2C | T4: YES | V4: audio | W4: YES | Z4: views | AA4: YES | AC4: bid-dda | AD4: Yes | AH4: 0222 | AI4: Yes
A5: AR | B5: Yes | D5: adp | E5: YES | I5: rc | J5: YES | L5: latam | M5: YES | O5: CML | P5: YES | S5: DCOM | T5: YES | V5: display | W5: YES | Z5: engagement | AA5: YES | AC5: bid-nadr | AD5: Yes | AH5: 0322 | AI5: Yes
A6: AT | B6: Yes | D6: adv | E6: YES | I6: food | J6: YES | L6: mea | M6: YES | O6: SPH | P6: YES | S6: Sales | T6: YES | V6: ecom | W6: YES | Z6: traffic | AA6: YES | AC6: bid-ibe | AD6: Yes | AH6: 0422 | AI6: Yes
A7: AU | B7: Yes | D7: wav | E7: YES | I7: Kind | J7: YES | L7: na | M7: YES | O7: PH | P7: YES | V7: influencer | W7: YES | Z7: Leads | AA7: YES | AC7: bid-adr-ibe | AD7: Yes | AH7: 0522 | AI7: Yes
A8: AZ | B8: Yes | D8: alr | E8: YES | I8: inc | J8: YES | O8: FSH | P8: YES | V8: olv | W8: YES | Z8: app install | AA8: YES | AC8: dir-adr | AD8: Yes | AH8: 0622 | AI8: Yes
A9: BA | B9: Yes | D9: all | E9: YES | O9: CHO | P9: YES | V9: ooh | W9: YES | Z9: conversions | AA9: YES | AC9: dir-dda | AD9: Yes | AH9: 0722 | AI9: Yes
A10: BE | B10: Yes | D10: anc | E10: YES | O10: CON | P10: YES | V10: other | W10: YES | AC10: dir-nadr | AD10: Yes | AH10: 0822 | AI10: Yes
A11: BG | B11: Yes | D11: alt | E11: YES | O11: GUM | P11: YES | V11: ppc | W11: YES | AC11: dir-ibe | AD11: Yes | AH11: 0922 | AI11: Yes
A12: BH | B12: Yes | D12: amh | E12: YES | O12: ICE | P12: YES | V12: print | W12: YES | AC12: dir-adr-ibe | AD12: Yes | AH12: 1022 | AI12: Yes
A13: BR | B13: Yes | D13: bal | E13: YES | O13: MIN | P13: YES | V13: search | W13: YES | AH13: 1122 | AI13: Yes
A14: BY | B14: Yes | D14: ubn | E14: YES | O14: RTH | P14: YES | V14: social | W14: YES | AH14: 1222 | AI14: Yes
A15: CA | B15: Yes | D15: ubb | E15: YES | O15: MF-HS | P15: YES | V15: tv | W15: YES | AH15: 0123 | AI15: Yes
A16: CH | B16: Yes | D16: ubi | E16: YES | O16: MF-FS | P16: YES | AH16: 0223 | AI16: Yes
A17: CL | B17: Yes | D17: ubh | E17: YES | O17: TB | P17: YES | AH17: 0323 | AI17: Yes
A18: CN | B18: Yes | D18: ubr | E18: YES | O18: TB-FS | P18: YES | AH18: 0423 | AI18: Yes
A19: CO | B19: Yes | D19: ubs | E19: YES | O19: SOC | P19: YES | AH19: 0523 | AI19: Yes
A20: CR | B20: Yes | D20: ubt | E20: YES | O20: DRY | P20: YES | AH20: 0623 | AI20: Yes
A21: CZ | B21: Yes | D21: bag | E21: YES | O21: OTH | P21: YES | AH21: 0723 | AI21: Yes
A22: DE | B22: Yes | D22: bis | E22: YES | AH22: 0823 | AI22: Yes
A23: DK | B23: Yes | D23: bit | E23: YES | AH23: 0923 | AI23: Yes
A24: DO | B24: Yes | D24: bla | E24: YES | AH24: 1023 | AI24: Yes
A25: EC | B25: Yes | D25: bvc | E25: YES | AH25: 1123 | AI25: Yes
A26: EE | B26: Yes | D26: bom | E26: YES | AH26: 1223 | AI26: Yes
A27: EG | B27: Yes | D27: bou | E27: YES | AH27: 0124 | AI27: Yes
A28: ES | B28: Yes | D28: bre | E28: YES | AH28: 0224 | AI28: Yes
A29: FI | B29: Yes | D29: css | E29: YES | AH29: 0324 | AI29: Yes
A30: FR | B30: Yes | D30: cas | E30: YES | AH30: 0424 | AI30: Yes
A31: GB | B31: Yes | D31: caf | E31: YES | AH31: 0524 | AI31: Yes
A32: GE | B32: Yes | D32: cat | E32: YES | AH32: 0624 | AI32: Yes
A33: GR | B33: Yes | D33: cel | E33: YES | AH33: 0724 | AI33: Yes
... A74: SE | B74: Yes | D74: fdp | E74: YES | AH74: 1227 | AI74: Yes
A75: SG | B75: Yes | D75: fre | E75: YES
A76: SI | B76: Yes | D76: fro | E76: YES
A77: SK | B77: Yes | D77: gal | E77: YES
A78: TH | B78: Yes | D78: git | E78: YES
A79: TR | B79: Yes | D79: gbc | E79: YES
A80: TW | B80: Yes | D80: gol | E80: YES
A81: UA | B81: Yes | D81: gks | E81: YES
A82: UG | B82: Yes | D82: grn | E82: YES
A83: US | B83: Yes | D83: grf | E83: YES
A84: VN | B84: Yes | D84: gda | E84: YES
A85: XK | B85: Yes | D85: hoo | E85: YES
A86: YE | B86: Yes | D86: hrs | E86: YES
A87: ZA | B87: Yes | D87: hub | E87: YES
D88: ict | E88: YES
D89: icd | E89: YES
D90: idg | E90: YES
D91: ice | E91: YES
D92: int | E92: YES
D93: iwo | E93: YES
D94: jwb | E94: YES
D95: jew | E95: YES
D96: jft | E96: YES
D97: jfs | E97: YES
D98: jum | E98: YES
D99: kal | E99: YES
... D301: Goldbach | E301: YES
