Workbook

Sheet TRECHOS NACIONAL
B7: Principais Trechos | Google Search | 16/nov/2020 a 22/nov/2020
B9: Trechos mais vendidos | D9: Δ posição | E9: PNRs | F9: Vendas | G9: Ticket Médio
B10: ='Dina NACIONAL'!G5 -> GIG-JPA | C10: 1 | D10: =IFERROR((VLOOKUP(B10,'Dina NACIONAL'!A:E,5,FALSE)-(VLOOKUP(B10,B:C,2,FALSE))),"") -> 11 | E10: ='Dina NACIONAL'!H5 -> 116 | F10: ='Dina NACIONAL'!I5 -> 82331.6 | G10: ='Dina NACIONAL'!J5 -> 709.75517 | I10: =#REF! -> #REF!
B11: ='Dina NACIONAL'!G6 -> SSA-CGH | C11: 2 | D11: =IFERROR((VLOOKUP(B11,'Dina NACIONAL'!A:E,5,FALSE)-(VLOOKUP(B11,B:C,2,FALSE))),"") -> 11 | E11: ='Dina NACIONAL'!H6 -> 115 | F11: ='Dina NACIONAL'!I6 -> 76013.68 | G11: ='Dina NACIONAL'!J6 -> 660.98852 | I11: =#REF! -> #REF!
B12: ='Dina NACIONAL'!G7 -> CGH-SSA | C12: 3 | D12: =IFERROR((VLOOKUP(B12,'Dina NACIONAL'!A:E,5,FALSE)-(VLOOKUP(B12,B:C,2,FALSE))),"") -> 5 | E12: ='Dina NACIONAL'!H7 -> 109 | F12: ='Dina NACIONAL'!I7 -> 75531.57 | G12: ='Dina NACIONAL'!J7 -> 692.95018 | I12: =#REF! -> #REF!
B13: ='Dina NACIONAL'!G8 -> GRU-SSA | C13: 4 | D13: =IFERROR((VLOOKUP(B13,'Dina NACIONAL'!A:E,5,FALSE)-(VLOOKUP(B13,B:C,2,FALSE))),"") -> 2 | E13: ='Dina NACIONAL'!H8 -> 132 | F13: ='Dina NACIONAL'!I8 -> 72718.98 | G13: ='Dina NACIONAL'!J8 -> 550.90136 | I13: =#REF! -> #REF!
B14: ='Dina NACIONAL'!G9 -> JPA-GIG | C14: 5 | D14: =IFERROR((VLOOKUP(B14,'Dina NACIONAL'!A:E,5,FALSE)-(VLOOKUP(B14,B:C,2,FALSE))),"") -> 15 | E14: ='Dina NACIONAL'!H9 -> 105 | F14: ='Dina NACIONAL'!I9 -> 66425.98 | G14: ='Dina NACIONAL'!J9 -> 632.62838 | I14: =#REF! -> #REF!
B15: ='Dina NACIONAL'!G10 -> GIG-FOR | C15: 6 | D15: =IFERROR((VLOOKUP(B15,'Dina NACIONAL'!A:E,5,FALSE)-(VLOOKUP(B15,B:C,2,FALSE))),"") -> -5 | E15: ='Dina NACIONAL'!H10 -> 78 | F15: ='Dina NACIONAL'!I10 -> 63716.35 | G15: ='Dina NACIONAL'!J10 -> 816.87628 | I15: =#REF! -> #REF!
B16: ='Dina NACIONAL'!G11 -> CGH-SDU | C16: 7 | D16: =IFERROR((VLOOKUP(B16,'Dina NACIONAL'!A:E,5,FALSE)-(VLOOKUP(B16,B:C,2,FALSE))),"") -> -3 | E16: ='Dina NACIONAL'!H11 -> 189 | F16: ='Dina NACIONAL'!I11 -> 62308.49 | G16: ='Dina NACIONAL'!J11 -> 329.67455 | I16: =#REF! -> #REF!
B17: ='Dina NACIONAL'!G12 -> FOR-GRU | C17: 8 | D17: =IFERROR((VLOOKUP(B17,'Dina NACIONAL'!A:E,5,FALSE)-(VLOOKUP(B17,B:C,2,FALSE))),"") -> 3 | E17: ='Dina NACIONAL'!H12 -> 50 | F17: ='Dina NACIONAL'!I12 -> 61970.57 | G17: ='Dina NACIONAL'!J12 -> 1239.4114 | I17: =#REF! -> #REF!
B18: ='Dina NACIONAL'!G13 -> SSA-GRU | C18: 9 | D18: =IFERROR((VLOOKUP(B18,'Dina NACIONAL'!A:E,5,FALSE)-(VLOOKUP(B18,B:C,2,FALSE))),"") -> 1 | E18: ='Dina NACIONAL'!H13 -> 113 | F18: ='Dina NACIONAL'!I13 -> 59594.99 | G18: ='Dina NACIONAL'!J13 -> 527.38929 | I18: =#REF! -> #REF!
B19: ='Dina NACIONAL'!G14 -> CGH-FOR | C19: 10 | D19: =IFERROR((VLOOKUP(B19,'Dina NACIONAL'!A:E,5,FALSE)-(VLOOKUP(B19,B:C,2,FALSE))),"") -> 4 | E19: ='Dina NACIONAL'!H14 -> 73 | F19: ='Dina NACIONAL'!I14 -> 55921.67 | G19: ='Dina NACIONAL'!J14 -> 766.05027 | I19: =#REF! -> #REF!
B20: ='Dina NACIONAL'!G15 -> FOR-GIG | C20: 11 | D20: =IFERROR((VLOOKUP(B20,'Dina NACIONAL'!A:E,5,FALSE)-(VLOOKUP(B20,B:C,2,FALSE))),"") -> -9 | E20: ='Dina NACIONAL'!H15 -> 71 | F20: ='Dina NACIONAL'!I15 -> 52619.89 | G20: ='Dina NACIONAL'!J15 -> 741.12521 | I20: =#REF! -> #REF!
B21: ='Dina NACIONAL'!G16 -> SDU-CGH | C21: 12 | D21: =IFERROR((VLOOKUP(B21,'Dina NACIONAL'!A:E,5,FALSE)-(VLOOKUP(B21,B:C,2,FALSE))),"") -> -7 | E21: ='Dina NACIONAL'!H16 -> 177 | F21: ='Dina NACIONAL'!I16 -> 52332.11 | G21: ='Dina NACIONAL'!J16 -> 295.66164 | I21: =#REF! -> #REF!
... B39: ='Dina NACIONAL'!G34 -> JPA-BSB | C39: 30 | D39: =IFERROR((VLOOKUP(B39,'Dina NACIONAL'!A:E,5,FALSE)-(VLOOKUP(B39,B:C,2,FALSE))),"") -> 162 | E39: ='Dina NACIONAL'!H34 -> 43 | F39: ='Dina NACIONAL'!I34 -> 36094.18 | G39: ='Dina NACIONAL'!J34 -> 839.39953 | I39: =#REF! -> #REF!
B41: *O comparativo de variação é com base nos resultados da semana anterior

Sheet TRECHOS INTERNACIONAL
B7: ='TRECHOS NACIONAL'!B7 -> Principais Trechos | Google Search | 16/nov/2020 a 22/nov/2020
B9: Trechos mais vendidos | D9: Δ posição | E9: PNRs | F9: Vendas | G9: Ticket Médio
B10: ='Dina INTER'!G5 -> SCL-GRU | C10: 1 | D10: =IFERROR((VLOOKUP(B10,'Dina INTER'!A:E,5,FALSE)-(VLOOKUP(B10,B:C,2,FALSE))),"") -> 12 | E10: ='Dina INTER'!H5 -> 4 | F10: ='Dina INTER'!I5 -> 5453.5 | G10: ='Dina INTER'!J5 -> 1363.375 | I10: =#REF! -> #REF!
B11: ='Dina INTER'!G6 -> GRU-SCL | C11: 2 | D11: =IFERROR((VLOOKUP(B11,'Dina INTER'!A:E,5,FALSE)-(VLOOKUP(B11,B:C,2,FALSE))),"") -> 15 | E11: ='Dina INTER'!H6 -> 3 | F11: ='Dina INTER'!I6 -> 4866.22 | G11: ='Dina INTER'!J6 -> 1622.0733 | I11: =#REF! -> #REF!
B12: ='Dina INTER'!G7 -> BSB-MCZ | C12: 3 | D12: =IFERROR((VLOOKUP(B12,'Dina INTER'!A:E,5,FALSE)-(VLOOKUP(B12,B:C,2,FALSE))),"") -> 712 | E12: ='Dina INTER'!H7 -> 3 | F12: ='Dina INTER'!I7 -> 3764.92 | G12: ='Dina INTER'!J7 -> 1254.9733 | I12: =#REF! -> #REF!
B13: ='Dina INTER'!G8 -> MCO-CGH | C13: 4 | D13: =IFERROR((VLOOKUP(B13,'Dina INTER'!A:E,5,FALSE)-(VLOOKUP(B13,B:C,2,FALSE))),"") | E13: ='Dina INTER'!H8 -> 1 | F13: ='Dina INTER'!I8 -> 3530.58 | G13: ='Dina INTER'!J8 -> 3530.58 | I13: =#REF! -> #REF!
B14: ='Dina INTER'!G9 -> CGH-MCO | C14: 5 | D14: =IFERROR((VLOOKUP(B14,'Dina INTER'!A:E,5,FALSE)-(VLOOKUP(B14,B:C,2,FALSE))),"") | E14: ='Dina INTER'!H9 -> 1 | F14: ='Dina INTER'!I9 -> 3530.58 | G14: ='Dina INTER'!J9 -> 3530.58 | I14: =#REF! -> #REF!
B15: ='Dina INTER'!G10 -> SCL-CNF | C15: 6 | D15: =IFERROR((VLOOKUP(B15,'Dina INTER'!A:E,5,FALSE)-(VLOOKUP(B15,B:C,2,FALSE))),"") | E15: ='Dina INTER'!H10 -> 1 | F15: ='Dina INTER'!I10 -> 2558.16 | G15: ='Dina INTER'!J10 -> 2558.16 | I15: =#REF! -> #REF!
B16: ='Dina INTER'!G11 -> CNF-SCL | C16: 7 | D16: =IFERROR((VLOOKUP(B16,'Dina INTER'!A:E,5,FALSE)-(VLOOKUP(B16,B:C,2,FALSE))),"") | E16: ='Dina INTER'!H11 -> 1 | F16: ='Dina INTER'!I11 -> 2558.16 | G16: ='Dina INTER'!J11 -> 2558.16 | I16: =#REF! -> #REF!
B17: ='Dina INTER'!G12 -> MCZ-BSB | C17: 8 | D17: =IFERROR((VLOOKUP(B17,'Dina INTER'!A:E,5,FALSE)-(VLOOKUP(B17,B:C,2,FALSE))),"") -> 1226 | E17: ='Dina INTER'!H12 -> 3 | F17: ='Dina INTER'!I12 -> 2223.9 | G17: ='Dina INTER'!J12 -> 741.3 | I17: =#REF! -> #REF!
B18: ='Dina INTER'!G13 -> REC-SCL | C18: 9 | D18: =IFERROR((VLOOKUP(B18,'Dina INTER'!A:E,5,FALSE)-(VLOOKUP(B18,B:C,2,FALSE))),"") -> -5 | E18: ='Dina INTER'!H13 -> 1 | F18: ='Dina INTER'!I13 -> 1578.56 | G18: ='Dina INTER'!J13 -> 1578.56 | I18: =#REF! -> #REF!
B19: ='Dina INTER'!G14 -> SCL-REC | C19: 10 | D19: =IFERROR((VLOOKUP(B19,'Dina INTER'!A:E,5,FALSE)-(VLOOKUP(B19,B:C,2,FALSE))),"") -> -5 | E19: ='Dina INTER'!H14 -> 1 | F19: ='Dina INTER'!I14 -> 1471.9 | G19: ='Dina INTER'!J14 -> 1471.9 | I19: =#REF! -> #REF!
B20: ='Dina INTER'!G15 -> JPA-BVB | C20: 11 | D20: =IFERROR((VLOOKUP(B20,'Dina INTER'!A:E,5,FALSE)-(VLOOKUP(B20,B:C,2,FALSE))),"") | E20: ='Dina INTER'!H15 -> 1 | F20: ='Dina INTER'!I15 -> 1367.9 | G20: ='Dina INTER'!J15 -> 1367.9 | I20: =#REF! -> #REF!
B21: ='Dina INTER'!G16 -> PNZ-EZE | C21: 12 | D21: =IFERROR((VLOOKUP(B21,'Dina INTER'!A:E,5,FALSE)-(VLOOKUP(B21,B:C,2,FALSE))),"") | E21: ='Dina INTER'!H16 -> 2 | F21: ='Dina INTER'!I16 -> 1241.26 | G21: ='Dina INTER'!J16 -> 620.63 | I21: =#REF! -> #REF!
... B39: ='Dina INTER'!G34 -> POA-CWB | C39: 30 | D39: =IFERROR((VLOOKUP(B39,'Dina INTER'!A:E,5,FALSE)-(VLOOKUP(B39,B:C,2,FALSE))),"") -> 1114 | E39: ='Dina INTER'!H34 -> 1 | F39: ='Dina INTER'!I34 -> 64.14 | G39: ='Dina INTER'!J34 -> 64.14 | I39: =#REF! -> #REF!

Sheet Dina NACIONAL
A1: Tipo de Voo | B1: Destinos Nacionais GOL - Site Brasil | G1: Tipo de Voo | H1: Destinos Nacionais GOL - Site Brasil
A2: Período | B2: Anterior | G2: Período | H2: Atual
A4: Rótulos de Linha | B4: Soma de Quantidade | C4: Soma de Receita do produto | D4: Soma de TKM | E4: Posição | G4: Rótulos de Linha | H4: Soma de Quantidade | I4: Soma de Receita do produto | J4: Soma de TKM | K4: Posição
A5: GIG-FOR | B5: 134 | C5: 120181.54 | D5: 896.87716 | E5: 1 | G5: GIG-JPA | H5: 116 | I5: 82331.6 | J5: 709.75517 | K5: 1
A6: FOR-GIG | B6: 135 | C6: 99292.95 | D6: 735.50333 | E6: 2 | G6: SSA-CGH | H6: 115 | I6: 76013.68 | J6: 660.98852 | K6: 2
A7: BSB-FOR | B7: 97 | C7: 80289.96 | D7: 827.73155 | E7: 3 | G7: CGH-SSA | H7: 109 | I7: 75531.57 | J7: 692.95018 | K7: 3
A8: CGH-SDU | B8: 271 | C8: 76767.49 | D8: 283.27487 | E8: 4 | G8: GRU-SSA | H8: 132 | I8: 72718.98 | J8: 550.90136 | K8: 4
A9: SDU-CGH | B9: 271 | C9: 76674.13 | D9: 282.93037 | E9: 5 | G9: JPA-GIG | H9: 105 | I9: 66425.98 | J9: 632.62838 | K9: 5
A10: GRU-SSA | B10: 110 | C10: 70994.546 | D10: 645.40496 | E10: 6 | G10: GIG-FOR | H10: 78 | I10: 63716.35 | J10: 816.87628 | K10: 6
A11: FOR-BSB | B11: 92 | C11: 69008.43 | D11: 750.09163 | E11: 7 | G11: CGH-SDU | H11: 189 | I11: 62308.49 | J11: 329.67455 | K11: 7
A12: CGH-SSA | B12: 74 | C12: 66116.42 | D12: 893.46514 | E12: 8 | G12: FOR-GRU | H12: 50 | I12: 61970.57 | J12: 1239.4114 | K12: 8
A13: GRU-FOR | B13: 73 | C13: 66042.12 | D13: 904.68658 | E13: 9 | G13: SSA-GRU | H13: 113 | I13: 59594.99 | J13: 527.38929 | K13: 9
A14: SSA-GRU | B14: 105 | C14: 64748.92 | D14: 616.65638 | E14: 10 | G14: CGH-FOR | H14: 73 | I14: 55921.67 | J14: 766.05027 | K14: 10
A15: FOR-GRU | B15: 67 | C15: 62936.4 | D15: 939.34925 | E15: 11 | G15: FOR-GIG | H15: 71 | I15: 52619.89 | J15: 741.12521 | K15: 11
A16: GIG-JPA | B16: 75 | C16: 59518.82 | D16: 793.58427 | E16: 12 | G16: SDU-CGH | H16: 177 | I16: 52332.11 | J16: 295.66164 | K16: 12
... A1087: MCZ-DOU | B1087: 1 | C1087: 0 | D1087: 0 | E1087: 1083 | G1087: UDI-PNZ | H1087: 1 | I1087: 0 | J1087: 0 | K1087: 1083
A1088: PPB-BEL | B1088: 1 | C1088: 0 | D1088: 0 | E1088: 1084 | G1088: MDZ-CWB | H1088: 0 | I1088: 0 | J1088: #DIV/0! | K1088: 1084
A1089: VCP-VDC | B1089: 1 | C1089: 0 | D1089: 0 | E1089: 1085 | G1089: FOR-BRA | H1089: 1 | I1089: 0 | J1089: 0 | K1089: 1085
A1090: DOU-CNF | B1090: 1 | C1090: 0 | D1090: 0 | E1090: 1086 | G1090: BRA-BEL | H1090: 2 | I1090: 0 | J1090: 0 | K1090: 1086
A1091: VDC-BEL | B1091: 3 | C1091: 0 | D1091: 0 | E1091: 1087 | G1091: IOS-SSA | H1091: 13 | I1091: 0 | J1091: 0 | K1091: 1087
A1092: BVB-SSA | B1092: 1 | C1092: 0 | D1092: 0 | E1092: 1088 | G1092: PVH-FLN | H1092: 1 | I1092: 0 | J1092: 0 | K1092: 1088
A1093: VDC-GIG | B1093: 2 | C1093: 0 | D1093: 0 | E1093: 1089 | G1093: REC-BRA | H1093: 2 | I1093: 0 | J1093: 0 | K1093: 1089
A1094: CGR-IOS | B1094: 1 | C1094: 0 | D1094: 0 | E1094: 1090 | G1094: MAB-CFB | H1094: 1 | I1094: 0 | J1094: 0 | K1094: 1090
A1095: BEL-VDC | B1095: 2 | C1095: 0 | D1095: 0 | E1095: 1091 | G1095: MDE-POA | H1095: 1 | I1095: 0 | J1095: 0 | K1095: 1091
A1096: BRA-FOR | B1096: 1 | C1096: 0 | D1096: 0 | E1096: 1092 | G1096: VDC-GYN | H1096: 1 | I1096: 0 | J1096: 0 | K1096: 1092
A1097: DOU-MCZ | B1097: 1 | C1097: 0 | D1097: 0 | E1097: 1093 | G1097: CWB-MDZ | H1097: 0 | I1097: 0 | J1097: #DIV/0! | K1097: 1093
A1098: GYN-PNZ | B1098: 1 | C1098: 0 | D1098: 0 | E1098: 1094 | G1098: BPS-SLZ | H1098: 4 | I1098: 0 | J1098: 0 | K1098: 1094
A1099: MCZ-SSA | B1099: 3 | C1099: 0 | D1099: 0 | E1099: 1095 | G1099: BIO-NVT | H1099: 1 | I1099: 0 | J1099: 0 | K1099: 1095
A1100: BRA-MCZ | B1100: 3 | C1100: 0 | D1100: 0 | E1100: 1096 | G1100: BRA-XAP | H1100: 1 | I1100: 0 | J1100: 0 | K1100: 1096
A1101: UDI-IOS | B1101: 1 | C1101: 0 | D1101: 0 | E1101: 1097 | G1101: CFB-MAB | H1101: 1 | I1101: 0 | J1101: 0 | K1101: 1097
A1102: SLZ-BPS | B1102: 2 | C1102: 0 | D1102: 0 | E1102: 1098 | G1102: PNZ-BEL | H1102: 1 | I1102: 0 | J1102: 0 | K1102: 1098
A1103: GIG-VDC | B1103: 3 | C1103: 0 | D1103: 0 | E1103: 1099 | G1103: IGU-DOU | H1103: 1 | I1103: 0 | J1103: 0 | K1103: 1099
A1104: SJP-NAT | B1104: 1 | C1104: 0 | D1104: 0 | E1104: 1100 | G1104: RAO-MCZ | H1104: 1 | I1104: 0 | J1104: 0 | K1104: 1100
A1105: PNZ-SSA | B1105: 1 | C1105: 0 | D1105: 0 | E1105: 1101 | G1105: MOC-CWB | H1105: 1 | I1105: 0 | J1105: 0 | K1105: 1101
A1106: SLZ-VDC | B1106: 1 | C1106: 0 | D1106: 0 | E1106: 1102 | G1106: THE-BPS | H1106: 1 | I1106: 0 | J1106: 0 | K1106: 1102
A1107: ARU-FOR | B1107: 5 | C1107: 0 | D1107: 0 | E1107: 1103 | G1107: MDE-VIX | H1107: 1 | I1107: 0 | J1107: 0 | K1107: 1103
A1108: VDC-SLZ | B1108: 1 | C1108: 0 | D1108: 0 | E1108: 1104 | G1108: XAP-BRA | H1108: 1 | I1108: 0 | J1108: 0 | K1108: 1104
A1109: NAT-RAO | B1109: 1 | C1109: 0 | D1109: 0 | E1109: 1105 | G1109: CNF-PNZ | H1109: 1 | I1109: 0 | J1109: 0 | K1109: 1105
... A1137: FOR-MCZ | B1137: 1 | C1137: 0 | D1137: 0 | E1137: 1133 | G1137: SJP-REC | H1137: 3 | I1137: 0 | J1137: 0 | K1137: 1133
A1138: VCP-BRA | B1138: 1 | C1138: 0 | D1138: 0 | E1138: 1134 | G1138: CGH-MCO | H1138: 0 | I1138: 0 | J1138: #DIV/0! | K1138: 1134
A1139: GIG-DOU | B1139: 1 | C1139: 0 | D1139: 0 | E1139: 1135 | G1139: CWB-VDC | H1139: 4 | I1139: 0 | J1139: 0 | K1139: 1135
A1140: RBR-VDC | B1140: 1 | C1140: 0 | D1140: 0 | E1140: 1136 | G1140: JPA-MAO | H1140: 1 | I1140: 0 | J1140: 0 | K1140: 1136
A1141: IOS-DOU | B1141: 1 | C1141: 0 | D1141: 0 | E1141: 1137 | G1141: FOR-MGF | H1141: 1 | I1141: 0 | J1141: 0 | K1141: 1137
A1142: BEL-PPB | B1142: 1 | C1142: 0 | D1142: 0 | E1142: 1138 | G1142: BSB-AUX | H1142: 5 | I1142: 0 | J1142: 0 | K1142: 1138
A1143: VCP-GYN | B1143: 1 | C1143: 0 | D1143: 0 | E1143: 1139 | G1143: BRA-CGH | H1143: 1 | I1143: 0 | J1143: 0 | K1143: 1139
A1144: CNF-DOU | B1144: 1 | C1144: 0 | D1144: 0 | E1144: 1140 | G1144: CGH-BRA | H1144: 1 | I1144: 0 | J1144: 0 | K1144: 1140
A1145: NAT-IOS | B1145: 1 | C1145: 0 | D1145: 0 | E1145: 1141 | G1145: CDG-GRU | H1145: 1 | I1145: 0 | J1145: 0 | K1145: 1141
A1146: BRA-CAC | B1146: 1 | C1146: 0 | D1146: 0 | E1146: 1142 | G1146: CGH-FEN | H1146: 1 | I1146: 0 | J1146: 0 | K1146: 1142
A1147: BPS-BRA | B1147: 1 | C1147: 0 | D1147: 0 | E1147: 1143 | G1147: POA-JDO | H1147: 1 | I1147: 0 | J1147: 0 | K1147: 1143
A1148: RAO-SDU | B1148: 4 | C1148: 0 | D1148: 0 | E1148: 1144 | G1148: LDB-MAO | H1148: 1 | I1148: 0 | J1148: 0 | K1148: 1144
A1149: ARU-BEL | B1149: 2 | C1149: 0 | D1149: 0 | E1149: 1145 | G1149: AUX-GRU | H1149: 2 | I1149: 0 | J1149: 0 | K1149: 1145
A1150: FOR-BPS | B1150: 4 | C1150: 0 | D1150: 0 | E1150: 1146 | G1150: AJU-VCP | H1150: 1 | I1150: 0 | J1150: 0 | K1150: 1146
... A1166: VIX-BPS | B1166: 1 | C1166: 0 | D1166: 0 | E1166: 1162 | G1166: MGF-FOR | H1166: 1 | I1166: 0 | J1166: 0 | K1166: 1162
A1167: CGR-VDC | B1167: 1 | C1167: 0 | D1167: 0 | E1167: 1163 | G1167: CNF-SCL | H1167: 0 | I1167: 0 | J1167: #DIV/0! | K1167: 1163
A1168: RAO-CGH | B1168: 4 | C1168: 0 | D1168: 0 | E1168: 1164 | G1168: BEL-SJP | H1168: 1 | I1168: 0 | J1168: 0 | K1168: 1164
A1169: RBR-GYN | B1169: 1 | C1169: 0 | D1169: 0 | E1169: 1165 | G1169: BVB-CWB | H1169: 1 | I1169: 0 | J1169: 0 | K1169: 1165
A1170: GYN-RBR | B1170: 1 | C1170: 0 | D1170: 0 | E1170: 1166 | G1170: OPS-MCZ | H1170: 1 | I1170: 0 | J1170: 0 | K1170: 1166
A1171: RBR-MCZ | B1171: 2 | C1171: 0 | D1171: 0 | E1171: 1167 | G1171: BRA-SSA | H1171: 3 | I1171: 0 | J1171: 0 | K1171: 1167
A1172: MCZ-PVH | B1172: 1 | C1172: 0 | D1172: 0 | E1172: 1168 | G1172: FOR-CGR | H1172: 1 | I1172: 0 | J1172: 0 | K1172: 1168
A1173: SJP-FOR | B1173: 2 | C1173: 0 | D1173: 0 | E1173: 1169 | G1173: CWB-PVH | H1173: 1 | I1173: 0 | J1173: 0 | K1173: 1169
A1174: REC-ARU | B1174: 1 | C1174: 0 | D1174: 0 | E1174: 1170 | G1174: MAO-MCZ | H1174: 2 | I1174: 0 | J1174: 0 | K1174: 1170
A1175: BPS-UDI | B1175: 2 | C1175: 0 | D1175: 0 | E1175: 1171 | G1175: GIG-ARU | H1175: 1 | I1175: 0 | J1175: 0 | K1175: 1171
A1176: MCZ-OPS | B1176: 1 | C1176: 0 | D1176: 0 | E1176: 1172 | G1176: FLN-EZE | H1176: 0 | I1176: 0 | J1176: #DIV/0! | K1176: 1172
A1177: REC-UDI | B1177: 2 | C1177: 0 | D1177: 0 | E1177: 1173 | G1177: MAB-RAO | H1177: 1 | I1177: 0 | J1177: 0 | K1177: 1173
A1178: UDI-BPS | B1178: 1 | C1178: 0 | D1178: 0 | E1178: 1174 | G1178: GYN-LDB | H1178: 1 | I1178: 0 | J1178: 0 | K1178: 1174
A1179: AJU-UDI | B1179: 1 | C1179: 0 | D1179: 0 | E1179: 1175 | G1179: IGU-VDC | H1179: 2 | I1179: 0 | J1179: 0 | K1179: 1175
A1180: SLZ-UDI | B1180: 1 | C1180: 0 | D1180: 0 | E1180: 1176 | G1180: IOS-SDU | H1180: 1 | I1180: 0 | J1180: 0 | K1180: 1176
A1181: BEL-SJP | B1181: 3 | C1181: 0 | D1181: 0 | E1181: 1177 | G1181: MCO-CGH | H1181: 0 | I1181: 0 | J1181: #DIV/0! | K1181: 1177
A1182: CFB-POA | B1182: 1 | C1182: 0 | D1182: 0 | E1182: 1178 | G1182: FOR-MCP | H1182: 1 | I1182: 0 | J1182: 0 | K1182: 1178
A1183: CGH-RAO | B1183: 2 | C1183: 0 | D1183: 0 | E1183: 1179 | G1183: GRU-EZE | H1183: 0 | I1183: 0 | J1183: #DIV/0! | K1183: 1179
A1184: NAT-UDI | B1184: 4 | C1184: 0 | D1184: 0 | E1184: 1180 | G1184: GYN-VDC | H1184: 1 | I1184: 0 | J1184: 0 | K1184: 1180
A1185: SJP-BEL | B1185: 4 | C1185: 0 | D1185: 0 | E1185: 1181 | G1185: EZE-POA | H1185: 0 | I1185: 0 | J1185: #DIV/0! | K1185: 1181
A1186: IOS-GIG | B1186: 3 | C1186: 0 | D1186: 0 | E1186: 1182 | G1186: IOS-POA | H1186: 3 | I1186: 0 | J1186: 0 | K1186: 1182
A1187: PMW-IOS | B1187: 1 | C1187: 0 | D1187: 0 | E1187: 1183 | G1187: MCZ-IGU | H1187: 3 | I1187: 0 | J1187: 0 | K1187: 1183
A1188: VDC-BVB | B1188: 1 | C1188: 0 | D1188: 0 | E1188: 1184 | G1188: LDB-GYN | H1188: 1 | I1188: 0 | J1188: 0 | K1188: 1184
A1189: SSA-DOU | B1189: 1 | C1189: 0 | D1189: 0 | E1189: 1185 | G1189: EZE-GRU | H1189: 0 | I1189: 0 | J1189: #DIV/0! | K1189: 1185
A1190: SJP-MCZ | B1190: 5 | C1190: 0 | D1190: 0 | E1190: 1186 | G1190: GIG-AUX | H1190: 1 | I1190: 0 | J1190: 0 | K1190: 1186
A1191: BPS-NVT | B1191: 1 | C1191: 0 | D1191: 0 | E1191: 1187 | G1191: GRU-CDG | H1191: 1 | I1191: 0 | J1191: 0 | K1191: 1187
A1192: AJU-GYN | B1192: 2 | C1192: 0 | D1192: 0 | E1192: 1188 | G1192: EZE-FOR | H1192: 0 | I1192: 0 | J1192: #DIV/0! | K1192: 1188
A1193: BRA-GRU | B1193: 1 | C1193: 0 | D1193: 0 | E1193: 1189 | G1193: IGU-AJU | H1193: 1 | I1193: 0 | J1193: 0 | K1193: 1189
A1194: UDI-NAT | B1194: 4 | C1194: 0 | D1194: 0 | E1194: 1190 | G1194: GIG-IOS | H1194: 4 | I1194: 0 | J1194: 0 | K1194: 1190
A1195: VCP-AJU | B1195: 3 | C1195: 0 | D1195: 0 | E1195: 1191 | G1195: MAO-CWB | H1195: 1 | I1195: 0 | J1195: 0 | K1195: 1191
A1196: BVB-CGB | B1196: 1 | C1196: 0 | D1196: 0 | E1196: 1192 | G1196: MCZ-OPS | H1196: 1 | I1196: 0 | J1196: 0 | K1196: 1192
A1197: BVB-VIX | B1197: 1 | C1197: 0 | D1197: 0 | E1197: 1193 | G1197: MAO-VIX | H1197: 1 | I1197: 0 | J1197: 0 | K1197: 1193
A1198: CGH-VDC | B1198: 3 | C1198: 0 | D1198: 0 | E1198: 1194 | G1198: MCZ-MAO | H1198: 3 | I1198: 0 | J1198: 0 | K1198: 1194
A1199: CNF-BVB | B1199: 1 | C1199: 0 | D1199: 0 | E1199: 1195 | G1199: GIG-CPV | H1199: 1 | I1199: 0 | J1199: 0 | K1199: 1195
A1200: MCZ-SJP | B1200: 4 | C1200: 0 | D1200: 0 | E1200: 1196 | G1200: MCZ-SDU | H1200: 5 | I1200: 0 | J1200: 0 | K1200: 1196
A1201: VDC-MAB | B1201: 2 | C1201: 0 | D1201: 0 | E1201: 1197 | G1201: CWB-MAO | H1201: 1 | I1201: 0 | J1201: 0 | K1201: 1197
A1202: CGB-UDI | B1202: 1 | C1202: 0 | D1202: 0 | E1202: 1198 | G1202: IOS-GYN | H1202: 4 | I1202: 0 | J1202: 0 | K1202: 1198
A1203: CXJ-SDU | B1203: 1 | C1203: 0 | D1203: 0 | E1203: 1199 | G1203: GRU-ARU | H1203: 2 | I1203: 0 | J1203: 0 | K1203: 1199
A1204: CNF-VDC | B1204: 1 | C1204: 0 | D1204: 0 | E1204: 1200 | G1204: GIG-UDI | H1204: 1 | I1204: 0 | J1204: 0 | K1204: 1200
... A1206: VIX-PNZ | B1206: 1 | C1206: 0 | D1206: 0 | E1206: 1202 | G1206: MCP-FOR | H1206: 1 | I1206: 0 | J1206: 0 | K1206: 1202
A1207: FLN-MCZ | B1207: 2 | C1207: 0 | D1207: 0 | E1207: 1203 | G1207: EZE-FLN | H1207: 0 | I1207: 0 | J1207: #DIV/0! | K1207: 1203
A1208: IOS-CGB | B1208: 1 | C1208: 0 | D1208: 0 | E1208: 1204 | G1208: EZE-PNZ | H1208: 0 | I1208: 0 | J1208: #DIV/0! | K1208: 1204
A1209: MCZ-RAO | B1209: 1 | C1209: 0 | D1209: 0 | E1209: 1205 | G1209: MCP-POA | H1209: 1 | I1209: 0 | J1209: 0 | K1209: 1205
A1210: REC-DOU | B1210: 1 | C1210: 0 | D1210: 0 | E1210: 1206 | G1210: FOR-EZE | H1210: 0 | I1210: 0 | J1210: #DIV/0! | K1210: 1206
A1211: FOR-SJP | B1211: 4 | C1211: 0 | D1211: 0 | E1211: 1207 | G1211: MAO-NAT | H1211: 1 | I1211: 0 | J1211: 0 | K1211: 1207
A1212: PNZ-GIG | B1212: 1 | C1212: 0 | D1212: 0 | E1212: 1208 | G1212: REC-SJP | H1212: 2 | I1212: 0 | J1212: 0 | K1212: 1208
A1213: BSB-AUX | B1213: 5 | C1213: 0 | D1213: 0 | E1213: 1209 | G1213: SDU-IOS | H1213: 9 | I1213: 0 | J1213: 0 | K1213: 1209
A1214: MCZ-MGF | B1214: 1 | C1214: 0 | D1214: 0 | E1214: 1210 | G1214: SJP-BSB | H1214: 7 | I1214: 0 | J1214: 0 | K1214: 1210
...

Sheet Dina INTER
A1: Tipo de Voo | B1: Destinos Internacionais GOL - Site Brasil | G1: Tipo de Voo | H1: Destinos Internacionais GOL - Site Brasil
A2: Período | B2: Anterior | G2: Período | H2: Atual
A4: Rótulos de Linha | B4: Soma de Quantidade | C4: Soma de Receita do produto | D4: Soma de TKM | E4: Posição | G4: Rótulos de Linha | H4: Soma de Quantidade | I4: Soma de Receita do produto | J4: Soma de TKM | K4: Posição
A5: FOR-VCP | B5: 1 | C5: 4099.6 | D5: 4099.6 | E5: 1 | G5: SCL-GRU | H5: 4 | I5: 5453.5 | J5: 1363.375 | K5: 1
A6: MVD-CNF | B6: 2 | C6: 3357.08 | D6: 1678.54 | E6: 2 | G6: GRU-SCL | H6: 3 | I6: 4866.22 | J6: 1622.0733 | K6: 2
A7: GYN-MCZ | B7: 2 | C7: 1861.6 | D7: 930.8 | E7: 3 | G7: BSB-MCZ | H7: 3 | I7: 3764.92 | J7: 1254.9733 | K7: 3
A8: REC-SCL | B8: 2 | C8: 1431.69 | D8: 715.845 | E8: 4 | G8: MCO-CGH | H8: 1 | I8: 3530.58 | J8: 3530.58 | K8: 4
A9: SCL-REC | B9: 2 | C9: 1431.69 | D9: 715.845 | E9: 5 | G9: CGH-MCO | H9: 1 | I9: 3530.58 | J9: 3530.58 | K9: 5
A10: BSB-POA | B10: 1 | C10: 1131.9 | D10: 1131.9 | E10: 6 | G10: SCL-CNF | H10: 1 | I10: 2558.16 | J10: 2558.16 | K10: 6
A11: VVI-GRU | B11: 1 | C11: 995.63 | D11: 995.63 | E11: 7 | G11: CNF-SCL | H11: 1 | I11: 2558.16 | J11: 2558.16 | K11: 7
A12: CNF-EZE | B12: 1 | C12: 965.44 | D12: 965.44 | E12: 8 | G12: MCZ-BSB | H12: 3 | I12: 2223.9 | J12: 741.3 | K12: 8
A13: POA-BSB | B13: 1 | C13: 913.9 | D13: 913.9 | E13: 9 | G13: REC-SCL | H13: 1 | I13: 1578.56 | J13: 1578.56 | K13: 9
A14: FOR-GRU | B14: 1 | C14: 891.8 | D14: 891.8 | E14: 10 | G14: SCL-REC | H14: 1 | I14: 1471.9 | J14: 1471.9 | K14: 10
A15: GRU-FOR | B15: 1 | C15: 891.8 | D15: 891.8 | E15: 11 | G15: JPA-BVB | H15: 1 | I15: 1367.9 | J15: 1367.9 | K15: 11
A16: FOR-SSA | B16: 2 | C16: 753.8 | D16: 376.9 | E16: 12 | G16: PNZ-EZE | H16: 2 | I16: 1241.26 | J16: 620.63 | K16: 12
... A26: SDU-CNF | B26: 1 | C26: 416.14 | D26: 416.14 | E26: 22 | G26: GRU-IOS | H26: 1 | I26: 605.8 | J26: 605.8 | K26: 22
A27: LDB-OPS | B27: 0 | C27: 0 | D27: #DIV/0! | E27: 23 | G27: IOS-GRU | H27: 1 | I27: 605.8 | J27: 605.8 | K27: 23
A28: PVH-JPA | B28: 0 | C28: 0 | D28: #DIV/0! | E28: 24 | G28: POA-VIX | H28: 1 | I28: 263.9 | J28: 263.9 | K28: 24
A29: BEL-CZS | B29: 0 | C29: 0 | D29: #DIV/0! | E29: 25 | G29: POA-GIG | H29: 1 | I29: 215 | J29: 215 | K29: 25
A30: XAP-SSA | B30: 0 | C30: 0 | D30: #DIV/0! | E30: 26 | G30: MCZ-GIG | H30: 1 | I30: 199 | J30: 199 | K30: 26
A31: VCP-SDU | B31: 0 | C31: 0 | D31: #DIV/0! | E31: 27 | G31: GIG-MCZ | H31: 1 | I31: 199 | J31: 199 | K31: 27
A32: MAO-CGH | B32: 0 | C32: 0 | D32: #DIV/0! | E32: 28 | G32: BSB-VCP | H32: 1 | I32: 73.9 | J32: 73.9 | K32: 28
A33: IOS-PVH | B33: 0 | C33: 0 | D33: #DIV/0! | E33: 29 | G33: CWB-POA | H33: 1 | I33: 64.14 | J33: 64.14 | K33: 29
A34: CAC-FOR | B34: 0 | C34: 0 | D34: #DIV/0! | E34: 30 | G34: POA-CWB | H34: 1 | I34: 64.14 | J34: 64.14 | K34: 30
A35: POA-NVT | B35: 0 | C35: 0 | D35: #DIV/0! | E35: 31 | G35: VIX-STM | H35: 0 | I35: 0 | J35: #DIV/0! | K35: 31
A36: FEN-IGU | B36: 0 | C36: 0 | D36: #DIV/0! | E36: 32 | G36: NAT-RBR | H36: 0 | I36: 0 | J36: #DIV/0! | K36: 32
A37: NVT-VDC | B37: 0 | C37: 0 | D37: #DIV/0! | E37: 33 | G37: DOU-CWB | H37: 0 | I37: 0 | J37: #DIV/0! | K37: 33
A38: IGU-FEN | B38: 0 | C38: 0 | D38: #DIV/0! | E38: 34 | G38: CAC-MCZ | H38: 0 | I38: 0 | J38: #DIV/0! | K38: 34
A39: POA-SMT | B39: 0 | C39: 0 | D39: #DIV/0! | E39: 35 | G39: PFB-IGU | H39: 0 | I39: 0 | J39: #DIV/0! | K39: 35
A40: BSB-CZS | B40: 0 | C40: 0 | D40: #DIV/0! | E40: 36 | G40: FOR-CAC | H40: 0 | I40: 0 | J40: #DIV/0! | K40: 36
A41: BPS-PVH | B41: 0 | C41: 0 | D41: #DIV/0! | E41: 37 | G41: BRA-BEL | H41: 0 | I41: 0 | J41: #DIV/0! | K41: 37
A42: CAC-MCZ | B42: 0 | C42: 0 | D42: #DIV/0! | E42: 38 | G42: FOR-CGB | H42: 0 | I42: 0 | J42: #DIV/0! | K42: 38
A43: CWB-CFB | B43: 0 | C43: 0 | D43: #DIV/0! | E43: 39 | G43: CNF-PNZ | H43: 0 | I43: 0 | J43: #DIV/0! | K43: 39
A44: FOR-CAC | B44: 0 | C44: 0 | D44: #DIV/0! | E44: 40 | G44: GIG-XAP | H44: 0 | I44: 0 | J44: #DIV/0! | K44: 40
A45: MCZ-MAB | B45: 0 | C45: 0 | D45: #DIV/0! | E45: 41 | G45: IOS-CGR | H45: 0 | I45: 0 | J45: #DIV/0! | K45: 41
A46: FOR-CGB | B46: 0 | C46: 0 | D46: #DIV/0! | E46: 42 | G46: MAB-BPS | H46: 0 | I46: 0 | J46: #DIV/0! | K46: 42
... A676: CGH-MCZ | B676: 0 | C676: 0 | D676: #DIV/0! | E676: 672 | G676: CWB-PMW | H676: 0 | I676: 0 | J676: #DIV/0! | K676: 672
A677: CGH-BSB | B677: 1 | C677: 0 | D677: 0 | E677: 673 | G677: SDU-CNF | H677: 0 | I677: 0 | J677: #DIV/0! | K677: 673
A678: CGR-BPS | B678: 0 | C678: 0 | D678: #DIV/0! | E678: 674 | G678: GRU-PPB | H678: 0 | I678: 0 | J678: #DIV/0! | K678: 674
A679: CGH-BPS | B679: 0 | C679: 0 | D679: #DIV/0! | E679: 675 | G679: SDU-CWB | H679: 0 | I679: 0 | J679: #DIV/0! | K679: 675
A680: CGR-NAT | B680: 0 | C680: 0 | D680: #DIV/0! | E680: 676 | G680: GYN-VIX | H680: 0 | I680: 0 | J680: #DIV/0! | K680: 676
A681: CGH-AJU | B681: 0 | C681: 0 | D681: #DIV/0! | E681: 677 | G681: SDU-FLN | H681: 0 | I681: 0 | J681: #DIV/0! | K681: 677
A682: IOS-SDU | B682: 0 | C682: 0 | D682: #DIV/0! | E682: 678 | G682: PVH-BSB | H682: 0 | I682: 0 | J682: #DIV/0! | K682: 678
A683: CGB-POA | B683: 0 | C683: 0 | D683: #DIV/0! | E683: 679 | G683: SDU-GRU | H683: 0 | I683: 0 | J683: #DIV/0! | K683: 679
A684: XAP-CGB | B684: 0 | C684: 0 | D684: #DIV/0! | E684: 680 | G684: CGB-FOR | H684: 0 | I684: 0 | J684: #DIV/0! | K684: 680
A685: CGB-GRU | B685: 0 | C685: 0 | D685: #DIV/0! | E685: 681 | G685: SDU-GYN | H685: 0 | I685: 0 | J685: #DIV/0! | K685: 681
A686: GIG-IOS | B686: 0 | C686: 0 | D686: #DIV/0! | E686: 682 | G686: JOI-CNF | H686: 0 | I686: 0 | J686: #DIV/0! | K686: 682
A687: CGB-CWB | B687: 0 | C687: 0 | D687: #DIV/0! | E687: 683 | G687: SDU-IOS | H687: 0 | I687: 0 | J687: #DIV/0! | K687: 683
A688: VIX-BSB | B688: 0 | C688: 0 | D688: #DIV/0! | E688: 684 | G688: PPB-POA | H688: 0 | I688: 0 | J688: #DIV/0! | K688: 684
A689: CGB-BSB | B689: 0 | C689: 0 | D689: #DIV/0! | E689: 685 | G689: SDU-NVT | H689: 0 | I689: 0 | J689: #DIV/0! | K689: 685
... A742: NVT-AJU | B742: 0 | C742: 0 | D742: #DIV/0! | E742: 738 | G742: GIG-PVH | H742: 0 | I742: 0 | J742: #DIV/0! | K742: 738
A743: BSB-CGH | B743: 1 | C743: 0 | D743: 0 | E743: 739 | G743: STM-GRU | H743: 0 | I743: 0 | J743: #DIV/0! | K743: 739
A744: REC-CGR | B744: 0 | C744: 0 | D744: #DIV/0! | E744: 740 | G744: POA-BRA | H744: 0 | I744: 0 | J744: #DIV/0! | K744: 740
A745: REC-LDB | B745: 0 | C745: 0 | D745: #DIV/0! | E745: 741 | G745: STM-MAO | H745: 0 | I745: 0 | J745: #DIV/0! | K745: 741
A746: SSA-VCP | B746: 0 | C746: 0 | D746: #DIV/0! | E746: 742 | G746: BEL-SSA | H746: 0 | I746: 0 | J746: #DIV/0! | K746: 742
A747: THE-SDU | B747: 0 | C747: 0 | D747: #DIV/0! | E747: 743 | G747: THE-BSB | H747: 0 | I747: 0 | J747: #DIV/0! | K747: 743
A748: BSB-BEL | B748: 0 | C748: 0 | D748: #DIV/0! | E748: 744 | G748: BVB-POA | H748: 0 | I748: 0 | J748: #DIV/0! | K748: 744
A749: VIX-VCP | B749: 0 | C749: 0 | D749: #DIV/0! | E749: 745 | G749: THE-GRU | H749: 0 | I749: 0 | J749: #DIV/0! | K749: 745
A750: BSB-AJU | B750: 0 | C750: 0 | D750: #DIV/0! | E750: 746 | G750: CGH-BEL | H750: 0 | I750: 0 | J750: #DIV/0! | K750: 746
A751: FLN-FOR | B751: 0 | C751: 0 | D751: #DIV/0! | E751: 747 | G751: UDI-FLN | H751: 0 | I751: 0 | J751: #DIV/0! | K751: 747
A752: BPS-POA | B752: 0 | C752: 0 | D752: #DIV/0! | E752: 748 | G752: CWB-REC | H752: 0 | I752: 0 | J752: #DIV/0! | K752: 748
A753: BSB-MCP | B753: 0 | C753: 0 | D753: #DIV/0! | E753: 749 | G753: UDI-SDU | H753: 0 | I753: 0 | J753: #DIV/0! | K753: 749
A754: BPS-GRU | B754: 0 | C754: 0 | D754: #DIV/0! | E754: 750 | G754: FOR-JOI | H754: 0 | I754: 0 | J754: #DIV/0! | K754: 750
A755: GRU-IOS | B755: 0 | C755: 0 | D755: #DIV/0! | E755: 751 | G755: VCP-BSB | H755: 0 | I755: 0 | J755: #DIV/0! | K755: 751
... A815: ARU-GRU | B815: 0 | C815: 0 | D815: #DIV/0! | E815: 811 | G815: NVT-BSB | H815: 0 | I815: 0 | J815: #DIV/0! | K815: 811
A816: BSB-BPS | B816: 1 | C816: 0 | D816: 0 | E816: 812 | G816: POA-PPB | H816: 0 | I816: 0 | J816: #DIV/0! | K816: 812
A817: BEL-CNF | B817: 0 | C817: 0 | D817: #DIV/0! | E817: 813 | G817: NVT-CNF | H817: 0 | I817: 0 | J817: #DIV/0! | K817: 813
A818: BSB-NVT | B818: 0 | C818: 0 | D818: #DIV/0! | E818: 814 | G818: PVH-SDU | H818: 0 | I818: 0 | J818: #DIV/0! | K818: 814
A819: BSB-SJP | B819: 0 | C819: 0 | D819: #DIV/0! | E819: 815 | G819: PMW-CNF | H819: 0 | I819: 0 | J819: #DIV/0! | K819: 815
A820: BSB-XAP | B820: 0 | C820: 0 | D820: #DIV/0! | E820: 816 | G820: REC-CGR | H820: 0 | I820: 0 | J820: #DIV/0! | K820: 816
A821: CGR-MOC | B821: 0 | C821: 0 | D821: #DIV/0! | E821: 817 | G821: SSA-FLN | H821: 0 | I821: 0 | J821: #DIV/0! | K821: 817
A822: CFB-GRU | B822: 0 | C822: 0 | D822: #DIV/0! | E822: 818 | G822: REC-LDB | H822: 0 | I822: 0 | J822: #DIV/0! | K822: 818
A823: CNF-AUX | B823: 0 | C823: 0 | D823: #DIV/0! | E823: 819 | G823: THE-POA | H823: 0 | I823: 0 | J823: #DIV/0! | K823: 819
A824: CGB-SDU | B824: 0 | C824: 0 | D824: #DIV/0! | E824: 820 | G824: SLZ-MCP | H824: 0 | I824: 0 | J824: #DIV/0! | K824: 820
A825: GRU-ARU | B825: 0 | C825: 0 | D825: #DIV/0! | E825: 821 | G825: VCP-NAT | H825: 0 | I825: 0 | J825: #DIV/0! | K825: 821
A826: CNF-NVT | B826: 0 | C826: 0 | D826: #DIV/0! | E826: 822 | G826: STM-BSB | H826: 0 | I826: 0 | J826: #DIV/0! | K826: 822
A827: GYN-REC | B827: 0 | C827: 0 | D827: #DIV/0! | E827: 823 | G827: AJU-BSB | H827: 0 | I827: 0 | J827: #DIV/0! | K827: 823
A828: CWB-CGR | B828: 0 | C828: 0 | D828: #DIV/0! | E828: 824 | G828: VCP-FOR | H828: 0 | I828: 0 | J828: #DIV/0! | K828: 824
... A974: VCP-BSB | B974: 0 | C974: 0 | D974: #DIV/0! | E974: 970 | G974: BSB-CNF | H974: 0 | I974: 0 | J974: #DIV/0! | K974: 970
A975: JPA-GRU | B975: 1 | C975: 0 | D975: 0 | E975: 971 | G975: JJD-GRU | H975: 0 | I975: 0 | J975: #DIV/0! | K975: 971
A976: UDI-SDU | B976: 0 | C976: 0 | D976: #DIV/0! | E976: 972 | G976: BSB-CWB | H976: 0 | I976: 0 | J976: #DIV/0! | K976: 972
A977: GRU-SSA | B977: 0 | C977: 0 | D977: #DIV/0! | E977: 973 | G977: MAO-POA | H977: 0 | I977: 0 | J977: #DIV/0! | K977: 973
A978: UDI-POA | B978: 0 | C978: 0 | D978: #DIV/0! | E978: 974 | G978: BSB-FOR | H978: 0 | I978: 0 | J978: #DIV/0! | K978: 974
A979: GIG-NAT | B979: 0 | C979: 0 | D979: #DIV/0! | E979: 975 | G979: MGF-GIG | H979: 0 | I979: 0 | J979: #DIV/0! | K979: 975
A980: UDI-FLN | B980: 0 | C980: 0 | D980: #DIV/0! | E980: 976 | G980: BSB-GIG | H980: 0 | I980: 0 | J980: #DIV/0! | K980: 976
A981: FLN-REC | B981: 0 | C981: 0 | D981: #DIV/0! | E981: 977 | G981: NVT-JPA | H981: 0 | I981: 0 | J981: #DIV/0! | K981: 977
A982: THE-GRU | B982: 0 | C982: 0 | D982: #DIV/0! | E982: 978 | G982: BSB-GRU | H982: 0 | I982: 0 | J982: #DIV/0! | K982: 978
A983: CNF-JPA | B983: 0 | C983: 0 | D983: #DIV/0! | E983: 979 | G983: BEL-RBR | H983: 0 | I983: 0 | J983: #DIV/0! | K983: 979
A984: THE-GIG | B984: 0 | C984: 0 | D984: #DIV/0! | E984: 980 | G984: BSB-IGU | H984: 0 | I984: 0 | J984: #DIV/0! | K984: 980
A985: IOS-POA | B985: 0 | C985: 0 | D985: #DIV/0! | E985: 981 | G985: GIG-MGF | H985: 0 | I985: 0 | J985: #DIV/0! | K985: 981
A986: THE-BSB | B986: 0 | C986: 0 | D986: #DIV/0! | E986: 982 | G986: BSB-JPA | H986: 0 | I986: 0 | J986: #DIV/0! | K986: 982
A987: GYN-GIG | B987: 0 | C987: 0 | D987: #DIV/0! | E987: 983 | G987: GIG-VIX | H987: 0 | I987: 0 | J987: #DIV/0! | K987: 983
... A992: STM-BEL | B992: 0 | C992: 0 | D992: #DIV/0! | E992: 988 | G992: BSB-MAO | H992: 0 | I992: 0 | J992: #DIV/0! | K992: 988
A993: GIG-FOR | B993: 1 | C993: 0 | D993: 0 | E993: 989 | G993: GRU-NVT | H993: 0 | I993: 0 | J993: #DIV/0! | K993: 989
A994: SSA-VIX | B994: 0 | C994: 0 | D994: #DIV/0! | E994: 990 | G994: AJU-GIG | H994: 0 | I994: 0 | J994: #DIV/0! | K994: 990
A995: VIX-SDU | B995: 0 | C995: 0 | D995: #DIV/0! | E995: 991 | G995: GRU-STM | H995: 0 | I995: 0 | J995: #DIV/0! | K995: 991
A996: SSA-SDU | B996: 0 | C996: 0 | D996: #DIV/0! | E996: 992 | G996: BSB-NAT | H996: 0 | I996: 0 | J996: #DIV/0! | K996: 992
A997: FLN-BEL | B997: 0 | C997: 0 | D997: #DIV/0! | E997: 993 | G997: GYN-GRU | H997: 0 | I997: 0 | J997: #DIV/0! | K997: 993
A998: SSA-RBR | B998: 0 | C998: 0 | D998: #DIV/0! | E998: 994 | G998: BSB-PMW | H998: 0 | I998: 0 | J998: #DIV/0! | K998: 994
A999: CWB-CGH | B999: 0 | C999: 0 | D999: #DIV/0! | E999: 995 | G999: IGU-GIG | H999: 0 | I999: 0 | J999: #DIV/0! | K999: 995
...

Sheet Base
A1: Período | B1: Produto | C1: Tipo de Voo | D1: Quantidade | E1: Receita do produto
A2: Anterior | B2: EZE-FLN | C2: Destinos Internacionais GOL - Site Brasil | D2: 2 | E2: 0
A3: Anterior | B3: EZE-FLN | C3: Destinos Nacionais GOL - Site Brasil | D3: 0 | E3: 0
A4: Anterior | B4: FLN-EZE | C4: Destinos Internacionais GOL - Site Brasil | D4: 2 | E4: 0
A5: Anterior | B5: FLN-EZE | C5: Destinos Nacionais GOL - Site Brasil | D5: 0 | E5: 0
A6: Anterior | B6: FOR-SSA | C6: Destinos Internacionais GOL - Site Brasil | D6: 2 | E6: 753.8
A7: Anterior | B7: FOR-SSA | C7: Destinos Nacionais GOL - Site Brasil | D7: 34 | E7: 22580.35
A8: Anterior | B8: GYN-MCZ | C8: Destinos Internacionais GOL - Site Brasil | D8: 2 | E8: 1861.6
A9: Anterior | B9: GYN-MCZ | C9: Destinos Nacionais GOL - Site Brasil | D9: 9 | E9: 12771.85
A10: Anterior | B10: MVD-CNF | C10: Destinos Internacionais GOL - Site Brasil | D10: 2 | E10: 3357.08
A11: Anterior | B11: MVD-CNF | C11: Destinos Nacionais GOL - Site Brasil | D11: 0 | E11: 0
A12: Anterior | B12: REC-SCL | C12: Destinos Internacionais GOL - Site Brasil | D12: 2 | E12: 1431.69
A13: Anterior | B13: REC-SCL | C13: Destinos Nacionais GOL - Site Brasil | D13: 0 | E13: 0
... A5021: Atual | B5021: XAP-VIX | C5021: Destinos Nacionais GOL - Site Brasil | D5021: 1 | E5021: 0
