Workbook
Name mensal: ESTACIONAMENTO!$A$1:$D$50

Sheet ESTACIONAMENTO
A1: 10791093 | B1: JORGE DIAB MALUF FILHO | C1: ENT.DECK 02 DECK MENS | D1: 42647.447
A2: 10791093 | B2: JORGE DIAB MALUF FILHO | C2: SAIDA DECK 01 DECK MEN | D2: 42647.513 | E2: =D2-D1 -> 0.066435185
A4: 10791093 | B4: JORGE DIAB MALUF FILHO | C4: ENT. DECK 01 DECK MENS | D4: 42647.586
A5: 10791093 | B5: JORGE DIAB MALUF FILHO | C5: SAIDA DECK 01 DECK MEN | D5: 42647.756 | E5: =D5-D4 -> 0.16981481 | F5: =E5+E2 -> 0.23625 | G5: 42647
A7: 10791093 | B7: JORGE DIAB MALUF FILHO | C7: ENT.DECK 02 DECK MENS | D7: 42648.658
A8: 10791093 | B8: JORGE DIAB MALUF FILHO | C8: SAIDA DECK 01 DECK MEN | D8: 42648.829 | E8: =D8-D7 -> 0.17032407 | F8: =E8 -> 0.17032407 | G8: 42648
A10: 10791093 | B10: JORGE DIAB MALUF FILHO | C10: ENT. DECK 01 DECK MENS | D10: 42649.66
A11: 10791093 | B11: JORGE DIAB MALUF FILHO | C11: SAIDA DECK 01 DECK MEN | D11: 42649.829 | E11: =D11-D10 -> 0.16927083 | F11: =E11 -> 0.16927083 | G11: 42649
A13: 10791093 | B13: JORGE DIAB MALUF FILHO | C13: ENT.DECK 02 DECK MENS | D13: 42654.376
A14: 10791093 | B14: JORGE DIAB MALUF FILHO | C14: SAIDA DECK 01 DECK MEN | D14: 42654.836 | E14: =D14-D13 -> 0.45975694 | F14: =E14 -> 0.45975694 | G14: 42654
A16: 10791093 | B16: JORGE DIAB MALUF FILHO | C16: ENT. DECK 01 DECK MENS | D16: 42656.642
A17: 10791093 | B17: JORGE DIAB MALUF FILHO | C17: SAIDA DECK 01 DECK MEN | D17: 42656.845 | E17: =D17-D16 -> 0.20387731 | F17: =E17 -> 0.20387731 | G17: 42656
A19: 10791093 | B19: JORGE DIAB MALUF FILHO | C19: ENT.DECK 02 DECK MENS | D19: 42657.48
A20: 10791093 | B20: JORGE DIAB MALUF FILHO | C20: SAIDA DECK 02 DECK MEN | D20: 42657.51 | E20: =D20-D19 -> 0.02943287
A22: 10791093 | B22: JORGE DIAB MALUF FILHO | C22: ENT.DECK 02 DECK MENS | D22: 42657.595
A23: 10791093 | B23: JORGE DIAB MALUF FILHO | C23: SAIDA DECK 01 DECK MEN | D23: 42657.843 | E23: =D23-D22 -> 0.24836806 | F23: =E23+E20 -> 0.27780093 | G23: 42657
A25: 10791093 | B25: JORGE DIAB MALUF FILHO | C25: ENT.DECK 02 DECK MENS | D25: 42661.561
A26: 10791093 | B26: JORGE DIAB MALUF FILHO | C26: SAIDA DECK 01 DECK MEN | D26: 42661.78 | E26: =D26-D25 -> 0.21844907 | F26: =E26 -> 0.21844907 | G26: 42661
A28: 10791093 | B28: JORGE DIAB MALUF FILHO | C28: ENT.DECK 02 DECK MENS | D28: 42662.451
A29: 10791093 | B29: JORGE DIAB MALUF FILHO | C29: SAIDA DECK 02 DECK MEN | D29: 42662.827 | E29: =D29-D28 -> 0.37626157 | F29: =E29 -> 0.37626157 | G29: 42662
A31: 10791093 | B31: JORGE DIAB MALUF FILHO | C31: ENT. DECK 01 DECK MENS | D31: 42663.417
A32: 10791093 | B32: JORGE DIAB MALUF FILHO | C32: SAIDA DECK 01 DECK MEN | D32: 42663.508 | E32: =D32-D31 -> 0.091469907
A34: 10791093 | B34: JORGE DIAB MALUF FILHO | C34: ENT.DECK 02 DECK MENS | D34: 42663.573
A35: 10791093 | B35: JORGE DIAB MALUF FILHO | C35: SAIDA DECK 01 DECK MEN | D35: 42663.907 | E35: =D35-D34 -> 0.3334375 | F35: =E35+E32 -> 0.42490741 | G35: 42663
A37: 10791093 | B37: JORGE DIAB MALUF FILHO | C37: ENT.DECK 02 DECK MENS | D37: 42664.37
A38: 10791093 | B38: JORGE DIAB MALUF FILHO | C38: SAIDA DECK 01 DECK MEN | D38: 42664.512 | E38: =D38-D37 -> 0.14229167
A40: 10791093 | B40: JORGE DIAB MALUF FILHO | C40: ENT.DECK 02 DECK MENS | D40: 42664.582
A41: 10791093 | B41: JORGE DIAB MALUF FILHO | C41: SAIDA DECK 01 DECK MEN | D41: 42664.685 | E41: =D41-D40 -> 0.10287037 | F41: =E41+E38 -> 0.24516204 | G41: 42664
A43: 10791093 | B43: JORGE DIAB MALUF FILHO | C43: ENT.DECK 02 DECK MENS | D43: 42668.436
A44: 10791093 | B44: JORGE DIAB MALUF FILHO | C44: SAIDA DECK 01 DECK MEN | D44: 42668.841 | E44: =D44-D43 -> 0.40510417 | F44: =E44 -> 0.40510417 | G44: 42668
A46: 10791093 | B46: JORGE DIAB MALUF FILHO | C46: ENT. DECK 01 DECK MENS | D46: 42670.448
A47: 10791093 | B47: JORGE DIAB MALUF FILHO | C47: SAIDA DECK 02 DECK MEN | D47: 42670.52 | E47: =D47-D46 -> 0.071458333
A49: 10791093 | B49: JORGE DIAB MALUF FILHO | C49: ENT. DECK 01 DECK MENS | D49: 42670.626
A50: 10791093 | B50: JORGE DIAB MALUF FILHO | C50: SAIDA DECK 01 DECK MEN | D50: 42670.883 | E50: =D50-D49 -> 0.25734954 | F50: =E50+E47 -> 0.32880787 | G50: 42670
D52: 42674 | E52: 0.375 | F52: 0.375 | G52: 42674

Sheet MALUF
B1: MALUF | C1: RODOLFO | F1: MALUF | G1: RODOLFO | H1: LANÇAR
A2: 42647 | B2: 0.23625 | E2: 42647 | F2: 0.23958333 | H2: =F2+G2 -> 0.23958333
A3: 42648 | B3: 0.17032407 | E3: 42648 | F3: 0.20833333 | H3: =F3+G3 -> 0.20833333
A4: 42649 | B4: 0.16927083 | E4: 42649 | F4: 0.16666667 | H4: =F4+G4 -> 0.16666667
A5: 42654 | B5: 0.45975694 | E5: 42654 | F5: 0.45833333 | H5: =F5+G5 -> 0.45833333
A6: 42656 | B6: 0.20387731 | E6: 42656 | F6: 0.20833333 | H6: =F6+G6 -> 0.20833333
A7: 42657 | B7: 0.27780093 | E7: 42657 | F7: 0.27777778 | H7: =F7+G7 -> 0.27777778
A8: 42661 | B8: 0.21844907 | E8: 42661 | F8: 0.21875 | H8: =F8+G8 -> 0.21875
A9: 42662 | B9: 0.37626157 | C9: =RODOLFO!B1+RODOLFO!B2 -> 0.16666667 | E9: 42662 | F9: 0.375 | G9: 0.16666667 | H9: =F9+G9 -> 0.54166667
A10: 42663 | B10: 0.42490741 | C10: =RODOLFO!B3 -> 0.020833333 | E10: 42663 | F10: 0.42708333 | G10: 0.020833333 | H10: =F10+G10 -> 0.44791667
A11: 42664 | B11: 0.24516204 | C11: =RODOLFO!B4 -> 0.072916667 | E11: 42664 | F11: 0.24652778 | G11: 0.072916667 | H11: =F11+G11 -> 0.31944444
A12: 42668 | B12: 0.40510417 | C12: =RODOLFO!B5 -> 0.027777778 | E12: 42668 | F12: 0.40625 | G12: 0.027777778 | H12: =F12+G12 -> 0.43402778
A13: 42669 | B13: 0.20833333 | C13: =RODOLFO!B6 -> 0.12847222 | E13: 42669 | F13: 0.20833333 | G13: 0.12847222 | H13: =F13+G13 -> 0.33680556
A14: 42670 | B14: 0.32880787 | C14: =RODOLFO!B7 -> 0.020833333 | E14: 42670 | F14: 0.32986111 | G14: 0.020833333 | H14: =F14+G14 -> 0.35069444
A15: 42674 | B15: 0.375 | E15: 42674 | F15: 0.375 | H15: =F15+G15 -> 0.375
B16: =SUM(B2:B15) -> 4.0993056 | C16: =SUM(C2:C15) -> 0.4375 | F16: =SUM(F2:F15) -> 4.1458333 | G16: 0.4375 | H16: =SUM(H2:H15) -> 4.5833333

Sheet RODOLFO
A1: 42662 | B1: 0.052083333
A2: 42662 | B2: 0.11458333
A3: 42663 | B3: 0.020833333
A4: 42664 | B4: 0.072916667
A5: 42668 | B5: 0.027777778
A6: 42669 | B6: 0.12847222
A7: 42670 | B7: 0.020833333
B8: =SUM(B1:B7) -> 0.4375
